epoch,train_loss,val_loss,lr,time
1,0.001101,0.021461,9.76e-04,315.23
2,0.000385,0.017701,9.05e-04,323.31
3,0.000290,0.017905,7.96e-04,323.56
4,0.000235,0.018932,6.58e-04,323.36
5,0.000198,0.017883,5.05e-04,323.08
6,0.000169,0.018402,3.52e-04,323.45
7,0.000149,0.018069,2.14e-04,323.19
8,0.000133,0.018037,1.05e-04,322.93
9,0.000123,0.017735,3.42e-05,323.54
10,0.000117,0.018160,1.00e-03,323.41
11,0.000180,0.019574,9.76e-04,324.59
12,0.000156,0.018797,9.05e-04,233.95
