epoch,train_loss,val_loss,lr,time
1,2.579266,9.986413,1.00e-03,61.77
2,1.917647,9.926828,9.76e-04,56.95
3,1.799730,9.861641,9.05e-04,55.88
4,1.746124,9.920741,7.96e-04,56.31
5,1.705625,9.980122,6.58e-04,53.31
6,1.672399,9.913380,5.05e-04,57.35
7,1.649195,9.964327,3.52e-04,55.44
8,1.628669,9.935605,2.14e-04,56.26
9,1.616214,9.908685,1.05e-04,53.17
10,1.608331,9.935895,3.42e-05,52.22
11,1.600696,9.939028,1.00e-03,59.65
12,1.645498,9.875954,9.76e-04,61.25
13,1.633677,9.927477,9.05e-04,57.47
