epoch,train_loss,val_loss,lr,time
1,0.037089,0.036191,1.00e-03,610.96
2,0.033265,0.041550,9.76e-04,704.09
3,0.032990,0.043348,9.05e-04,764.00
