level,signed_bias,steady_plateau_bias,mae,rmse
lv0,-0.025567784051721294,-0.02280374988913536,0.035253220341271825,0.04875829298463133
lv4,-0.05385733939086398,-0.05145431604857246,0.058162814316650234,0.07371901907026768
lv7,-0.09122516152759393,-0.09145751968026161,0.09472839099665482,0.11301821283996105
