epoch,train_loss,val_loss,lr,time
1,0.003164,0.002284,9.76e-04,34.57
2,0.001267,0.002083,9.05e-04,31.30
3,0.001023,0.001668,7.96e-04,31.32
4,0.000861,0.001822,6.58e-04,35.34
5,0.000737,0.002118,5.05e-04,35.70
6,0.000664,0.001453,3.52e-04,31.98
7,0.000607,0.001716,2.14e-04,32.20
8,0.000559,0.001676,1.05e-04,32.09
9,0.000530,0.001610,3.42e-05,31.93
10,0.000515,0.001643,1.00e-03,32.13
11,0.000639,0.002049,9.76e-04,31.76
12,0.000582,0.001958,9.05e-04,35.28
