epoch,train_loss,val_loss,lr,time
1,0.001081,0.015612,9.76e-04,302.26
2,0.000284,0.018245,9.05e-04,304.18
3,0.000176,0.017076,7.96e-04,300.35
4,0.000118,0.015631,6.58e-04,299.35
5,0.000085,0.015808,5.05e-04,301.45
6,0.000062,0.016444,3.52e-04,305.87
7,0.000047,0.016657,2.14e-04,303.68
8,0.000038,0.016263,1.05e-04,300.58
9,0.000032,0.016230,3.42e-05,300.79
10,0.000029,0.016077,1.00e-03,301.44
11,0.000096,0.015998,9.76e-04,298.73
