epoch,train_loss,val_loss,lr,time
1,0.001090,0.017401,9.76e-04,125.57
2,0.000308,0.018118,9.05e-04,124.41
3,0.000184,0.019886,7.96e-04,124.94
4,0.000126,0.019915,6.58e-04,124.95
5,0.000086,0.019782,5.05e-04,124.01
6,0.000061,0.020114,3.52e-04,124.23
7,0.000047,0.019757,2.14e-04,124.93
8,0.000036,0.019612,1.05e-04,125.32
9,0.000030,0.019580,3.42e-05,124.19
10,0.000027,0.019679,1.00e-03,124.97
11,0.000127,0.020205,9.76e-04,124.72
