epoch,train_loss,val_loss,lr,time
1,0.785524,2.342273,1.00e-03,76.34
2,0.522665,2.414993,9.76e-04,75.03
3,0.458844,2.376633,9.05e-04,75.14
4,0.421327,2.365241,7.96e-04,73.09
5,0.394192,2.402034,6.58e-04,74.49
6,0.375108,2.387999,5.05e-04,77.49
7,0.358387,2.375053,3.52e-04,76.97
8,0.344552,2.441166,2.14e-04,77.36
9,0.333263,2.462607,1.05e-04,77.14
10,0.324824,2.436250,3.42e-05,77.30
11,0.320151,2.428196,1.00e-03,76.58
