level,signed_bias,steady_plateau_bias,mae,rmse
lv0,0.002150459371073844,0.001544142439444032,0.011521616847150855,0.015027343812916014
lv4,1.2729375157505274e-05,-0.0011323041884073366,0.010451086331158876,0.013989363020906845
lv7,0.0011556691606529057,6.247140117920935e-05,0.010399850395818552,0.014047242080171904
