epoch,train_loss,val_loss,lr,time
1,0.003854,0.003596,9.76e-04,30.72
2,0.001539,0.002030,9.05e-04,33.88
3,0.001231,0.001584,7.96e-04,32.48
4,0.001084,0.001447,6.58e-04,33.01
5,0.000970,0.001359,5.05e-04,31.89
6,0.000880,0.001369,3.52e-04,31.66
7,0.000808,0.001313,2.14e-04,30.17
8,0.000764,0.001290,1.05e-04,30.80
9,0.000728,0.001307,3.42e-05,30.40
10,0.000705,0.001285,1.00e-03,30.43
11,0.000811,0.001770,9.76e-04,34.11
12,0.000747,0.001491,9.05e-04,34.27
13,0.000700,0.001682,7.96e-04,30.83
