epoch,train_loss,val_loss,lr,time
1,0.003109,0.001419,9.76e-04,34.38
2,0.001278,0.001528,9.05e-04,33.60
3,0.001020,0.001277,7.96e-04,33.49
4,0.000862,0.001194,6.58e-04,32.21
5,0.000750,0.001177,5.05e-04,32.02
6,0.000673,0.001188,3.52e-04,30.19
7,0.000617,0.001158,2.14e-04,32.15
8,0.000572,0.001106,1.05e-04,34.35
9,0.000543,0.001147,3.42e-05,33.12
10,0.000526,0.001100,1.00e-03,34.53
11,0.000663,0.001142,9.76e-04,31.17
