epoch,train_loss,val_loss,lr,time
1,0.001042,0.018081,9.76e-04,138.26
2,0.000294,0.018509,9.05e-04,136.90
3,0.000186,0.018077,7.96e-04,137.38
4,0.000123,0.019815,6.58e-04,137.48
5,0.000086,0.018307,5.05e-04,137.69
6,0.000062,0.018929,3.52e-04,137.63
7,0.000049,0.018944,2.14e-04,137.95
8,0.000037,0.019155,1.05e-04,137.15
9,0.000030,0.018847,3.42e-05,137.68
10,0.000028,0.019129,1.00e-03,136.91
11,0.000113,0.019674,9.76e-04,136.91
