epoch,train_loss,val_loss,lr,time
1,0.003074,0.001763,9.76e-04,36.10
2,0.001227,0.002101,9.05e-04,35.87
3,0.000974,0.001764,7.96e-04,35.81
4,0.000823,0.001826,6.58e-04,36.23
5,0.000719,0.001809,5.05e-04,35.30
6,0.000645,0.001720,3.52e-04,34.10
7,0.000581,0.002047,2.14e-04,33.00
