epoch,train_loss,val_loss,lr,time
1,0.002524,0.004213,9.76e-04,34.03
2,0.001252,0.002649,9.05e-04,31.53
3,0.001013,0.004274,7.96e-04,29.65
4,0.000865,0.004780,6.58e-04,33.06
5,0.000755,0.005134,5.05e-04,30.55
6,0.000681,0.003883,3.52e-04,30.47
7,0.000625,0.003742,2.14e-04,30.73
8,0.000584,0.004083,1.05e-04,31.74
