epoch,train_loss,val_loss,lr,time
1,0.015466,0.005816,9.76e-04,31.03
2,0.006886,0.005374,9.05e-04,28.36
3,0.005509,0.004170,7.96e-04,28.76
4,0.004963,0.004187,6.58e-04,28.27
5,0.004619,0.004130,5.05e-04,30.95
6,0.004458,0.004526,3.52e-04,30.30
7,0.004313,0.004399,2.14e-04,30.85
8,0.004228,0.004408,1.05e-04,31.02
9,0.004140,0.004349,3.42e-05,28.19
