epoch,train_loss,val_loss,lr,time
1,0.011857,0.006690,9.76e-04,30.99
2,0.005650,0.005489,9.05e-04,28.46
3,0.004725,0.005577,7.96e-04,28.41
4,0.004312,0.004850,6.58e-04,30.91
5,0.004079,0.005746,5.05e-04,28.18
6,0.003927,0.004797,3.52e-04,28.17
7,0.003833,0.004970,2.14e-04,30.71
8,0.003727,0.004805,1.05e-04,28.12
9,0.003684,0.004767,3.42e-05,31.05
10,0.003662,0.004933,1.00e-03,28.15
