epoch,train_loss,val_loss,lr,time
1,0.000803,0.000628,9.76e-04,121.35
2,0.000233,0.000585,9.05e-04,121.50
3,0.000153,0.000674,7.96e-04,121.38
4,0.000108,0.000723,6.58e-04,121.36
5,0.000078,0.000602,5.05e-04,121.70
6,0.000058,0.000882,3.52e-04,121.56
7,0.000044,0.001168,2.14e-04,121.54
8,0.000035,0.001019,1.05e-04,122.12
9,0.000028,0.001032,3.42e-05,121.50
10,0.000025,0.000940,1.00e-03,121.26
11,0.000089,0.000791,9.76e-04,121.28
