epoch,train_loss,val_loss,lr,time
1,0.000070,0.000162,9.76e-04,331.19
2,0.000031,0.000097,9.05e-04,333.43
3,0.000028,0.000074,7.96e-04,332.52
4,0.000024,0.000074,6.58e-04,332.99
5,0.000021,0.000077,5.05e-04,332.55
6,0.000018,0.000097,3.52e-04,332.29
7,0.000016,0.000091,2.14e-04,332.00
8,0.000014,0.000080,1.05e-04,332.34
9,0.000013,0.000084,3.42e-05,332.33
10,0.000012,0.000085,1.00e-03,332.19
11,0.000017,0.000090,9.76e-04,332.19
