epoch,train_loss,val_loss,lr,time
1,0.856514,2.246782,1.00e-03,251.12
2,0.605583,2.439323,9.76e-04,234.29
3,0.546357,2.368687,9.05e-04,238.82
4,0.508713,2.398454,7.96e-04,242.59
5,0.481634,2.296442,6.58e-04,234.77
6,0.461669,2.344369,5.05e-04,233.67
7,0.443836,2.360531,3.52e-04,239.05
8,0.428989,2.311662,2.14e-04,227.91
9,0.416454,2.334427,1.05e-04,236.02
10,0.407115,2.317809,3.42e-05,233.53
11,0.401587,2.333658,1.00e-03,231.48
