epoch,train_loss,val_loss,lr,time
1,0.000608,0.008555,9.76e-04,119.89
2,0.000202,0.008179,9.05e-04,119.46
3,0.000135,0.008217,7.96e-04,119.88
4,0.000097,0.008492,6.58e-04,119.59
5,0.000071,0.008257,5.05e-04,119.47
6,0.000053,0.008805,3.52e-04,119.59
7,0.000041,0.008398,2.14e-04,119.38
8,0.000031,0.008588,1.05e-04,119.43
9,0.000025,0.008676,3.42e-05,119.50
10,0.000022,0.008660,1.00e-03,119.64
11,0.000072,0.008399,9.76e-04,119.89
12,0.000054,0.008623,9.05e-04,119.60
