epoch,train_loss,val_loss,lr,time
1,0.002607,0.006299,9.76e-04,35.41
2,0.001036,0.004698,9.05e-04,31.96
3,0.000790,0.003966,7.96e-04,30.49
4,0.000657,0.005330,6.58e-04,30.62
5,0.000563,0.003212,5.05e-04,31.01
6,0.000497,0.004239,3.52e-04,31.02
7,0.000440,0.004491,2.14e-04,31.03
8,0.000408,0.003474,1.05e-04,30.99
9,0.000384,0.003477,3.42e-05,31.03
10,0.000371,0.003595,1.00e-03,30.58
11,0.000483,0.003428,9.76e-04,30.62
