epoch,train_loss,val_loss,lr,time
1,0.975699,2.210299,1.00e-03,63.52
2,0.714423,2.278231,9.76e-04,52.18
3,0.649127,2.280447,9.05e-04,58.63
4,0.609500,2.243953,7.96e-04,61.67
5,0.582965,2.258385,6.58e-04,61.27
6,0.562970,2.311128,5.05e-04,61.66
7,0.548109,2.291440,3.52e-04,61.84
8,0.534105,2.297827,2.14e-04,62.09
9,0.524019,2.313873,1.05e-04,63.89
10,0.516135,2.314679,3.42e-05,61.85
11,0.511366,2.319800,1.00e-03,61.43
