epoch,train_loss,val_loss,lr,time
1,0.001195,0.016445,9.76e-04,105.46
2,0.000397,0.017126,9.05e-04,101.11
3,0.000296,0.017375,7.96e-04,151.27
4,0.000245,0.017340,6.58e-04,246.96
5,0.000208,0.016770,5.05e-04,279.60
6,0.000183,0.017577,3.52e-04,280.86
7,0.000163,0.016649,2.14e-04,279.68
8,0.000150,0.017551,1.05e-04,280.74
9,0.000141,0.017914,3.42e-05,280.51
10,0.000135,0.017765,1.00e-03,280.04
11,0.000193,0.017290,9.76e-04,279.80
