epoch,train_loss,val_loss,lr,time
1,2.734342,9.614548,1.00e-03,63.48
2,1.999405,9.779821,9.76e-04,50.94
3,1.879383,9.741318,9.05e-04,60.73
4,1.815424,9.908414,7.96e-04,56.76
5,1.779891,9.784308,6.58e-04,59.12
6,1.752994,9.759259,5.05e-04,57.50
7,1.726591,9.833128,3.52e-04,60.02
8,1.707344,9.798192,2.14e-04,56.77
9,1.693400,9.866533,1.05e-04,46.43
10,1.682470,9.798187,3.42e-05,59.41
11,1.676779,9.803432,1.00e-03,54.99
