epoch,train_loss,val_loss,lr,time
1,0.002408,0.003657,9.76e-04,33.16
2,0.001250,0.002191,9.05e-04,30.74
3,0.001012,0.002330,7.96e-04,35.04
4,0.000859,0.002406,6.58e-04,34.41
5,0.000755,0.002057,5.05e-04,31.81
6,0.000668,0.001912,3.52e-04,32.16
7,0.000607,0.002070,2.14e-04,33.36
8,0.000567,0.002178,1.05e-04,31.18
9,0.000535,0.002224,3.42e-05,31.70
10,0.000516,0.002088,1.00e-03,31.65
11,0.000643,0.003688,9.76e-04,35.11
12,0.000580,0.001935,9.05e-04,30.74
