epoch,train_loss,val_loss,lr,time
1,0.002607,0.001826,9.76e-04,30.94
2,0.001323,0.001773,9.05e-04,33.40
3,0.001073,0.001769,7.96e-04,30.57
4,0.000918,0.001798,6.58e-04,30.48
5,0.000811,0.001565,5.05e-04,30.36
6,0.000732,0.001535,3.52e-04,30.41
7,0.000671,0.001637,2.14e-04,30.48
8,0.000628,0.001685,1.05e-04,32.41
9,0.000598,0.001518,3.42e-05,32.19
10,0.000580,0.001523,1.00e-03,34.35
11,0.000714,0.001591,9.76e-04,34.27
