level,signed_bias,steady_plateau_bias,mae,rmse
lv0,0.008353550640297018,0.009823691559075896,0.024833568475312658,0.03250792767438623
lv4,0.00246108773474892,0.003625656090055903,0.02112956950441003,0.029071952526768047
lv7,0.0034011706205395362,0.004089057581343998,0.020879655765990417,0.02844878938049078
