epoch,train_loss,val_loss,lr,time
1,0.002401,0.002193,9.76e-04,31.06
2,0.001280,0.001744,9.05e-04,30.97
3,0.001022,0.001555,7.96e-04,30.97
4,0.000850,0.001439,6.58e-04,30.95
5,0.000737,0.001652,5.05e-04,31.00
6,0.000654,0.001396,3.52e-04,30.94
7,0.000595,0.001414,2.14e-04,34.40
8,0.000556,0.001539,1.05e-04,30.09
9,0.000526,0.001400,3.42e-05,30.51
10,0.000511,0.001381,1.00e-03,30.50
