epoch,train_loss,val_loss,lr,time
1,0.002612,0.003138,9.76e-04,82.99
2,0.001348,0.003193,9.05e-04,82.63
3,0.001098,0.004113,7.96e-04,82.14
4,0.000947,0.003845,6.58e-04,82.55
5,0.000831,0.005181,5.05e-04,85.13
6,0.000745,0.003635,3.52e-04,83.00
7,0.000680,0.004061,2.14e-04,82.50
