epoch,train_loss,val_loss,lr,time
1,0.001003,0.016665,9.76e-04,384.46
2,0.000377,0.015644,9.05e-04,387.63
3,0.000273,0.016181,7.96e-04,386.96
4,0.000213,0.016230,6.58e-04,390.02
5,0.000174,0.016762,5.05e-04,387.32
6,0.000145,0.016561,3.52e-04,387.21
7,0.000125,0.016638,2.14e-04,389.66
8,0.000110,0.016676,1.05e-04,387.89
9,0.000099,0.016890,3.42e-05,390.17
10,0.000094,0.016838,1.00e-03,390.48
11,0.000155,0.016689,9.76e-04,392.13
12,0.000131,0.017229,9.05e-04,391.27
