epoch,train_loss,val_loss,lr,time
1,0.002432,0.016784,9.76e-04,252.17
2,0.000441,0.017208,9.05e-04,171.86
3,0.000269,0.016873,7.96e-04,130.45
4,0.000176,0.016718,6.58e-04,167.09
5,0.000139,0.016709,5.05e-04,141.13
6,0.000098,0.017015,3.52e-04,251.04
7,0.000074,0.017834,2.14e-04,269.44
8,0.000059,0.017201,1.05e-04,263.51
9,0.000050,0.017052,3.42e-05,266.80
10,0.000045,0.017264,1.00e-03,270.56
11,0.000142,0.018359,9.76e-04,266.49
