epoch,train_loss,val_loss,lr,time
1,0.001276,0.015779,9.76e-04,92.11
2,0.000403,0.015840,9.05e-04,90.89
3,0.000276,0.015937,7.96e-04,90.85
4,0.000209,0.016163,6.58e-04,90.89
5,0.000169,0.016016,5.05e-04,90.73
6,0.000135,0.016190,3.52e-04,90.90
7,0.000112,0.015937,2.14e-04,91.11
8,0.000095,0.016195,1.05e-04,91.07
9,0.000085,0.016166,3.42e-05,104.56
10,0.000078,0.016208,1.00e-03,98.11
11,0.000158,0.016206,9.76e-04,91.47
