epoch,train_loss,val_loss,lr,time
1,0.009915,0.026064,9.76e-04,307.95
2,0.005737,0.024029,9.05e-04,305.55
3,0.004296,0.024180,7.96e-04,305.05
4,0.003377,0.024106,6.58e-04,305.18
5,0.002788,0.024963,5.05e-04,305.24
6,0.002364,0.025312,3.52e-04,305.14
7,0.002069,0.024497,2.14e-04,305.06
8,0.001864,0.024817,1.05e-04,305.42
9,0.001716,0.024993,3.42e-05,318.93
10,0.001634,0.024804,1.00e-03,305.28
11,0.002317,0.024446,9.76e-04,304.92
12,0.002028,0.026606,9.05e-04,209.08
