epoch,train_loss,val_loss,lr,time
1,0.001284,0.015235,9.76e-04,117.63
2,0.000369,0.016101,9.05e-04,118.47
3,0.000212,0.015281,7.96e-04,116.82
4,0.000144,0.015390,6.58e-04,117.61
5,0.000101,0.015610,5.05e-04,117.64
6,0.000076,0.015480,3.52e-04,118.18
7,0.000052,0.015659,2.14e-04,117.59
8,0.000042,0.015228,1.05e-04,117.35
9,0.000035,0.015566,3.42e-05,117.17
10,0.000031,0.015510,1.00e-03,116.90
11,0.000127,0.015354,9.76e-04,117.43
