epoch,train_loss,val_loss,lr,time
1,0.838896,2.971240,1.00e-03,95.09
2,0.587936,2.959566,9.76e-04,90.88
3,0.525799,3.118625,9.05e-04,92.82
4,0.489972,3.002953,7.96e-04,92.03
5,0.465356,2.971345,6.58e-04,90.07
6,0.444639,3.035089,5.05e-04,92.65
7,0.427630,3.057667,3.52e-04,93.03
8,0.414981,3.005664,2.14e-04,92.82
9,0.402414,3.048671,1.05e-04,92.82
10,0.392859,3.045314,3.42e-05,92.74
11,0.388073,3.040623,1.00e-03,93.08
12,0.440929,3.014882,9.76e-04,92.87
