epoch,train_loss,val_loss,lr,time
1,0.002430,0.002508,9.76e-04,35.24
2,0.001247,0.001659,9.05e-04,30.74
3,0.001006,0.001266,7.96e-04,31.28
4,0.000856,0.001343,6.58e-04,31.17
5,0.000753,0.001457,5.05e-04,30.90
6,0.000675,0.001374,3.52e-04,30.99
7,0.000610,0.001139,2.14e-04,30.99
8,0.000567,0.001264,1.05e-04,33.57
9,0.000542,0.001208,3.42e-05,34.50
10,0.000523,0.001181,1.00e-03,34.40
11,0.000643,0.001238,9.76e-04,34.35
12,0.000586,0.001294,9.05e-04,31.00
13,0.000526,0.001343,7.96e-04,31.56
