epoch,train_loss,val_loss,lr,time
1,0.000982,0.016467,9.76e-04,182.00
2,0.000328,0.017083,9.05e-04,173.94
3,0.000224,0.016466,7.96e-04,175.53
4,0.000166,0.017153,6.58e-04,174.55
5,0.000127,0.016815,5.05e-04,173.44
6,0.000098,0.016947,3.52e-04,175.09
7,0.000079,0.016896,2.14e-04,173.86
8,0.000063,0.017019,1.05e-04,174.28
9,0.000053,0.016997,3.42e-05,172.99
10,0.000048,0.017117,1.00e-03,174.29
11,0.000117,0.016419,9.76e-04,173.88
