epoch,train_loss,val_loss,lr,time
1,0.000074,0.000052,9.76e-04,294.90
2,0.000033,0.000047,9.05e-04,295.53
3,0.000030,0.000054,7.96e-04,297.06
4,0.000027,0.000051,6.58e-04,296.96
5,0.000025,0.000048,5.05e-04,295.57
6,0.000023,0.000053,3.52e-04,296.56
7,0.000022,0.000055,2.14e-04,296.89
8,0.000020,0.000058,1.05e-04,295.67
9,0.000019,0.000057,3.42e-05,297.88
10,0.000019,0.000055,1.00e-03,297.64
11,0.000023,0.000059,9.76e-04,291.16
