epoch,train_loss,val_loss,lr,time
1,0.011561,0.002861,9.76e-04,31.61
2,0.005705,0.002086,9.05e-04,31.37
3,0.004640,0.002941,7.96e-04,29.24
4,0.004128,0.002974,6.58e-04,31.56
5,0.003901,0.002005,5.05e-04,30.93
6,0.003775,0.001738,3.52e-04,31.56
7,0.003666,0.001989,2.14e-04,29.06
8,0.003610,0.001645,1.05e-04,31.46
9,0.003582,0.002611,3.42e-05,31.57
10,0.003549,0.001920,1.00e-03,28.86
11,0.003749,0.002250,9.76e-04,31.31
12,0.003657,0.001907,9.05e-04,29.49
