level,signed_bias,steady_plateau_bias,mae,rmse
lv0,-0.00617766909676397,-0.0064536936503524584,0.04034958448674944,0.053289651249845825
lv4,-0.03592558531090617,-0.0355032115864257,0.06510714596758287,0.078940751341482
lv7,-0.0744424838727961,-0.0757696800865233,0.10176468671609958,0.12056348659098148
