epoch,train_loss,val_loss,lr,time
1,0.002191,0.002341,9.76e-04,31.11
2,0.001171,0.002303,9.05e-04,31.03
3,0.000934,0.002216,7.96e-04,35.10
4,0.000801,0.001794,6.58e-04,35.57
5,0.000697,0.002787,5.05e-04,31.58
6,0.000629,0.002065,3.52e-04,31.26
7,0.000565,0.001815,2.14e-04,31.33
8,0.000524,0.001739,1.05e-04,34.87
9,0.000498,0.001712,3.42e-05,33.84
10,0.000480,0.001848,1.00e-03,31.27
