level,signed_bias,steady_plateau_bias,mae,rmse
lv0,0.005072244960400794,0.004316894156444404,0.03865495531095399,0.0517327520582411
lv4,-0.032698834858213864,-0.03367929579690099,0.07165644566218059,0.08213079161942005
lv7,-0.05547115847002715,-0.056965045242880784,0.09399940011401971,0.10730198087791602
