epoch,train_loss,val_loss,lr,time
1,0.001324,0.015951,9.76e-04,257.49
2,0.000517,0.016085,9.05e-04,258.96
3,0.000391,0.015919,7.96e-04,256.97
4,0.000323,0.016105,6.58e-04,257.71
5,0.000279,0.016059,5.05e-04,256.50
6,0.000245,0.016118,3.52e-04,256.48
7,0.000220,0.015989,2.14e-04,257.69
8,0.000202,0.016010,1.05e-04,257.06
9,0.000188,0.016080,3.42e-05,256.45
10,0.000181,0.016028,1.00e-03,257.15
11,0.000257,0.015954,9.76e-04,220.48
