epoch,train_loss,val_loss,lr,time
1,0.002505,0.002347,9.76e-04,33.97
2,0.001238,0.001702,9.05e-04,30.26
3,0.000993,0.001409,7.96e-04,30.76
4,0.000847,0.001445,6.58e-04,31.21
5,0.000746,0.001425,5.05e-04,31.63
6,0.000667,0.001351,3.52e-04,31.31
7,0.000608,0.001214,2.14e-04,31.23
8,0.000564,0.001167,1.05e-04,31.01
9,0.000534,0.001154,3.42e-05,31.13
10,0.000521,0.001177,1.00e-03,32.43
11,0.000649,0.001268,9.76e-04,34.45
12,0.000589,0.001193,9.05e-04,34.63
13,0.000537,0.001305,7.96e-04,31.12
