epoch,train_loss,val_loss,lr,time
1,0.000070,0.000162,9.76e-04,330.61
2,0.000031,0.000097,9.05e-04,333.48
3,0.000028,0.000074,7.96e-04,332.77
4,0.000024,0.000074,6.58e-04,333.02
5,0.000021,0.000077,5.05e-04,332.64
6,0.000018,0.000097,3.52e-04,331.93
7,0.000016,0.000091,2.14e-04,332.24
8,0.000014,0.000080,1.05e-04,332.52
9,0.000013,0.000084,3.42e-05,332.63
10,0.000012,0.000085,1.00e-03,332.15
11,0.000017,0.000090,9.76e-04,332.51
