epoch,train_loss,val_loss,lr,time
1,0.846470,2.334324,1.00e-03,99.02
2,0.589520,2.276460,9.76e-04,69.94
3,0.520499,2.304431,9.05e-04,89.38
4,0.482462,2.330287,7.96e-04,99.84
5,0.457078,2.312759,6.58e-04,100.35
6,0.436001,2.321867,5.05e-04,100.97
7,0.420661,2.331541,3.52e-04,99.76
8,0.405912,2.340525,2.14e-04,100.43
9,0.394898,2.340590,1.05e-04,100.27
10,0.385285,2.349206,3.42e-05,100.62
11,0.380560,2.344862,1.00e-03,90.63
12,0.431376,2.305446,9.76e-04,70.05
