epoch,train_loss,val_loss,lr,time
1,0.004395,0.015678,9.76e-04,314.58
2,0.003789,0.015643,9.05e-04,391.18
3,0.003706,0.015763,7.96e-04,395.62
4,0.003654,0.015775,6.58e-04,395.30
5,0.003621,0.015679,5.05e-04,394.21
6,0.003597,0.015703,3.52e-04,391.68
7,0.003580,0.015881,2.14e-04,393.14
8,0.003567,0.015761,1.05e-04,393.43
9,0.003559,0.015832,3.42e-05,393.14
10,0.003553,0.015835,1.00e-03,393.81
11,0.003604,0.015756,9.76e-04,391.59
