epoch,train_loss,val_loss,lr,time
1,0.001378,0.018419,9.76e-04,240.39
2,0.000546,0.016425,9.05e-04,297.11
3,0.000422,0.017034,7.96e-04,297.26
4,0.000345,0.017288,6.58e-04,297.21
5,0.000298,0.016385,5.05e-04,297.43
6,0.000262,0.016977,3.52e-04,297.17
7,0.000234,0.017026,2.14e-04,296.98
8,0.000215,0.016670,1.05e-04,297.11
9,0.000201,0.017107,3.42e-05,296.95
10,0.000193,0.016915,1.00e-03,297.59
11,0.000274,0.016971,9.76e-04,297.85
12,0.000247,0.017300,9.05e-04,296.55
