epoch,train_loss,val_loss,lr,time
1,2.614874,9.918492,1.00e-03,47.54
2,1.854921,9.797059,9.76e-04,44.87
3,1.763427,9.939600,9.05e-04,56.47
4,1.716175,9.897052,7.96e-04,57.39
5,1.684112,9.870784,6.58e-04,65.63
6,1.658351,9.835448,5.05e-04,65.62
7,1.637351,9.926401,3.52e-04,70.51
8,1.621820,9.908874,2.14e-04,67.86
9,1.609354,9.867909,1.05e-04,63.83
10,1.598233,9.876938,3.42e-05,62.70
11,1.596143,9.879175,1.00e-03,63.45
12,1.636640,9.839275,9.76e-04,63.88
