epoch,train_loss,val_loss,lr,time
1,0.863878,2.265235,1.00e-03,99.60
2,0.607933,2.300745,9.76e-04,96.92
3,0.541855,2.295824,9.05e-04,97.45
4,0.501865,2.384418,7.96e-04,97.22
5,0.473014,2.299078,6.58e-04,69.33
6,0.451600,2.324016,5.05e-04,94.48
7,0.433446,2.326885,3.52e-04,96.01
8,0.418837,2.369975,2.14e-04,95.78
9,0.405209,2.336591,1.05e-04,95.82
10,0.395811,2.340712,3.42e-05,95.51
11,0.390637,2.341931,1.00e-03,95.99
