epoch,train_loss,val_loss,lr,time
1,0.001090,0.016601,9.76e-04,589.82
2,0.000308,0.017527,9.05e-04,599.95
3,0.000182,0.015797,7.96e-04,604.37
