level,signed_bias,steady_plateau_bias,mae,rmse
lv0,0.002472611965559837,0.002269808125371734,0.015647025364968512,0.020668590855267312
lv4,0.001584181809448637,0.000969588775963833,0.014732940743366877,0.01982131600379944
lv7,0.0017533429393855233,0.001548056141473353,0.015425794447461763,0.020495368788639706
