epoch,train_loss,val_loss,lr,time
1,0.002378,0.016237,9.76e-04,271.88
2,0.001124,0.016456,9.05e-04,271.13
3,0.000972,0.016575,7.96e-04,264.43
4,0.000894,0.017698,6.58e-04,193.17
5,0.000846,0.017338,5.05e-04,177.80
6,0.000814,0.016981,3.52e-04,109.18
7,0.000795,0.016799,2.14e-04,107.67
8,0.000780,0.017181,1.05e-04,103.84
9,0.000770,0.017051,3.42e-05,105.08
10,0.000764,0.017188,1.00e-03,103.59
11,0.000846,0.017749,9.76e-04,186.62
