epoch,train_loss,val_loss,lr,time
1,2.505671,9.849857,1.00e-03,61.89
2,1.786816,9.806871,9.76e-04,55.90
3,1.712743,10.043341,9.05e-04,59.85
4,1.667561,10.029101,7.96e-04,56.27
5,1.638231,9.871420,6.58e-04,57.88
6,1.612901,10.017109,5.05e-04,58.37
7,1.596546,9.964515,3.52e-04,61.36
8,1.582316,10.005285,2.14e-04,43.85
9,1.569666,10.008006,1.05e-04,61.56
10,1.561229,9.956691,3.42e-05,55.06
11,1.557587,9.962455,1.00e-03,56.93
12,1.597505,9.988339,9.76e-04,54.00
