epoch,train_loss,val_loss,lr,time
1,0.001236,0.016237,9.76e-04,242.07
2,0.000430,0.016230,9.05e-04,261.82
3,0.000321,0.016290,7.96e-04,258.93
4,0.000262,0.016589,6.58e-04,259.46
5,0.000225,0.016205,5.05e-04,259.57
6,0.000199,0.016350,3.52e-04,259.00
7,0.000179,0.016388,2.14e-04,259.56
8,0.000164,0.016639,1.05e-04,259.20
9,0.000155,0.016683,3.42e-05,259.01
10,0.000149,0.016663,1.00e-03,259.73
11,0.000207,0.016339,9.76e-04,259.09
