epoch,train_loss,val_loss,lr,time
1,2.730219,9.627984,1.00e-03,63.92
2,1.998834,9.732005,9.76e-04,57.08
3,1.879354,9.722140,9.05e-04,65.16
4,1.821179,9.983552,7.96e-04,62.88
5,1.782901,9.810280,6.58e-04,55.10
6,1.754822,9.761643,5.05e-04,62.17
7,1.732937,9.810020,3.52e-04,61.44
8,1.712933,9.808599,2.14e-04,61.81
9,1.697776,9.914251,1.05e-04,62.99
10,1.688355,9.857475,3.42e-05,59.57
11,1.682310,9.834650,1.00e-03,63.08
