epoch,train_loss,val_loss,lr,time
1,0.011098,0.010912,9.76e-04,32.60
2,0.005073,0.010060,9.05e-04,32.67
3,0.004254,0.010429,7.96e-04,32.63
4,0.003941,0.008570,6.58e-04,31.07
5,0.003707,0.011193,5.05e-04,29.92
6,0.003535,0.009747,3.52e-04,32.63
7,0.003448,0.010031,2.14e-04,32.11
8,0.003363,0.010367,1.05e-04,32.71
9,0.003332,0.010230,3.42e-05,32.66
10,0.003326,0.010493,1.00e-03,32.69
