epoch,train_loss,val_loss,lr,time
1,0.000844,0.000729,9.76e-04,105.44
2,0.000213,0.000561,9.05e-04,99.20
3,0.000144,0.000658,7.96e-04,99.63
4,0.000100,0.000707,6.58e-04,104.53
5,0.000076,0.001026,5.05e-04,109.97
6,0.000057,0.000662,3.52e-04,103.48
7,0.000042,0.000585,2.14e-04,97.77
8,0.000033,0.000616,1.05e-04,104.07
9,0.000027,0.000634,3.42e-05,99.13
10,0.000024,0.000559,1.00e-03,110.37
11,0.000080,0.000745,9.76e-04,110.66
12,0.000059,0.001038,9.05e-04,105.59
