epoch,train_loss,val_loss,lr,time
1,1.828177,10.104361,1.00e-03,59.28
2,1.087099,10.205332,9.76e-04,56.92
3,1.003893,10.229463,9.05e-04,48.72
4,0.966052,10.236245,7.96e-04,57.55
5,0.937260,10.111992,6.58e-04,42.25
6,0.916622,10.128235,5.05e-04,55.98
7,0.898085,10.124421,3.52e-04,58.16
8,0.881354,10.132964,2.14e-04,53.89
9,0.867085,10.156820,1.05e-04,56.32
10,0.856873,10.122064,3.42e-05,58.32
11,0.851591,10.141309,1.00e-03,65.47
