epoch,train_loss,val_loss,lr,time
1,0.000823,0.015588,9.76e-04,119.43
2,0.000250,0.015784,9.05e-04,119.36
3,0.000159,0.015639,7.96e-04,119.15
4,0.000112,0.015620,6.58e-04,119.43
5,0.000080,0.015643,5.05e-04,119.44
6,0.000059,0.016257,3.52e-04,119.55
7,0.000044,0.016302,2.14e-04,119.88
8,0.000033,0.016105,1.05e-04,119.95
9,0.000028,0.016172,3.42e-05,119.17
10,0.000024,0.016216,1.00e-03,120.21
11,0.000092,0.015842,9.76e-04,120.80
