epoch,train_loss,val_loss,lr,time
1,0.002547,0.002316,9.76e-04,84.81
2,0.001265,0.002239,9.05e-04,84.92
3,0.001025,0.001917,7.96e-04,83.68
4,0.000880,0.002263,6.58e-04,84.64
5,0.000765,0.002272,5.05e-04,85.74
6,0.000690,0.002325,3.52e-04,84.73
7,0.000637,0.002094,2.14e-04,84.87
8,0.000599,0.002824,1.05e-04,85.85
9,0.000568,0.002302,3.42e-05,85.42
