epoch,train_loss,val_loss,lr,time
1,0.004025,0.003649,1.00e-03,169.60
2,0.002311,0.001599,9.76e-04,168.46
