epoch,train_loss,val_loss,lr,time
1,0.004025,0.003649,1.00e-03,169.60
2,0.002311,0.001599,9.76e-04,168.46
3,0.002161,0.000998,9.05e-04,167.52
4,0.002071,0.000968,7.96e-04,167.22
