epoch,train_loss,val_loss,lr,time
1,0.002153,0.001329,9.76e-04,377.32
2,0.000581,0.001307,9.05e-04,371.97
3,0.000427,0.003204,7.96e-04,373.14
4,0.000336,0.002095,6.58e-04,372.04
5,0.000278,0.002272,5.05e-04,372.62
6,0.000235,0.002625,3.52e-04,372.46
7,0.000205,0.002388,2.14e-04,373.66
8,0.000183,0.002445,1.05e-04,312.91
9,0.000168,0.002369,3.42e-05,154.48
10,0.000158,0.002563,1.00e-03,153.31
11,0.000263,0.005056,9.76e-04,162.04
