epoch,train_loss,val_loss,lr,time
1,0.012088,0.004163,9.76e-04,27.78
2,0.005632,0.002970,9.05e-04,29.31
3,0.004708,0.003688,7.96e-04,30.06
4,0.004293,0.002475,6.58e-04,30.23
5,0.004033,0.002851,5.05e-04,29.90
6,0.003834,0.003039,3.52e-04,30.00
7,0.003762,0.003113,2.14e-04,30.35
8,0.003665,0.002777,1.05e-04,30.20
9,0.003607,0.002610,3.42e-05,30.31
10,0.003609,0.002950,1.00e-03,30.03
