level,signed_bias,steady_plateau_bias,mae,rmse
lv0,0.002738112583756447,0.002638169473761486,0.015282923252218299,0.020021174620423052
lv4,0.0018754883737225707,0.0016006720737398912,0.014538829370091358,0.018851333918670814
lv7,0.002580656223775198,0.002375257055973634,0.015037489589303732,0.019704837041596573
