epoch,train_loss,val_loss,lr,time
1,0.004015,0.002007,9.76e-04,34.80
2,0.001391,0.002011,9.05e-04,31.18
3,0.001112,0.001885,7.96e-04,31.40
4,0.000956,0.001789,6.58e-04,32.98
5,0.000851,0.001722,5.05e-04,31.26
6,0.000777,0.001882,3.52e-04,34.70
7,0.000721,0.001709,2.14e-04,31.36
8,0.000679,0.001840,1.05e-04,31.19
9,0.000645,0.001868,3.42e-05,30.98
10,0.000633,0.001845,1.00e-03,30.99
11,0.000750,0.002221,9.76e-04,30.96
