epoch,train_loss,val_loss,lr,time
1,1.807106,2.742632,1.00e-03,110.48
2,1.409110,2.732395,9.76e-04,110.17
3,1.319011,3.338387,9.05e-04,108.89
4,1.264800,3.702591,7.96e-04,109.69
5,1.219915,3.416251,6.58e-04,110.19
6,1.187507,3.263258,5.05e-04,112.13
7,1.158979,3.532900,3.52e-04,109.20
8,1.134488,3.142177,2.14e-04,109.92
9,1.115312,3.083924,1.05e-04,109.40
10,1.101953,2.949221,3.42e-05,108.84
11,1.093809,2.999545,1.00e-03,109.96
12,1.166287,3.055804,9.76e-04,109.80
