epoch,train_loss,val_loss,lr,time
1,0.001062,0.000966,9.76e-04,321.39
2,0.000416,0.000687,9.05e-04,321.36
3,0.000322,0.000682,7.96e-04,321.64
4,0.000261,0.000832,6.58e-04,321.14
5,0.000219,0.001107,5.05e-04,320.78
6,0.000189,0.000906,3.52e-04,320.32
7,0.000166,0.000886,2.14e-04,320.82
8,0.000148,0.001134,1.05e-04,321.09
9,0.000137,0.000996,3.42e-05,321.34
10,0.000131,0.001024,1.00e-03,320.80
11,0.000200,0.001006,9.76e-04,321.55
12,0.000180,0.001067,9.05e-04,321.28
