level,signed_bias,steady_plateau_bias,mae,rmse
lv0,-0.00020810094429180026,0.000850951402551598,0.017888230478598013,0.023730831117265754
lv4,-0.0034428798438360295,-0.0021072122472105548,0.01643855171278119,0.02197230017433564
lv7,-0.004660426571111505,-0.0037834713536237055,0.016866519581526518,0.02203156736989816
