epoch,train_loss,val_loss,lr,time
1,0.011543,0.005394,9.76e-04,31.49
2,0.005204,0.004087,9.05e-04,30.20
3,0.004200,0.004091,7.96e-04,27.79
4,0.003801,0.004581,6.58e-04,29.50
5,0.003630,0.003773,5.05e-04,30.19
6,0.003494,0.003200,3.52e-04,30.29
7,0.003389,0.004259,2.14e-04,30.36
8,0.003298,0.003563,1.05e-04,28.26
9,0.003254,0.003786,3.42e-05,29.53
10,0.003244,0.004073,1.00e-03,30.12
11,0.003433,0.003511,9.76e-04,27.79
12,0.003335,0.003704,9.05e-04,27.97
