epoch,train_loss,val_loss,lr,time
1,0.001057,0.016272,9.76e-04,292.45
2,0.000434,0.016727,9.05e-04,293.62
3,0.000331,0.017180,7.96e-04,293.41
4,0.000269,0.016244,6.58e-04,293.30
5,0.000226,0.016645,5.05e-04,293.28
6,0.000193,0.017171,3.52e-04,293.45
7,0.000169,0.016620,2.14e-04,292.84
8,0.000151,0.016699,1.05e-04,292.69
9,0.000139,0.016721,3.42e-05,293.51
10,0.000133,0.016853,1.00e-03,286.04
11,0.000202,0.016662,9.76e-04,213.97
