epoch,train_loss,val_loss,lr,time
1,0.824614,2.419563,1.00e-03,81.88
2,0.570337,2.401929,9.76e-04,79.62
3,0.510668,2.430772,9.05e-04,80.31
4,0.474093,2.539534,7.96e-04,80.56
5,0.448935,2.441738,6.58e-04,80.40
6,0.429736,2.438595,5.05e-04,80.40
7,0.414066,2.562408,3.52e-04,76.42
8,0.402542,2.578840,2.14e-04,77.46
9,0.390315,2.540231,1.05e-04,78.21
10,0.381792,2.570014,3.42e-05,77.92
11,0.376281,2.580354,1.00e-03,76.95
12,0.425561,2.498888,9.76e-04,77.87
