epoch,train_loss,val_loss,lr,time
1,0.915182,2.710711,1.00e-03,56.77
2,0.641676,2.665446,9.76e-04,56.02
3,0.577599,2.707806,9.05e-04,56.06
4,0.541320,2.831566,7.96e-04,56.81
5,0.517083,2.668887,6.58e-04,55.52
6,0.497735,2.710663,5.05e-04,56.13
7,0.482322,2.781941,3.52e-04,55.66
8,0.468580,2.738031,2.14e-04,55.97
9,0.458478,2.763964,1.05e-04,55.17
10,0.450788,2.793774,3.42e-05,56.08
11,0.447031,2.819205,1.00e-03,56.08
12,0.484417,2.765564,9.76e-04,55.96
