level,signed_bias,steady_plateau_bias,mae,rmse
lv0,0.005429082407823039,0.004795456046445502,0.021270942149890795,0.028994040977623727
lv4,0.0032277496453995505,0.0019138286685726296,0.019014527089893818,0.026595354390641052
lv7,0.0022492281665715077,0.0003848405516085525,0.020288579010715086,0.02833300456404686
