epoch,train_loss,val_loss,lr,time
1,0.002680,0.002516,9.76e-04,33.93
2,0.001325,0.002188,9.05e-04,33.90
3,0.001062,0.001818,7.96e-04,30.34
4,0.000916,0.001867,6.58e-04,33.80
5,0.000801,0.001785,5.05e-04,31.45
6,0.000725,0.001828,3.52e-04,30.66
7,0.000666,0.001914,2.14e-04,31.95
8,0.000618,0.001926,1.05e-04,32.97
9,0.000587,0.001744,3.42e-05,33.72
