epoch,train_loss,val_loss,lr,time
1,0.003024,0.002299,9.76e-04,31.57
2,0.001233,0.003268,9.05e-04,33.59
3,0.001014,0.001815,7.96e-04,33.74
4,0.000854,0.001788,6.58e-04,34.94
5,0.000754,0.001830,5.05e-04,31.17
6,0.000673,0.001719,3.52e-04,33.62
7,0.000613,0.001676,2.14e-04,31.34
8,0.000569,0.001652,1.05e-04,31.34
9,0.000541,0.001649,3.42e-05,31.46
10,0.000522,0.001667,1.00e-03,31.26
11,0.000658,0.001784,9.76e-04,31.46
12,0.000582,0.001697,9.05e-04,31.28
13,0.000545,0.001929,7.96e-04,31.16
