level,signed_bias,steady_plateau_bias,mae,rmse
lv0,-0.014019537005676992,-0.015205591904102929,0.02518980246451166,0.0336595858550734
lv4,-0.05281880505693456,-0.056592808958763875,0.06372713577002287,0.08010868107279141
lv7,-0.08064475438247125,-0.08522698531548183,0.09090411973496278,0.10951345041394234
