epoch,train_loss,val_loss,lr,time
1,0.001185,0.015294,9.76e-04,159.51
2,0.000353,0.015450,9.05e-04,159.48
3,0.000265,0.015405,7.96e-04,160.18
4,0.000196,0.015242,6.58e-04,160.19
5,0.000152,0.015387,5.05e-04,159.12
6,0.000118,0.015476,3.52e-04,158.14
7,0.000094,0.015403,2.14e-04,157.28
8,0.000075,0.015342,1.05e-04,157.25
9,0.000063,0.015352,3.42e-05,157.64
10,0.000056,0.015397,1.00e-03,157.14
11,0.000143,0.015526,9.76e-04,157.16
