epoch,train_loss,val_loss,lr,time
1,0.000914,0.015622,9.76e-04,291.42
2,0.000371,0.016044,9.05e-04,339.50
3,0.000283,0.015608,7.96e-04,332.43
4,0.000226,0.015725,6.58e-04,345.32
5,0.000184,0.015812,5.05e-04,360.11
6,0.000155,0.015930,3.52e-04,360.27
7,0.000133,0.016125,2.14e-04,360.63
8,0.000116,0.016178,1.05e-04,360.14
9,0.000106,0.016202,3.42e-05,360.72
10,0.000099,0.016410,1.00e-03,361.13
11,0.000165,0.015896,9.76e-04,360.63
