epoch,train_loss,val_loss,lr,time
1,0.801754,2.408075,1.00e-03,95.41
2,0.517825,2.328317,9.76e-04,93.64
3,0.451437,2.305185,9.05e-04,91.84
4,0.414386,2.313404,7.96e-04,93.65
5,0.388754,2.364748,6.58e-04,94.41
6,0.370842,2.361210,5.05e-04,95.06
7,0.354580,2.354919,3.52e-04,94.28
8,0.341485,2.339679,2.14e-04,94.10
9,0.331108,2.342744,1.05e-04,93.94
10,0.322734,2.358539,3.42e-05,94.38
11,0.317770,2.353250,1.00e-03,94.96
12,0.362762,2.357811,9.76e-04,94.45
13,0.354009,2.361195,9.05e-04,94.40
