epoch,train_loss,val_loss,lr,time
1,0.002642,0.004911,9.76e-04,123.35
2,0.001090,0.005886,9.05e-04,122.23
3,0.000798,0.004000,7.96e-04,123.09
4,0.000674,0.002962,6.58e-04,123.08
5,0.000581,0.004886,5.05e-04,123.21
6,0.000519,0.003271,3.52e-04,123.12
7,0.000465,0.003753,2.14e-04,122.58
8,0.000426,0.003854,1.05e-04,122.61
9,0.000401,0.003479,3.42e-05,123.02
10,0.000382,0.003485,1.00e-03,123.00
