epoch,train_loss,val_loss,lr,time
1,0.002618,0.003692,9.76e-04,45.33
2,0.001326,0.002798,9.05e-04,82.24
3,0.001072,0.003422,7.96e-04,83.81
4,0.000928,0.003334,6.58e-04,84.69
5,0.000806,0.004235,5.05e-04,83.05
6,0.000727,0.003336,3.52e-04,84.37
7,0.000663,0.003376,2.14e-04,83.33
8,0.000618,0.003561,1.05e-04,83.81
