epoch,train_loss,val_loss,lr,time
1,0.004533,0.020173,9.76e-04,279.50
2,0.003883,0.016101,9.05e-04,295.88
3,0.003772,0.018727,7.96e-04,296.06
4,0.003711,0.017231,6.58e-04,295.75
5,0.003669,0.017184,5.05e-04,295.89
6,0.003639,0.017130,3.52e-04,295.41
7,0.003617,0.017143,2.14e-04,294.54
8,0.003600,0.017364,1.05e-04,295.11
9,0.003589,0.016925,3.42e-05,294.70
10,0.003582,0.016715,1.00e-03,292.58
11,0.003651,0.017085,9.76e-04,292.26
12,0.003628,0.017450,9.05e-04,291.94
