epoch,train_loss,val_loss,lr,time
1,0.037706,0.063974,9.76e-04,220.13
2,0.028608,0.062165,9.05e-04,205.72
3,0.025395,0.071309,7.96e-04,159.51
4,0.023219,0.065574,6.58e-04,109.05
5,0.021263,0.071185,5.05e-04,103.81
6,0.019710,0.077609,3.52e-04,100.59
7,0.018478,0.074021,2.14e-04,106.01
8,0.017448,0.072347,1.05e-04,179.53
9,0.016794,0.071400,3.42e-05,185.93
10,0.016428,0.072593,1.00e-03,228.46
11,0.019593,0.074940,9.76e-04,314.45
12,0.018794,0.073469,9.05e-04,314.34
