epoch,train_loss,val_loss,lr,time
1,0.011466,0.005576,9.76e-04,32.14
2,0.005076,0.004907,9.05e-04,30.49
3,0.004130,0.004719,7.96e-04,31.35
4,0.003724,0.004372,6.58e-04,30.97
5,0.003515,0.003919,5.05e-04,30.99
6,0.003393,0.004412,3.52e-04,31.10
7,0.003312,0.004396,2.14e-04,28.88
8,0.003218,0.004111,1.05e-04,29.52
9,0.003146,0.004154,3.42e-05,31.28
10,0.003155,0.004403,1.00e-03,30.92
11,0.003355,0.004869,9.76e-04,31.28
