epoch,train_loss,val_loss,lr,time
1,0.002685,0.002307,9.76e-04,35.22
2,0.001264,0.002003,9.05e-04,32.66
3,0.001002,0.002562,7.96e-04,32.28
4,0.000865,0.002470,6.58e-04,31.19
5,0.000763,0.001846,5.05e-04,31.39
6,0.000693,0.002132,3.52e-04,30.86
7,0.000639,0.001804,2.14e-04,30.77
8,0.000594,0.002075,1.05e-04,34.44
9,0.000568,0.002183,3.42e-05,34.43
10,0.000549,0.001891,1.00e-03,31.65
11,0.000693,0.002030,9.76e-04,30.24
