epoch,train_loss,val_loss,lr,time
1,3.002716,1.945417,1.00e-03,27.53
2,2.836366,1.943082,9.76e-04,26.76
3,2.788757,1.961054,9.05e-04,27.50
4,2.759813,1.984455,7.96e-04,26.95
5,2.741576,1.996052,6.58e-04,27.02
6,2.730156,2.013891,5.05e-04,27.18
7,2.722944,2.011899,3.52e-04,26.73
8,2.718506,2.015296,2.14e-04,27.34
9,2.715898,2.015047,1.05e-04,27.22
10,2.714579,2.015770,3.42e-05,27.60
11,2.713979,2.015483,1.00e-03,27.41
12,2.710744,2.037972,9.76e-04,27.27
