epoch,train_loss,val_loss,lr,time
1,0.003800,0.002318,9.76e-04,31.01
2,0.001469,0.001869,9.05e-04,31.89
3,0.001168,0.001551,7.96e-04,31.99
4,0.000993,0.001464,6.58e-04,30.56
5,0.000869,0.001928,5.05e-04,31.11
6,0.000787,0.001662,3.52e-04,31.23
7,0.000728,0.001625,2.14e-04,32.29
8,0.000681,0.001771,1.05e-04,34.71
9,0.000654,0.001737,3.42e-05,31.62
