epoch,train_loss,val_loss,lr,time
1,0.011510,0.003096,9.76e-04,31.78
2,0.005072,0.002350,9.05e-04,28.89
3,0.004226,0.002146,7.96e-04,32.04
4,0.003831,0.002117,6.58e-04,32.06
5,0.003632,0.002373,5.05e-04,31.93
6,0.003500,0.002167,3.52e-04,30.93
7,0.003379,0.001846,2.14e-04,32.03
8,0.003295,0.002819,1.05e-04,28.81
9,0.003263,0.001868,3.42e-05,28.77
10,0.003239,0.001768,1.00e-03,30.98
11,0.003422,0.002729,9.76e-04,30.78
12,0.003332,0.001961,9.05e-04,29.52
13,0.003278,0.001950,7.96e-04,28.83
