epoch,train_loss,val_loss,lr,time
1,0.001076,0.015889,9.76e-04,298.98
2,0.000366,0.015502,9.05e-04,206.27
3,0.000272,0.015653,7.96e-04,207.11
4,0.000217,0.015567,6.58e-04,207.54
5,0.000183,0.015403,5.05e-04,205.99
6,0.000158,0.015641,3.52e-04,280.70
7,0.000140,0.015536,2.14e-04,308.69
8,0.000127,0.015626,1.05e-04,309.22
9,0.000118,0.015634,3.42e-05,308.56
10,0.000113,0.015633,1.00e-03,309.72
11,0.000165,0.015515,9.76e-04,242.09
12,0.000147,0.015714,9.05e-04,206.47
