epoch,train_loss,val_loss,lr,time
1,0.788803,2.290281,1.00e-03,95.33
2,0.517988,2.354337,9.76e-04,94.27
3,0.453809,2.385206,9.05e-04,94.53
4,0.417640,2.364361,7.96e-04,92.05
5,0.391164,2.355517,6.58e-04,93.41
6,0.371322,2.395186,5.05e-04,94.50
7,0.354906,2.384988,3.52e-04,94.41
8,0.340791,2.395442,2.14e-04,94.61
9,0.330980,2.416983,1.05e-04,94.35
10,0.322123,2.384163,3.42e-05,94.21
11,0.317236,2.385624,1.00e-03,92.12
