epoch,train_loss,val_loss,lr,time
1,0.859088,2.516704,1.00e-03,98.01
2,0.591306,2.481187,9.76e-04,95.99
3,0.526855,2.483864,9.05e-04,97.35
4,0.487011,2.531875,7.96e-04,97.60
5,0.459082,2.510996,6.58e-04,97.37
6,0.437826,2.527592,5.05e-04,94.76
7,0.420756,2.522269,3.52e-04,96.40
8,0.405923,2.521559,2.14e-04,97.37
9,0.393873,2.514920,1.05e-04,97.42
10,0.385166,2.521293,3.42e-05,97.59
11,0.380696,2.522789,1.00e-03,97.71
12,0.430183,2.567294,9.76e-04,95.04
