epoch,train_loss,val_loss,lr,time
1,0.766416,2.520344,1.00e-03,93.56
2,0.517253,2.627067,9.76e-04,91.89
3,0.452482,2.701304,9.05e-04,93.09
4,0.413993,2.736701,7.96e-04,92.99
5,0.389243,2.796304,6.58e-04,90.46
6,0.369188,2.757813,5.05e-04,91.90
7,0.352736,2.786669,3.52e-04,93.32
8,0.339673,2.820897,2.14e-04,92.92
9,0.327931,2.855916,1.05e-04,93.18
10,0.320119,2.872739,3.42e-05,93.06
11,0.314565,2.900918,1.00e-03,92.97
