epoch,train_loss,val_loss,lr,time
1,0.002366,0.002102,9.76e-04,34.69
2,0.001243,0.001538,9.05e-04,33.89
3,0.000985,0.001510,7.96e-04,34.56
4,0.000815,0.001360,6.58e-04,34.58
5,0.000708,0.001507,5.05e-04,31.21
6,0.000630,0.001362,3.52e-04,30.86
7,0.000572,0.001205,2.14e-04,30.83
8,0.000530,0.001329,1.05e-04,30.77
9,0.000505,0.001248,3.42e-05,30.87
10,0.000489,0.001254,1.00e-03,30.86
11,0.000609,0.001517,9.76e-04,33.58
12,0.000544,0.001349,9.05e-04,31.06
13,0.000502,0.001447,7.96e-04,31.56
