epoch,train_loss,val_loss,lr,time
1,0.012606,0.004476,9.76e-04,31.39
2,0.005707,0.004560,9.05e-04,30.74
3,0.004648,0.003891,7.96e-04,31.38
4,0.004151,0.004451,6.58e-04,31.17
5,0.003904,0.004363,5.05e-04,28.38
6,0.003735,0.004352,3.52e-04,31.22
7,0.003611,0.004276,2.14e-04,31.50
8,0.003558,0.004118,1.05e-04,28.30
9,0.003505,0.004282,3.42e-05,28.75
