epoch,train_loss,val_loss,lr,time
1,0.002625,0.003326,9.76e-04,34.72
2,0.001364,0.002680,9.05e-04,30.63
3,0.001107,0.003227,7.96e-04,30.74
4,0.000969,0.003091,6.58e-04,30.73
5,0.000850,0.003423,5.05e-04,30.72
6,0.000773,0.002989,3.52e-04,30.64
7,0.000709,0.003043,2.14e-04,30.76
8,0.000661,0.003033,1.05e-04,30.73
