level,signed_bias,steady_plateau_bias,mae,rmse
lv0,0.0016052110068913964,0.0020735162413782543,0.016693572513759136,0.02170570691426595
lv4,0.0038586524121152856,0.00548401599129041,0.017048470055063564,0.0223236217473944
lv7,0.004251855978509411,0.005375284107382565,0.017021129373461008,0.022570839151740074
