epoch,train_loss,val_loss,lr,time
1,0.994626,2.380719,1.00e-03,65.42
2,0.733892,2.362880,9.76e-04,64.40
3,0.666908,2.442412,9.05e-04,64.05
4,0.625419,2.439421,7.96e-04,64.81
5,0.596292,2.431104,6.58e-04,65.42
6,0.574886,2.470192,5.05e-04,66.48
7,0.557098,2.444317,3.52e-04,60.84
8,0.542064,2.429216,2.14e-04,57.03
9,0.530810,2.430223,1.05e-04,55.51
10,0.522083,2.453242,3.42e-05,55.85
11,0.517422,2.449112,1.00e-03,56.06
12,0.557822,2.448887,9.76e-04,56.10
