epoch,train_loss,val_loss,lr,time
1,0.003108,0.001569,9.76e-04,32.89
2,0.001315,0.001522,9.05e-04,30.81
3,0.001076,0.001501,7.96e-04,34.63
4,0.000927,0.001509,6.58e-04,34.15
5,0.000814,0.001345,5.05e-04,32.77
6,0.000729,0.001320,3.52e-04,31.19
7,0.000666,0.001441,2.14e-04,31.04
8,0.000621,0.001398,1.05e-04,31.04
9,0.000590,0.001357,3.42e-05,31.01
10,0.000571,0.001331,1.00e-03,31.23
11,0.000710,0.001484,9.76e-04,34.14
