level,signed_bias,steady_plateau_bias,mae,rmse
lv0,-0.01917772502120998,-0.017332136812102463,0.03928327343116204,0.059418673109677106
lv4,-0.06642531064183761,-0.06463534934058164,0.07688271999359131,0.09669111669063568
lv7,-0.08681967152127375,-0.08665901736821979,0.0962910633534193,0.1159501342723767
