epoch,train_loss,val_loss,lr,time
1,0.831678,3.029768,1.00e-03,80.35
2,0.594523,2.947391,9.76e-04,78.66
3,0.535875,3.008564,9.05e-04,78.66
4,0.499013,3.072991,7.96e-04,78.48
5,0.474904,2.978018,6.58e-04,79.20
6,0.453960,3.116017,5.05e-04,79.50
7,0.435364,3.077910,3.52e-04,78.55
8,0.421810,3.079646,2.14e-04,79.07
9,0.408734,3.079339,1.05e-04,77.91
10,0.399571,3.093568,3.42e-05,76.16
11,0.393323,3.087506,1.00e-03,77.65
12,0.446907,3.035146,9.76e-04,78.99
