epoch,train_loss,val_loss,lr,time
1,0.033117,0.052767,9.76e-04,390.21
2,0.023089,0.043168,9.05e-04,390.19
3,0.018806,0.051167,7.96e-04,389.84
4,0.015831,0.060708,6.58e-04,389.63
5,0.013584,0.052164,5.05e-04,389.44
6,0.011977,0.050641,3.52e-04,389.87
7,0.010611,0.054717,2.14e-04,390.44
8,0.009727,0.054886,1.05e-04,390.34
9,0.009005,0.053209,3.42e-05,390.70
10,0.008661,0.053696,1.00e-03,389.82
11,0.013638,0.053057,9.76e-04,389.49
12,0.011299,0.054426,9.05e-04,387.41
