epoch,train_loss,val_loss,lr,time
1,0.001185,0.016425,9.76e-04,258.62
2,0.000475,0.016425,9.05e-04,259.81
3,0.000370,0.019608,7.96e-04,259.31
4,0.000310,0.016969,6.58e-04,259.58
5,0.000269,0.017259,5.05e-04,259.27
6,0.000239,0.016730,3.52e-04,259.29
7,0.000215,0.016900,2.14e-04,259.19
8,0.000198,0.017165,1.05e-04,259.26
9,0.000185,0.016953,3.42e-05,259.24
10,0.000178,0.017196,1.00e-03,259.21
11,0.000256,0.016971,9.76e-04,259.57
