level,signed_bias,steady_plateau_bias,mae,rmse
lv0,-0.0047001728671602905,-0.005557774009907411,0.01975786199586259,0.028302033949229453
lv4,-0.021887550518537562,-0.02477487879029165,0.03831331090380748,0.05595186601082484
lv7,-0.05544523770610491,-0.060021728898088135,0.06710754397014777,0.08835734737416108
