epoch,train_loss,val_loss,lr,time
1,0.004005,0.003297,9.76e-04,119.26
2,0.001556,0.001994,9.05e-04,119.64
3,0.001241,0.001751,7.96e-04,121.14
4,0.001043,0.002235,6.58e-04,118.59
5,0.000924,0.001719,5.05e-04,118.62
6,0.000835,0.001960,3.52e-04,118.15
7,0.000775,0.002350,2.14e-04,120.47
8,0.000730,0.002406,1.05e-04,117.69
9,0.000697,0.002107,3.42e-05,117.62
