epoch,train_loss,val_loss,lr,time
1,0.002266,0.003326,9.76e-04,35.93
2,0.001182,0.001859,9.05e-04,34.99
3,0.000951,0.001619,7.96e-04,34.96
4,0.000804,0.001566,6.58e-04,30.95
5,0.000708,0.002083,5.05e-04,30.94
6,0.000645,0.002225,3.52e-04,30.98
7,0.000587,0.001667,2.14e-04,30.88
8,0.000548,0.001557,1.05e-04,34.18
9,0.000524,0.001728,3.42e-05,30.35
