epoch,train_loss,val_loss,lr,time
1,0.001212,0.017280,9.76e-04,376.24
2,0.000313,0.018807,9.05e-04,387.00
3,0.000203,0.018292,7.96e-04,386.40
4,0.000166,0.017492,6.58e-04,382.86
5,0.000103,0.017945,5.05e-04,386.37
6,0.000085,0.018262,3.52e-04,386.52
7,0.000066,0.018331,2.14e-04,327.21
8,0.000052,0.018161,1.05e-04,268.47
9,0.000045,0.017902,3.42e-05,264.57
10,0.000041,0.018043,1.00e-03,263.24
11,0.000112,0.018127,9.76e-04,262.17
