epoch,train_loss,val_loss,lr,time
1,0.001016,0.016189,9.76e-04,313.25
2,0.000368,0.015759,9.05e-04,390.16
3,0.000271,0.016062,7.96e-04,389.95
4,0.000211,0.015879,6.58e-04,389.55
5,0.000173,0.016172,5.05e-04,390.00
6,0.000145,0.016488,3.52e-04,389.21
7,0.000126,0.016504,2.14e-04,389.81
8,0.000111,0.016865,1.05e-04,388.66
9,0.000101,0.016658,3.42e-05,389.40
10,0.000096,0.016765,1.00e-03,391.07
11,0.000150,0.016201,9.76e-04,390.78
12,0.000130,0.016871,9.05e-04,383.08
