epoch,train_loss,val_loss,lr,time
1,0.920993,2.320174,1.00e-03,98.05
2,0.670087,2.283754,9.76e-04,93.59
3,0.606474,2.426946,9.05e-04,93.55
4,0.566494,2.319245,7.96e-04,93.54
5,0.537096,2.302508,6.58e-04,93.25
6,0.512337,2.300314,5.05e-04,93.17
7,0.491900,2.321087,3.52e-04,93.92
8,0.475233,2.302348,2.14e-04,93.37
9,0.460786,2.301917,1.05e-04,94.31
10,0.450498,2.294210,3.42e-05,93.45
11,0.444271,2.303639,1.00e-03,93.77
12,0.499583,2.312518,9.76e-04,93.09
