level,signed_bias,steady_plateau_bias,mae,rmse
lv0,-0.005450608221710556,-0.007870574132539332,0.044129651246799365,0.058272942072815366
lv4,-0.018604446415944647,-0.019947104975775194,0.057277953873078026,0.07000313823421796
lv7,-0.04566386182947705,-0.04898943340716263,0.08363368362188339,0.10010283129910628
