epoch,train_loss,val_loss,lr,time
1,0.001042,0.015878,9.76e-04,287.81
2,0.000379,0.015888,9.05e-04,308.46
3,0.000275,0.015918,7.96e-04,307.09
4,0.000219,0.016615,6.58e-04,306.51
5,0.000181,0.016799,5.05e-04,307.74
6,0.000155,0.016214,3.52e-04,307.62
7,0.000136,0.016369,2.14e-04,307.55
8,0.000123,0.016397,1.05e-04,307.56
9,0.000113,0.016030,3.42e-05,307.37
10,0.000109,0.016134,1.00e-03,305.86
11,0.000161,0.015952,9.76e-04,307.16
