epoch,train_loss,val_loss,lr,time
1,0.002575,0.001956,9.76e-04,31.22
2,0.001252,0.002178,9.05e-04,33.74
3,0.000996,0.002210,7.96e-04,31.63
4,0.000853,0.002325,6.58e-04,31.64
5,0.000756,0.002168,5.05e-04,31.13
6,0.000676,0.002211,3.52e-04,31.22
7,0.000623,0.002161,2.14e-04,31.99
