epoch,train_loss,val_loss,lr,time
1,0.852482,2.340363,1.00e-03,98.96
2,0.596873,2.358788,9.76e-04,97.37
3,0.530376,2.264116,9.05e-04,97.10
4,0.491121,2.361684,7.96e-04,97.31
5,0.462844,2.343476,6.58e-04,94.68
6,0.441931,2.350025,5.05e-04,96.52
7,0.426112,2.332314,3.52e-04,97.41
8,0.410766,2.346202,2.14e-04,97.24
9,0.398433,2.348838,1.05e-04,97.49
10,0.389602,2.362831,3.42e-05,97.32
11,0.384226,2.372904,1.00e-03,97.20
12,0.436452,2.385712,9.76e-04,87.78
13,0.427756,2.396969,9.05e-04,65.88
