epoch,train_loss,val_loss,lr,time
1,2.734106,3.276658,1.00e-03,27.59
2,2.589439,3.319755,9.76e-04,27.63
3,2.557094,3.329740,9.05e-04,27.51
4,2.538458,3.332185,7.96e-04,27.80
5,2.526247,3.330957,6.58e-04,27.18
6,2.517869,3.317526,5.05e-04,28.03
7,2.512200,3.316239,3.52e-04,27.48
8,2.508404,3.303943,2.14e-04,28.21
9,2.506100,3.304044,1.05e-04,27.70
10,2.504828,3.303474,3.42e-05,27.11
11,2.504277,3.304183,1.00e-03,27.31
