epoch,train_loss,val_loss,lr,time
1,2.861833,12.069889,1.00e-03,101.73
2,2.221306,12.244877,9.76e-04,104.61
3,2.107795,12.322070,9.05e-04,100.27
4,2.045751,12.203357,7.96e-04,99.34
5,2.002749,12.431368,6.58e-04,103.51
6,1.969136,12.340704,5.05e-04,106.08
7,1.945245,12.395118,3.52e-04,97.85
8,1.918749,12.265043,2.14e-04,110.62
9,1.900159,12.341737,1.05e-04,68.08
10,1.884771,12.323446,3.42e-05,63.72
11,1.876871,12.335887,1.00e-03,98.69
