level,signed_bias,steady_plateau_bias,mae,rmse
lv0,-0.009419857550205456,-0.009228812129650679,0.021228242872489825,0.02787155658006668
lv4,-0.0060113602473090095,-0.005692104304519792,0.01941909020145734,0.026145209558308125
lv7,-0.0037782211341739944,-0.00410906766289069,0.019631288790454466,0.026614255892733734
