epoch,train_loss,val_loss,lr,time
1,0.012722,0.003791,9.76e-04,31.63
2,0.005158,0.002837,9.05e-04,31.35
3,0.004199,0.003073,7.96e-04,29.49
4,0.003788,0.002205,6.58e-04,31.47
5,0.003564,0.002522,5.05e-04,31.71
6,0.003459,0.002223,3.52e-04,31.72
7,0.003344,0.003514,2.14e-04,31.77
8,0.003263,0.002944,1.05e-04,31.81
9,0.003219,0.002749,3.42e-05,31.78
10,0.003189,0.002491,1.00e-03,27.98
