epoch,train_loss,val_loss,lr,time
1,0.002637,0.003780,9.76e-04,43.09
2,0.001330,0.002915,9.05e-04,81.16
3,0.001084,0.004186,7.96e-04,82.41
4,0.000940,0.003478,6.58e-04,83.64
5,0.000822,0.003982,5.05e-04,83.10
6,0.000743,0.003079,3.52e-04,83.99
7,0.000677,0.003552,2.14e-04,83.49
8,0.000636,0.003199,1.05e-04,82.16
