epoch,train_loss,val_loss,lr,time
1,0.001422,0.016516,9.76e-04,361.21
2,0.000517,0.017198,9.05e-04,360.46
3,0.000399,0.018317,7.96e-04,360.66
4,0.000298,0.020248,6.58e-04,360.68
5,0.000250,0.017833,5.05e-04,360.60
6,0.000206,0.017692,3.52e-04,360.39
7,0.000178,0.017696,2.14e-04,360.36
8,0.000156,0.017809,1.05e-04,309.51
9,0.000141,0.017594,3.42e-05,230.36
10,0.000134,0.017621,1.00e-03,259.96
11,0.000226,0.017602,9.76e-04,330.85
