epoch,train_loss,val_loss,lr,time
1,2.019465,9.785426,1.00e-03,63.70
2,1.334845,9.926296,9.76e-04,59.90
3,1.230286,9.914663,9.05e-04,62.20
4,1.170346,9.964484,7.96e-04,55.03
5,1.134473,9.888949,6.58e-04,60.17
6,1.103460,9.935115,5.05e-04,62.42
7,1.079231,9.904560,3.52e-04,52.38
8,1.061895,9.969870,2.14e-04,60.40
9,1.046087,9.978766,1.05e-04,59.83
10,1.031071,9.965176,3.42e-05,48.16
11,1.024817,9.961721,1.00e-03,44.26
