epoch,train_loss,val_loss,lr,time
1,0.003848,0.003769,9.76e-04,31.06
2,0.001540,0.002359,9.05e-04,31.04
3,0.001229,0.001600,7.96e-04,31.04
4,0.001074,0.001494,6.58e-04,31.06
5,0.000962,0.001313,5.05e-04,30.93
6,0.000872,0.001506,3.52e-04,31.06
7,0.000802,0.001366,2.14e-04,30.98
8,0.000758,0.001392,1.05e-04,30.99
9,0.000723,0.001368,3.42e-05,33.52
10,0.000703,0.001368,1.00e-03,30.58
11,0.000813,0.001695,9.76e-04,30.54
