level,signed_bias,steady_plateau_bias,mae,rmse
lv0,0.00039627567295812897,5.492285708896816e-05,0.023142457318802673,0.034098368138074875
lv4,-0.011885800360081097,-0.013455209516299268,0.0403884161884586,0.056656582901875176
lv7,-0.015052181687982133,-0.017419960466213524,0.04481423770387968,0.062311689679821335
