epoch,train_loss,val_loss,lr,time
1,0.003182,0.001737,9.76e-04,31.10
2,0.001327,0.001537,9.05e-04,32.02
3,0.001077,0.001477,7.96e-04,30.33
4,0.000920,0.001437,6.58e-04,30.79
5,0.000808,0.001303,5.05e-04,31.15
6,0.000724,0.001208,3.52e-04,31.38
7,0.000664,0.001407,2.14e-04,33.03
8,0.000621,0.001296,1.05e-04,33.00
9,0.000592,0.001231,3.42e-05,31.09
10,0.000569,0.001238,1.00e-03,31.80
11,0.000711,0.001357,9.76e-04,31.63
