epoch,train_loss,val_loss,lr,time
1,0.008829,0.025102,9.76e-04,307.62
2,0.005072,0.025501,9.05e-04,304.97
3,0.003710,0.025693,7.96e-04,304.80
4,0.002929,0.025404,6.58e-04,304.56
5,0.002415,0.026113,5.05e-04,304.45
6,0.002031,0.027346,3.52e-04,304.58
7,0.001758,0.027571,2.14e-04,304.58
8,0.001551,0.027823,1.05e-04,304.79
9,0.001406,0.027097,3.42e-05,318.51
10,0.001335,0.026983,1.00e-03,304.78
11,0.002177,0.027797,9.76e-04,304.64
