level,signed_bias,steady_plateau_bias,mae,rmse
lv0,-0.0013329413486644626,-0.0018193258632284899,0.03138124466770225,0.04700367980533176
