condition,level,mae,rmse,r2,signed_bias,std_error,steady_plateau_bias,steady_plateau_mae,onset_error,decay_error,trough_error_p05
accel_sine,lv0,0.056463465094566345,0.07028740644454956,0.9530854228478276,-0.01989246904850006,0.06741371750831604,-0.021218780428171158,0.05505724996328354,-0.038294412195682526,0.20256195962429047,-0.12372402101755142
decline_5deg,lv0,0.019503846764564514,0.03288750350475311,0.9298674822198911,0.007720753084868193,0.031968384981155396,0.00670494232326746,0.017729174345731735,-0.06333471834659576,0.2473948746919632,-0.02918628416955471
incline_10deg,lv0,0.024920081719756126,0.044952500611543655,0.882768499744661,-0.0031745187006890774,0.04484026879072189,-0.003259774064645171,0.023233454674482346,-0.13433824479579926,0.14658480882644653,-0.054751649498939514
level_075mps,lv0,0.021499931812286377,0.031215276569128036,0.9330168139604909,0.00028799439314752817,0.03118641208857298,-4.845505463890731e-05,0.020711147226393223,-0.03230661433190107,0.1684706211090088,-0.04031676799058914
level_100mps,lv0,0.026876244693994522,0.03602815419435501,0.9628547446722127,0.011564253829419613,0.03412178158760071,0.011689436621963978,0.02546403743326664,-0.08086498081684113,0.08959042280912399,-0.04395648464560509
level_125mps,lv0,0.03138384595513344,0.04501207172870636,0.9685246479174131,-0.006428237073123455,0.04455069452524185,-0.0066032796166837215,0.03000660240650177,-0.07889772951602936,0.08441522717475891,-0.0836549773812294
stopandgo,lv0,0.04014192707836628,0.06571746431291103,0.9796538295068629,-0.0011811215081252158,0.06566249392926693,-0.001794783747754991,0.022712072357535362,-0.08475737273693085,0.08135215938091278,-0.12437885254621506
