epoch,train_loss,val_loss,lr,time
1,0.002565,0.002400,9.76e-04,123.89
2,0.001118,0.002152,9.05e-04,123.62
3,0.000844,0.001920,7.96e-04,123.37
4,0.000689,0.002199,6.58e-04,123.67
5,0.000593,0.002780,5.05e-04,123.35
6,0.000519,0.002567,3.52e-04,123.77
7,0.000467,0.002651,2.14e-04,122.84
8,0.000427,0.002910,1.05e-04,122.23
9,0.000401,0.002751,3.42e-05,122.38
