epoch,train_loss,val_loss,lr,time
1,0.003801,0.002123,9.76e-04,35.77
2,0.001457,0.001807,9.05e-04,31.67
3,0.001146,0.001549,7.96e-04,30.92
4,0.000968,0.001470,6.58e-04,30.78
5,0.000842,0.001846,5.05e-04,31.68
6,0.000764,0.001650,3.52e-04,32.75
7,0.000709,0.001718,2.14e-04,34.44
8,0.000662,0.001674,1.05e-04,32.49
9,0.000639,0.001621,3.42e-05,31.06
