epoch,train_loss,val_loss,lr,time
1,0.913918,2.252189,1.00e-03,64.13
2,0.641645,2.358402,9.76e-04,64.05
3,0.575337,2.360614,9.05e-04,63.80
4,0.537171,2.325622,7.96e-04,63.02
5,0.510769,2.323800,6.58e-04,63.68
6,0.490601,2.329555,5.05e-04,64.49
7,0.476446,2.327191,3.52e-04,63.58
8,0.462437,2.336467,2.14e-04,63.47
9,0.452793,2.381029,1.05e-04,64.37
10,0.445427,2.353293,3.42e-05,63.05
11,0.440970,2.357093,1.00e-03,63.61
