epoch,train_loss,val_loss,lr,time
1,3.453171,9.624293,1.00e-03,57.59
2,2.676611,9.672154,9.76e-04,54.43
3,2.532300,9.587079,9.05e-04,60.35
4,2.466677,9.795347,7.96e-04,59.19
5,2.424662,9.637527,6.58e-04,56.73
6,2.394435,9.670448,5.05e-04,56.59
7,2.369472,9.685844,3.52e-04,60.55
8,2.351789,9.619263,2.14e-04,58.82
9,2.340476,9.732700,1.05e-04,43.90
10,2.331988,9.689333,3.42e-05,61.03
11,2.321057,9.684576,1.00e-03,62.87
12,2.360867,9.610400,9.76e-04,61.85
13,2.352238,9.595104,9.05e-04,62.91
