epoch,train_loss,val_loss,lr,time
1,0.011549,0.003731,9.76e-04,29.83
2,0.005233,0.004538,9.05e-04,28.86
3,0.004485,0.004202,7.96e-04,30.45
4,0.004157,0.004349,6.58e-04,30.90
5,0.003956,0.004139,5.05e-04,28.50
6,0.003829,0.003738,3.52e-04,30.13
7,0.003751,0.004292,2.14e-04,30.99
