epoch,train_loss,val_loss,lr,time
1,0.004482,0.015726,9.76e-04,109.43
2,0.003814,0.015509,9.05e-04,273.68
3,0.003727,0.015712,7.96e-04,311.25
4,0.003682,0.015581,6.58e-04,310.24
5,0.003650,0.015556,5.05e-04,309.80
6,0.003628,0.015644,3.52e-04,310.23
7,0.003611,0.015558,2.14e-04,311.05
8,0.003598,0.015784,1.05e-04,311.05
9,0.003590,0.015748,3.42e-05,310.86
10,0.003585,0.015749,1.00e-03,311.35
11,0.003636,0.015665,9.76e-04,309.51
12,0.003619,0.015602,9.05e-04,311.44
