epoch,train_loss,val_loss,lr,time
1,0.852656,2.407327,1.00e-03,97.65
2,0.585662,2.438238,9.76e-04,78.10
3,0.520372,2.511995,9.05e-04,64.68
4,0.480561,2.507958,7.96e-04,64.95
5,0.453533,2.530219,6.58e-04,65.13
6,0.434587,2.514287,5.05e-04,64.68
7,0.417236,2.481699,3.52e-04,65.15
8,0.403498,2.508174,2.14e-04,64.67
9,0.391496,2.517214,1.05e-04,62.52
10,0.383007,2.508842,3.42e-05,64.43
11,0.377775,2.500152,1.00e-03,64.80
