epoch,train_loss,val_loss,lr,time
1,0.843984,2.299327,1.00e-03,94.28
2,0.586045,2.358365,9.76e-04,96.03
3,0.525171,2.346172,9.05e-04,97.69
4,0.489519,2.372209,7.96e-04,97.55
5,0.462318,2.354431,6.58e-04,96.86
6,0.441624,2.346699,5.05e-04,98.79
7,0.425024,2.381920,3.52e-04,101.01
8,0.409224,2.310809,2.14e-04,100.39
9,0.398145,2.355074,1.05e-04,100.74
10,0.388448,2.353772,3.42e-05,100.59
11,0.383411,2.350769,1.00e-03,100.87
