epoch,train_loss,val_loss,lr,time
1,0.001550,0.015417,9.76e-04,116.59
2,0.000449,0.015147,9.05e-04,117.43
3,0.000274,0.015590,7.96e-04,116.86
4,0.000188,0.015801,6.58e-04,116.41
5,0.000130,0.015683,5.05e-04,116.69
6,0.000097,0.015255,3.52e-04,116.46
7,0.000070,0.015257,2.14e-04,116.22
8,0.000054,0.015418,1.05e-04,116.65
9,0.000045,0.015419,3.42e-05,117.59
10,0.000040,0.015422,1.00e-03,117.76
11,0.000149,0.015626,9.76e-04,117.29
12,0.000111,0.015659,9.05e-04,117.22
