epoch,train_loss,val_loss,lr,time
1,0.002658,0.001860,9.76e-04,84.74
2,0.001354,0.002046,9.05e-04,83.83
3,0.001101,0.001843,7.96e-04,84.24
4,0.000945,0.002167,6.58e-04,83.71
5,0.000834,0.001590,5.05e-04,84.70
6,0.000756,0.001836,3.52e-04,83.46
7,0.000695,0.001783,2.14e-04,83.66
8,0.000649,0.001973,1.05e-04,83.84
9,0.000618,0.001910,3.42e-05,82.48
10,0.000603,0.001929,1.00e-03,83.74
11,0.000736,0.001941,9.76e-04,84.07
