epoch,train_loss,val_loss,lr,time
1,1.870697,10.046850,1.00e-03,55.24
2,1.141916,10.196950,9.76e-04,56.61
3,1.055251,10.168721,9.05e-04,59.18
4,1.017089,10.271097,7.96e-04,56.45
5,0.990575,10.116712,6.58e-04,50.93
6,0.968340,10.175484,5.05e-04,49.99
7,0.950920,10.140631,3.52e-04,58.20
8,0.933811,10.122205,2.14e-04,48.13
9,0.921620,10.177006,1.05e-04,55.07
10,0.911143,10.137409,3.42e-05,58.25
11,0.906305,10.162281,1.00e-03,56.30
