level,signed_bias,steady_plateau_bias,mae,rmse
lv0,-0.10018708470488491,-0.10371180044603534,0.11454787291586399,0.13413420040160418
