condition,level,mae,rmse,r2,signed_bias,std_error,steady_plateau_bias,steady_plateau_mae,onset_error,decay_error,trough_error_p05
accel_sine,lv0,0.1448114663362503,0.17079828679561615,0.7261364024598564,-0.12896819412708282,0.11197881400585175,-0.13125234842300415,0.14585696160793304,-0.04320548474788666,0.0759207010269165,-0.2897181808948517
decline_5deg,lv0,0.024904560297727585,0.03514201566576958,0.9131422980604107,-0.009800953790545464,0.03374762833118439,-0.010427321307361126,0.024380913004279137,,0.20183110237121582,-0.053095150738954544
incline_10deg,lv0,0.021700512617826462,0.038623783737421036,0.8941153330877514,-3.353373904246837e-05,0.03862376883625984,-0.0019983903039246798,0.019757546484470367,-0.005898472387343645,0.28359732031822205,-0.037311818450689316
level_075mps,lv0,0.1668613851070404,0.18816229701042175,-2.6661990064133456,-0.16455405950546265,0.09125249087810516,-0.16724668443202972,0.16826984286308289,-0.015702305361628532,0.0839562937617302,-0.3199874460697174
level_100mps,lv0,0.19300487637519836,0.20418353378772736,-1.307842798948942,-0.19139431416988373,0.07112757116556168,-0.193501815199852,0.1947890967130661,-0.11436394602060318,-0.035809099674224854,-0.29458820819854736
level_125mps,lv0,0.21026413142681122,0.2223121076822281,-0.6013291315909952,-0.20979678630828857,0.07353901863098145,-0.212678000330925,0.21268579363822937,-0.1837477833032608,-0.00853028055280447,-0.3437398672103882
stopandgo,lv0,0.0774180255830288,0.10692578926682472,0.9439505687356315,-0.04847441799938679,0.09530612826347351,-0.05629492178559303,0.07254724577069283,-0.09879447147250175,0.04690075293183327,-0.2184884250164032
