epoch,train_loss,val_loss,lr,time
1,0.001042,0.016752,9.76e-04,332.43
2,0.000392,0.016061,9.05e-04,332.39
3,0.000293,0.016232,7.96e-04,332.27
4,0.000239,0.017499,6.58e-04,332.29
5,0.000200,0.016677,5.05e-04,332.00
6,0.000172,0.016850,3.52e-04,332.22
7,0.000153,0.017593,2.14e-04,332.23
8,0.000138,0.017270,1.05e-04,332.30
9,0.000129,0.017769,3.42e-05,332.10
10,0.000123,0.017676,1.00e-03,330.97
11,0.000177,0.017339,9.76e-04,331.16
12,0.000158,0.016991,9.05e-04,269.14
