epoch,train_loss,val_loss,lr,time
1,0.002732,0.002022,9.76e-04,34.13
2,0.001321,0.001741,9.05e-04,34.03
3,0.001071,0.001574,7.96e-04,30.16
4,0.000906,0.001900,6.58e-04,33.94
5,0.000809,0.001564,5.05e-04,33.58
6,0.000731,0.001649,3.52e-04,30.38
7,0.000668,0.001512,2.14e-04,30.71
8,0.000622,0.001780,1.05e-04,33.05
9,0.000593,0.001657,3.42e-05,34.05
