epoch,train_loss,val_loss,lr,time
1,0.001951,0.003865,9.76e-04,235.33
2,0.000724,0.001362,9.05e-04,242.55
3,0.000529,0.004469,7.96e-04,242.83
4,0.000434,0.003673,6.58e-04,244.33
5,0.000370,0.002891,5.05e-04,244.20
6,0.000322,0.003353,3.52e-04,244.84
7,0.000290,0.002353,2.14e-04,244.48
8,0.000264,0.002734,1.05e-04,245.37
9,0.000247,0.002874,3.42e-05,244.15
10,0.000238,0.003374,1.00e-03,242.93
11,0.000349,0.001912,9.76e-04,242.72
12,0.000315,0.002910,9.05e-04,188.74
