epoch,train_loss,val_loss,lr,time
1,0.002587,0.003414,9.76e-04,34.53
2,0.001268,0.002942,9.05e-04,30.39
3,0.001033,0.003210,7.96e-04,33.69
4,0.000897,0.003954,6.58e-04,30.60
5,0.000792,0.004529,5.05e-04,30.50
6,0.000720,0.003322,3.52e-04,31.28
7,0.000655,0.003567,2.14e-04,30.74
