epoch,train_loss,val_loss,lr,time
1,2.861833,12.069889,1.00e-03,93.18
2,2.221306,12.244877,9.76e-04,93.66
3,2.107795,12.322070,9.05e-04,87.28
4,2.045751,12.203357,7.96e-04,89.29
5,2.002749,12.431368,6.58e-04,90.65
6,1.969136,12.340704,5.05e-04,83.75
7,1.945245,12.395118,3.52e-04,102.32
8,1.918749,12.265043,2.14e-04,91.58
9,1.900159,12.341737,1.05e-04,92.57
10,1.884771,12.323446,3.42e-05,83.33
11,1.876871,12.335887,1.00e-03,99.28
