epoch,train_loss,val_loss,lr,time
1,0.000081,0.000067,9.76e-04,276.26
2,0.000031,0.000052,9.05e-04,334.91
3,0.000029,0.000059,7.96e-04,334.05
4,0.000025,0.000068,6.58e-04,333.95
5,0.000022,0.000062,5.05e-04,333.63
6,0.000019,0.000064,3.52e-04,333.63
7,0.000017,0.000063,2.14e-04,333.83
8,0.000015,0.000064,1.05e-04,333.72
9,0.000014,0.000063,3.42e-05,333.34
10,0.000014,0.000064,1.00e-03,333.17
11,0.000018,0.000065,9.76e-04,333.28
