epoch,train_loss,val_loss,lr,time
1,2.513190,9.467156,1.00e-03,53.83
2,1.758204,9.603129,9.76e-04,57.47
3,1.678778,9.594291,9.05e-04,49.89
4,1.639343,9.642625,7.96e-04,48.22
5,1.609915,9.579960,6.58e-04,42.11
6,1.590262,9.678911,5.05e-04,60.97
7,1.574220,9.654806,3.52e-04,61.77
8,1.559657,9.668865,2.14e-04,58.40
9,1.546174,9.667301,1.05e-04,56.49
10,1.537446,9.685210,3.42e-05,52.66
11,1.532999,9.702268,1.00e-03,50.03
