epoch,train_loss,val_loss,lr,time
1,0.004445,0.001119,9.76e-04,156.85
2,0.002444,0.000789,9.05e-04,158.51
3,0.002302,0.000801,7.96e-04,156.77
4,0.002217,0.000962,6.58e-04,157.27
5,0.002164,0.000921,5.05e-04,163.45
6,0.002118,0.001346,3.52e-04,161.33
7,0.002062,0.000781,2.14e-04,153.86
8,0.002021,0.000766,1.05e-04,154.14
9,0.002012,0.000967,3.42e-05,153.95
10,0.001994,0.000831,1.00e-03,153.30
11,0.002130,0.001561,9.76e-04,156.41
12,0.002096,0.000909,9.05e-04,154.03
