epoch,train_loss,val_loss,lr,time
1,0.001179,0.016332,9.76e-04,300.30
2,0.000480,0.016256,9.05e-04,301.18
3,0.000373,0.018002,7.96e-04,301.42
4,0.000312,0.017403,6.58e-04,301.26
5,0.000267,0.017192,5.05e-04,300.99
6,0.000238,0.016692,3.52e-04,301.74
7,0.000214,0.016705,2.14e-04,300.35
8,0.000196,0.017016,1.05e-04,301.26
9,0.000186,0.017157,3.42e-05,300.90
10,0.000178,0.017135,1.00e-03,300.93
11,0.000255,0.017443,9.76e-04,298.00
