epoch,train_loss,val_loss,lr,time
1,0.915096,1.982866,1.00e-03,96.66
2,0.638985,2.119560,9.76e-04,90.69
3,0.567361,2.123948,9.05e-04,92.01
4,0.527492,2.141155,7.96e-04,93.57
5,0.497877,2.076135,6.58e-04,93.29
6,0.475250,2.128108,5.05e-04,93.61
7,0.457429,2.098930,3.52e-04,93.68
8,0.442103,2.118760,2.14e-04,93.05
9,0.429660,2.118733,1.05e-04,93.29
10,0.419764,2.134104,3.42e-05,93.52
11,0.415006,2.133262,1.00e-03,93.57
