epoch,train_loss,val_loss,lr,time
1,0.002053,0.016804,9.76e-04,292.52
2,0.000672,0.018044,9.05e-04,298.86
3,0.000493,0.017378,7.96e-04,299.04
4,0.000400,0.018725,6.58e-04,298.93
5,0.000342,0.016829,5.05e-04,298.32
6,0.000302,0.017084,3.52e-04,298.93
7,0.000269,0.017994,2.14e-04,298.83
8,0.000247,0.017517,1.05e-04,299.15
9,0.000232,0.017647,3.42e-05,299.05
10,0.000223,0.017881,1.00e-03,298.83
11,0.000326,0.018054,9.76e-04,298.80
