epoch,train_loss,val_loss,lr,time
1,0.003192,0.001664,9.76e-04,33.93
2,0.001273,0.001506,9.05e-04,34.16
3,0.001014,0.001363,7.96e-04,33.91
4,0.000859,0.001324,6.58e-04,30.38
5,0.000762,0.001436,5.05e-04,30.68
6,0.000678,0.001305,3.52e-04,30.66
7,0.000621,0.001370,2.14e-04,34.01
8,0.000573,0.001320,1.05e-04,29.47
9,0.000546,0.001323,3.42e-05,30.44
