epoch,train_loss,val_loss,lr,time
1,0.002397,0.011767,9.76e-04,31.74
2,0.001183,0.009574,9.05e-04,32.15
3,0.000959,0.013078,7.96e-04,31.99
4,0.000820,0.011790,6.58e-04,31.99
5,0.000727,0.013117,5.05e-04,32.80
6,0.000660,0.012138,3.52e-04,31.82
7,0.000606,0.013688,2.14e-04,31.88
8,0.000564,0.012904,1.05e-04,31.61
