epoch,train_loss,val_loss,lr,time
1,0.001200,0.001362,9.76e-04,210.72
2,0.000445,0.003006,9.05e-04,237.98
3,0.000335,0.004315,7.96e-04,296.93
4,0.000274,0.002236,6.58e-04,298.13
5,0.000230,0.001821,5.05e-04,298.21
6,0.000197,0.002607,3.52e-04,299.14
7,0.000172,0.003484,2.14e-04,296.27
8,0.000154,0.003332,1.05e-04,296.51
9,0.000142,0.003441,3.42e-05,296.22
10,0.000135,0.003084,1.00e-03,296.17
11,0.000213,0.003269,9.76e-04,236.73
