epoch,train_loss,val_loss,lr,time
1,0.003041,0.002131,9.76e-04,124.44
2,0.001129,0.001938,9.05e-04,123.74
3,0.000882,0.002035,7.96e-04,124.26
4,0.000736,0.002850,6.58e-04,125.05
5,0.000659,0.001769,5.05e-04,123.62
6,0.000597,0.003402,3.52e-04,124.49
7,0.000552,0.002224,2.14e-04,124.11
8,0.000511,0.001984,1.05e-04,124.64
9,0.000486,0.002433,3.42e-05,124.15
10,0.000470,0.002376,1.00e-03,124.00
11,0.000595,0.002032,9.76e-04,124.34
