epoch,train_loss,val_loss,lr,time
1,0.848917,2.341135,1.00e-03,99.49
2,0.589526,2.331439,9.76e-04,93.87
3,0.524467,2.263560,9.05e-04,95.49
4,0.488726,2.302618,7.96e-04,89.36
5,0.462147,2.314073,6.58e-04,78.59
6,0.442557,2.317135,5.05e-04,94.54
7,0.424073,2.303045,3.52e-04,97.26
8,0.409755,2.300061,2.14e-04,97.07
9,0.398411,2.288492,1.05e-04,96.66
10,0.389733,2.301808,3.42e-05,96.81
11,0.384132,2.296846,1.00e-03,97.34
12,0.434308,2.271731,9.76e-04,97.03
13,0.425964,2.303211,9.05e-04,96.77
