epoch,train_loss,val_loss,lr,time
1,0.879000,2.536122,1.00e-03,97.57
2,0.615807,2.589691,9.76e-04,97.18
3,0.550744,2.544084,9.05e-04,96.18
4,0.514832,2.618838,7.96e-04,96.43
5,0.488148,2.536120,6.58e-04,96.31
6,0.466812,2.599514,5.05e-04,96.11
7,0.449623,2.548434,3.52e-04,96.17
8,0.434205,2.605115,2.14e-04,96.05
9,0.421749,2.556792,1.05e-04,96.22
10,0.412854,2.574330,3.42e-05,96.21
11,0.407146,2.560877,1.00e-03,96.62
