epoch,train_loss,val_loss,lr,time
1,0.032701,0.048302,9.76e-04,385.50
2,0.022892,0.053447,9.05e-04,393.96
3,0.018811,0.055316,7.96e-04,394.14
4,0.015994,0.054739,6.58e-04,394.06
5,0.013826,0.051805,5.05e-04,394.02
6,0.012257,0.054973,3.52e-04,390.62
7,0.011001,0.052425,2.14e-04,393.38
8,0.010004,0.058415,1.05e-04,393.43
9,0.009346,0.055864,3.42e-05,392.92
10,0.008997,0.056046,1.00e-03,389.56
11,0.012367,0.055491,9.76e-04,394.00
