epoch,train_loss,val_loss,lr,time
1,0.775233,2.664292,1.00e-03,94.64
2,0.524840,2.653281,9.76e-04,89.84
3,0.459072,2.696405,9.05e-04,91.53
4,0.420431,2.789326,7.96e-04,91.93
5,0.394393,2.896877,6.58e-04,92.25
6,0.374671,2.876902,5.05e-04,92.07
7,0.358232,2.857570,3.52e-04,92.43
8,0.343324,2.860981,2.14e-04,91.61
9,0.332128,2.879858,1.05e-04,92.29
10,0.323255,2.915436,3.42e-05,92.00
11,0.318970,2.917253,1.00e-03,91.84
12,0.363975,2.924812,9.76e-04,90.32
