epoch,train_loss,val_loss,lr,time
1,2.507261,9.306712,1.00e-03,54.41
2,1.810581,9.520344,9.76e-04,60.89
3,1.720390,9.568171,9.05e-04,51.80
4,1.675312,9.542107,7.96e-04,54.32
5,1.642625,9.703439,6.58e-04,60.32
6,1.618014,9.626392,5.05e-04,59.65
7,1.598576,9.664339,3.52e-04,56.23
8,1.583149,9.614171,2.14e-04,53.03
9,1.572920,9.641553,1.05e-04,61.51
10,1.565213,9.625685,3.42e-05,61.20
11,1.558634,9.650511,1.00e-03,53.66
