group,mae,rmse,r2,lag_ms,mae_delta,mae_pct_change
exp_H2_hybrid_norm,0.019726342,0.055104773,0.97330815,-2.5396825396825395,-0.00040969625,-2.0346417
baseline,0.020136038,0.048974276,0.9772193,0.6691729323308273,0.0,0.0
exp_F1_global_acc_additive,0.020632224,0.04729541,0.97926116,-19.047619047619047,0.0004961863,2.4641705
exp_F2_global_vel_additive,0.020713827,0.04582805,0.98138046,-4.018379281537176,0.0005777888,2.8694265
exp_G3_no_grf_enhanced,0.02553694,0.058428798,0.97004414,1.8713450292397662,0.0054009017,26.822067
exp_H1_stride_frequency,0.027984744,0.062474072,0.96643287,-4.745614035087719,0.007848706,38.978405
exp_F3_global_full_additive,0.03337382,0.08958111,0.89659053,-2.322472848788638,0.013237784,65.741745
exp_G1_no_mocap_enhanced,0.034445096,0.07552814,0.94924337,9.606934001670844,0.014309058,71.061935
exp_G2_no_mocap_exo_angles,0.035452515,0.08275401,0.94671375,2.7318295739348373,0.015316477,76.064995
