epoch,train_loss,val_loss,lr,time
1,0.003344,0.003181,9.76e-04,217.83
2,0.000635,0.005165,9.05e-04,198.14
3,0.000372,0.003834,7.96e-04,141.00
4,0.000249,0.003853,6.58e-04,130.07
5,0.000177,0.004765,5.05e-04,139.83
6,0.000131,0.003992,3.52e-04,114.99
7,0.000097,0.004509,2.14e-04,138.41
8,0.000078,0.004877,1.05e-04,128.14
9,0.000066,0.005343,3.42e-05,124.41
10,0.000059,0.004683,1.00e-03,140.54
11,0.000177,0.003525,9.76e-04,205.88
