epoch,train_loss,val_loss,lr,time
1,0.002053,0.016804,9.76e-04,107.68
2,0.000672,0.018044,9.05e-04,106.80
3,0.000493,0.017378,7.96e-04,105.07
4,0.000400,0.018725,6.58e-04,107.14
5,0.000342,0.016829,5.05e-04,106.39
6,0.000302,0.017084,3.52e-04,104.01
7,0.000269,0.017994,2.14e-04,100.70
8,0.000247,0.017517,1.05e-04,94.68
9,0.000232,0.017647,3.42e-05,92.98
10,0.000223,0.017881,1.00e-03,93.10
11,0.000326,0.018054,9.76e-04,331.62
