epoch,train_loss,val_loss,lr,time
1,0.887600,2.035866,1.00e-03,96.56
2,0.623077,2.056989,9.76e-04,93.57
3,0.555196,2.093538,9.05e-04,93.50
4,0.515307,2.073892,7.96e-04,93.10
5,0.487485,2.080635,6.58e-04,93.60
6,0.465465,2.101234,5.05e-04,93.39
7,0.448231,2.119108,3.52e-04,90.92
8,0.432325,2.101733,2.14e-04,89.75
9,0.420433,2.134110,1.05e-04,92.51
10,0.410231,2.121641,3.42e-05,93.43
11,0.404944,2.121406,1.00e-03,93.37
