epoch,train_loss,val_loss,lr,time
1,0.002653,0.002060,9.76e-04,83.90
2,0.001317,0.002164,9.05e-04,84.20
3,0.001080,0.001808,7.96e-04,84.26
4,0.000924,0.002004,6.58e-04,85.41
5,0.000824,0.001467,5.05e-04,84.47
6,0.000743,0.001847,3.52e-04,83.61
7,0.000685,0.001925,2.14e-04,84.51
8,0.000639,0.001861,1.05e-04,84.75
9,0.000609,0.001759,3.42e-05,84.47
10,0.000591,0.001828,1.00e-03,81.99
11,0.000727,0.001725,9.76e-04,84.84
