epoch,train_loss,val_loss,lr,time
1,0.001996,0.002920,9.76e-04,121.67
2,0.000845,0.003752,9.05e-04,102.90
3,0.000673,0.003125,7.96e-04,112.43
4,0.000582,0.002908,6.58e-04,118.78
5,0.000515,0.005136,5.05e-04,141.70
6,0.000469,0.003405,3.52e-04,255.72
7,0.000431,0.003935,2.14e-04,234.76
8,0.000405,0.002986,1.05e-04,241.55
9,0.000385,0.003499,3.42e-05,248.46
10,0.000373,0.003596,1.00e-03,247.54
11,0.000482,0.002960,9.76e-04,244.70
