epoch,train_loss,val_loss,lr,time
1,0.001088,0.017591,9.76e-04,326.97
2,0.000395,0.016938,9.05e-04,325.45
3,0.000287,0.018800,7.96e-04,325.08
4,0.000226,0.017980,6.58e-04,324.58
5,0.000186,0.017904,5.05e-04,325.48
6,0.000158,0.018478,3.52e-04,326.38
7,0.000137,0.018215,2.14e-04,325.82
8,0.000122,0.018507,1.05e-04,323.91
9,0.000112,0.018366,3.42e-05,325.59
10,0.000106,0.018340,1.00e-03,324.17
11,0.000168,0.019185,9.76e-04,326.04
12,0.000146,0.018103,9.05e-04,263.44
