epoch,train_loss,val_loss,lr,time
1,3.105425,11.234242,1.00e-03,105.31
2,2.377576,10.980836,9.76e-04,111.95
3,2.260609,11.100798,9.05e-04,80.11
4,2.191405,11.573897,7.96e-04,102.43
5,2.148648,11.476844,6.58e-04,104.72
6,2.109438,11.204390,5.05e-04,97.75
7,2.077489,11.558921,3.52e-04,101.68
8,2.048844,11.316002,2.14e-04,87.30
9,2.026334,11.288662,1.05e-04,100.18
10,2.012030,11.380984,3.42e-05,106.25
11,2.001245,11.442424,1.00e-03,89.10
12,2.098172,11.212209,9.76e-04,72.47
