epoch,train_loss,val_loss,lr,time
1,0.001132,0.015798,9.76e-04,293.67
2,0.000507,0.016462,9.05e-04,292.33
3,0.000391,0.016652,7.96e-04,292.60
4,0.000315,0.018529,6.58e-04,292.41
5,0.000268,0.017171,5.05e-04,292.81
6,0.000229,0.017308,3.52e-04,292.54
7,0.000205,0.017556,2.14e-04,292.49
8,0.000183,0.018352,1.05e-04,292.62
9,0.000170,0.017718,3.42e-05,292.14
10,0.000162,0.017678,1.00e-03,292.01
11,0.000244,0.018237,9.76e-04,197.64
