epoch,train_loss,val_loss,lr,time
1,0.000081,0.000166,9.76e-04,291.26
2,0.000031,0.000048,9.05e-04,294.62
3,0.000029,0.000046,7.96e-04,294.54
4,0.000026,0.000068,6.58e-04,294.58
5,0.000023,0.000057,5.05e-04,294.23
6,0.000020,0.000052,3.52e-04,294.40
7,0.000017,0.000051,2.14e-04,294.50
8,0.000015,0.000051,1.05e-04,294.71
9,0.000014,0.000050,3.42e-05,294.59
10,0.000013,0.000049,1.00e-03,294.43
11,0.000019,0.000056,9.76e-04,295.08
12,0.000017,0.000052,9.05e-04,142.05
