epoch,train_loss,val_loss,lr,time
1,2.734857,9.585163,1.00e-03,57.28
2,1.995024,9.724329,9.76e-04,60.18
3,1.870621,9.678152,9.05e-04,62.36
4,1.811683,9.859927,7.96e-04,56.61
5,1.777141,9.738531,6.58e-04,59.82
6,1.749048,9.759175,5.05e-04,51.22
7,1.725569,9.778197,3.52e-04,60.27
8,1.706977,9.780639,2.14e-04,61.82
9,1.693547,9.856694,1.05e-04,57.98
10,1.681428,9.804837,3.42e-05,60.34
11,1.676285,9.786600,1.00e-03,59.76
