epoch,train_loss,val_loss,lr,time
1,0.003102,0.001434,9.76e-04,32.98
2,0.001270,0.001542,9.05e-04,34.86
3,0.001015,0.001349,7.96e-04,31.95
4,0.000867,0.001168,6.58e-04,31.29
5,0.000753,0.001194,5.05e-04,31.02
6,0.000682,0.001164,3.52e-04,31.42
7,0.000618,0.001225,2.14e-04,31.44
8,0.000574,0.001130,1.05e-04,34.85
9,0.000543,0.001128,3.42e-05,31.78
10,0.000525,0.001104,1.00e-03,31.02
