epoch,train_loss,val_loss,lr,time
1,0.003852,0.003641,9.76e-04,30.94
2,0.001532,0.002284,9.05e-04,30.60
3,0.001224,0.001552,7.96e-04,32.58
4,0.001070,0.001534,6.58e-04,31.01
5,0.000956,0.001366,5.05e-04,31.22
6,0.000874,0.001418,3.52e-04,31.21
7,0.000806,0.001374,2.14e-04,30.68
8,0.000765,0.001365,1.05e-04,31.19
9,0.000730,0.001336,3.42e-05,33.13
10,0.000710,0.001322,1.00e-03,30.27
11,0.000819,0.001532,9.76e-04,33.83
