epoch,train_loss,val_loss,lr,time
1,0.001085,0.016260,9.76e-04,326.93
2,0.000432,0.016425,9.05e-04,326.42
3,0.000327,0.017098,7.96e-04,325.33
4,0.000265,0.016586,6.58e-04,325.72
5,0.000219,0.016442,5.05e-04,325.50
6,0.000187,0.017083,3.52e-04,325.41
7,0.000163,0.016964,2.14e-04,320.97
8,0.000145,0.016756,1.05e-04,319.44
9,0.000133,0.016820,3.42e-05,320.88
10,0.000126,0.016899,1.00e-03,325.53
11,0.000202,0.017315,9.76e-04,323.25
