epoch,train_loss,val_loss,lr,time
1,0.837526,2.410529,1.00e-03,99.77
2,0.587169,2.471078,9.76e-04,97.17
3,0.524121,2.450909,9.05e-04,94.92
4,0.485953,2.470992,7.96e-04,96.02
5,0.458933,2.478893,6.58e-04,97.23
6,0.438086,2.546813,5.05e-04,97.13
7,0.420458,2.523740,3.52e-04,97.28
8,0.405553,2.527268,2.14e-04,96.92
9,0.393616,2.559935,1.05e-04,97.40
10,0.384739,2.562137,3.42e-05,95.76
11,0.379152,2.557632,1.00e-03,96.13
