epoch,train_loss,val_loss,lr,time
1,0.847886,2.925779,1.00e-03,96.19
2,0.602868,2.999929,9.76e-04,94.70
3,0.535995,2.982177,9.05e-04,95.86
4,0.497579,2.996717,7.96e-04,95.91
5,0.473374,3.005201,6.58e-04,93.28
6,0.451188,2.998144,5.05e-04,95.06
7,0.431687,2.998338,3.52e-04,95.51
8,0.417707,3.008301,2.14e-04,95.77
9,0.405761,3.039287,1.05e-04,95.59
10,0.396998,3.011123,3.42e-05,95.57
11,0.391603,3.031208,1.00e-03,95.64
