level,signed_bias,steady_plateau_bias,mae,rmse
lv0,0.008575910217283914,0.008712186575091133,0.02902878148274289,0.03906060217155351
lv4,-0.029717347914508235,-0.03060233497914548,0.05833393273254236,0.07197499989221494
lv7,-0.07180123741272837,-0.07460146859132995,0.09930012468248606,0.11742446944117546
