epoch,train_loss,val_loss,lr,time
1,0.884039,2.288522,1.00e-03,213.94
2,0.662526,2.325911,9.76e-04,211.94
3,0.604260,2.379030,9.05e-04,244.81
4,0.568893,2.374660,7.96e-04,264.87
5,0.542145,2.400591,6.58e-04,259.85
6,0.520990,2.316824,5.05e-04,248.35
7,0.503005,2.365377,3.52e-04,253.78
8,0.486731,2.343013,2.14e-04,255.40
9,0.471962,2.350145,1.05e-04,262.85
10,0.462640,2.336330,3.42e-05,252.00
11,0.456811,2.345757,1.00e-03,262.78
