level,signed_bias,steady_plateau_bias,mae,rmse
lv0,-0.009414123500593834,-0.008743497620647153,0.04158211126923561,0.05358685739338398
lv4,-0.032005752281596266,-0.029335254618975643,0.05732433901478847,0.06993912284572919
lv7,-0.04950363429573675,-0.047989709807249405,0.07535000828405221,0.09133885831882556
