level,signed_bias,steady_plateau_bias,mae,rmse
lv0,0.0037030945661374265,0.004095839672825403,0.020154568470186658,0.026207525697019365
lv4,0.0013359057144649948,0.002025912282988429,0.01740470202639699,0.023962545519073803
lv7,0.0007692207970346013,0.0008459278227140506,0.01827178585032622,0.024888360562423866
