epoch,train_loss,val_loss,lr,time
1,0.761013,2.576865,1.00e-03,60.48
2,0.509946,2.682842,9.76e-04,59.75
3,0.448214,2.648137,9.05e-04,59.50
4,0.413711,2.912811,7.96e-04,59.55
5,0.389849,2.878177,6.58e-04,59.10
6,0.371185,2.846835,5.05e-04,57.84
7,0.354800,2.861752,3.52e-04,58.34
8,0.341067,2.811256,2.14e-04,58.51
9,0.330610,2.820995,1.05e-04,57.27
10,0.321557,2.901438,3.42e-05,58.40
11,0.317113,2.882140,1.00e-03,59.87
