level,signed_bias,steady_plateau_bias,mae,rmse
lv0,0.0023426894266675743,0.001444293496509393,0.02741901121205754,0.04007723637753063
lv4,-0.03226845758035779,-0.03471556352451444,0.0451988677183787,0.06186410101751486
lv7,-0.07431104127317667,-0.0781847241645058,0.0840954203158617,0.10369446749488513
