epoch,train_loss,val_loss,lr,time
1,1.776872,2.383769,1.00e-03,145.34
2,1.366663,2.055239,9.76e-04,144.78
3,1.261908,2.306141,9.05e-04,144.53
4,1.204050,2.528216,7.96e-04,144.90
5,1.164873,2.189033,6.58e-04,146.41
6,1.132579,2.180112,5.05e-04,145.01
7,1.106348,2.237084,3.52e-04,144.22
8,1.084804,2.563575,2.14e-04,145.15
9,1.066523,2.515268,1.05e-04,144.36
10,1.054396,2.398745,3.42e-05,144.71
11,1.045888,2.396201,1.00e-03,145.35
12,1.112290,2.409958,9.76e-04,144.96
