epoch,train_loss,val_loss,lr,time
1,0.001355,0.016093,9.76e-04,274.68
2,0.000519,0.016906,9.05e-04,277.36
3,0.000385,0.016851,7.96e-04,276.18
4,0.000305,0.016387,6.58e-04,275.96
5,0.000257,0.016914,5.05e-04,276.46
6,0.000221,0.017044,3.52e-04,276.11
7,0.000195,0.016799,2.14e-04,276.73
8,0.000175,0.016155,1.05e-04,276.73
9,0.000162,0.016490,3.42e-05,276.25
10,0.000154,0.016544,1.00e-03,276.49
11,0.000235,0.016864,9.76e-04,274.34
