epoch,train_loss,val_loss,lr,time
1,0.000975,0.015793,9.76e-04,193.13
2,0.000265,0.015470,9.05e-04,196.10
3,0.000175,0.015480,7.96e-04,193.01
4,0.000121,0.015527,6.58e-04,194.87
5,0.000085,0.015749,5.05e-04,192.96
6,0.000061,0.015619,3.52e-04,195.13
7,0.000046,0.015534,2.14e-04,193.40
8,0.000035,0.015666,1.05e-04,198.40
9,0.000029,0.015590,3.42e-05,193.31
10,0.000026,0.015594,1.00e-03,200.41
11,0.000082,0.015517,9.76e-04,203.21
12,0.000058,0.015563,9.05e-04,198.45
