epoch,train_loss,val_loss,lr,time
1,0.002248,0.004819,9.76e-04,31.93
2,0.001164,0.003596,9.05e-04,30.39
3,0.000936,0.003710,7.96e-04,30.46
4,0.000795,0.002769,6.58e-04,32.21
5,0.000693,0.002593,5.05e-04,30.78
6,0.000611,0.003158,3.52e-04,31.15
7,0.000560,0.002892,2.14e-04,33.12
8,0.000518,0.002640,1.05e-04,31.15
9,0.000491,0.002744,3.42e-05,31.04
10,0.000476,0.002929,1.00e-03,33.56
11,0.000589,0.002762,9.76e-04,30.27
