epoch,train_loss,val_loss,lr,time
1,0.001006,0.015833,9.76e-04,332.61
2,0.000387,0.016213,9.05e-04,332.65
3,0.000287,0.016243,7.96e-04,332.39
4,0.000228,0.017100,6.58e-04,332.57
5,0.000184,0.017861,5.05e-04,331.98
6,0.000153,0.018004,3.52e-04,332.11
7,0.000130,0.017547,2.14e-04,332.33
8,0.000113,0.017819,1.05e-04,332.13
9,0.000102,0.017285,3.42e-05,332.55
10,0.000095,0.017956,1.00e-03,330.83
11,0.000161,0.018856,9.76e-04,330.76
