epoch,train_loss,val_loss,lr,time
1,0.871214,2.604648,1.00e-03,64.32
2,0.612565,2.728096,9.76e-04,62.33
3,0.550269,2.787726,9.05e-04,61.32
4,0.518431,2.860185,7.96e-04,60.60
5,0.494244,2.904469,6.58e-04,60.53
6,0.475731,2.867668,5.05e-04,61.09
7,0.461002,2.859342,3.52e-04,61.42
8,0.449604,2.971406,2.14e-04,62.82
9,0.439149,2.934572,1.05e-04,62.86
10,0.431747,3.047159,3.42e-05,62.73
11,0.427410,2.976311,1.00e-03,62.40
