epoch,train_loss,val_loss,lr,time
1,0.002398,0.001569,9.76e-04,123.71
2,0.000918,0.001478,9.05e-04,122.88
3,0.000671,0.001287,7.96e-04,123.36
4,0.000561,0.001366,6.58e-04,124.29
5,0.000485,0.002865,5.05e-04,124.66
6,0.000433,0.001299,3.52e-04,124.05
7,0.000386,0.001623,2.14e-04,123.90
8,0.000352,0.001238,1.05e-04,124.60
9,0.000331,0.001945,3.42e-05,123.89
