epoch,train_loss,val_loss,lr,time
1,0.002504,0.018249,9.76e-04,318.80
2,0.000529,0.016232,9.05e-04,253.42
3,0.000310,0.016746,7.96e-04,214.24
4,0.000217,0.016388,6.58e-04,212.03
5,0.000154,0.016259,5.05e-04,212.95
6,0.000114,0.017553,3.52e-04,212.35
7,0.000091,0.016863,2.14e-04,212.63
8,0.000073,0.016874,1.05e-04,126.76
9,0.000063,0.017254,3.42e-05,133.89
10,0.000057,0.017073,1.00e-03,212.09
11,0.000157,0.016865,9.76e-04,219.36
12,0.000110,0.016145,9.05e-04,220.56
