epoch,train_loss,val_loss,lr,time
1,0.753038,2.631379,1.00e-03,96.28
2,0.505087,2.689052,9.76e-04,93.24
3,0.443358,2.706368,9.05e-04,93.14
4,0.408558,2.781534,7.96e-04,93.04
5,0.383668,2.740844,6.58e-04,93.11
6,0.363837,2.897182,5.05e-04,92.98
7,0.347670,2.848295,3.52e-04,90.89
8,0.333529,2.800769,2.14e-04,89.97
9,0.322583,2.853359,1.05e-04,92.30
10,0.313932,2.882138,3.42e-05,93.15
11,0.309790,2.903126,1.00e-03,92.98
