level,signed_bias,steady_plateau_bias,mae,rmse
lv0,-0.014018033353042685,-0.015204724739305675,0.025189332353572052,0.03365890081557962
lv4,-0.052824546971047916,-0.056600275449454784,0.06373467420538266,0.080115823696057
lv7,-0.08064685575664043,-0.08523042717327674,0.09090791270136833,0.1095156582693259
