epoch,train_loss,val_loss,lr,time
1,1.021518,2.536834,1.00e-03,59.23
2,0.740210,2.446819,9.76e-04,55.78
3,0.670655,2.447487,9.05e-04,55.84
4,0.627043,2.465534,7.96e-04,55.06
5,0.597007,2.465955,6.58e-04,55.71
6,0.574704,2.488223,5.05e-04,55.76
7,0.557860,2.497256,3.52e-04,55.79
8,0.543557,2.478610,2.14e-04,55.54
9,0.532248,2.492605,1.05e-04,55.72
10,0.524289,2.482896,3.42e-05,55.32
11,0.519368,2.488703,1.00e-03,55.62
12,0.557885,2.475357,9.76e-04,55.72
