epoch,train_loss,val_loss,lr,time
1,0.004479,0.019027,9.76e-04,330.80
2,0.003828,0.016257,9.05e-04,329.00
3,0.003738,0.016512,7.96e-04,328.14
4,0.003683,0.016985,6.58e-04,329.32
5,0.003647,0.016338,5.05e-04,330.27
6,0.003621,0.016315,3.52e-04,331.10
7,0.003600,0.016414,2.14e-04,330.57
8,0.003585,0.016425,1.05e-04,330.68
9,0.003576,0.016461,3.42e-05,331.15
10,0.003570,0.016488,1.00e-03,330.29
11,0.003631,0.016482,9.76e-04,330.29
12,0.003609,0.017100,9.05e-04,319.86
