epoch,train_loss,val_loss,lr,time
1,0.002537,0.002580,9.76e-04,35.01
2,0.001236,0.002496,9.05e-04,30.60
3,0.000989,0.002597,7.96e-04,30.69
4,0.000840,0.002769,6.58e-04,34.11
5,0.000731,0.002975,5.05e-04,34.11
6,0.000658,0.002663,3.52e-04,30.65
7,0.000596,0.002505,2.14e-04,30.69
