epoch,train_loss,val_loss,lr,time
1,0.001045,0.015492,9.76e-04,335.56
2,0.000371,0.016086,9.05e-04,334.63
3,0.000280,0.016379,7.96e-04,330.44
4,0.000224,0.016591,6.58e-04,279.04
5,0.000187,0.015917,5.05e-04,306.13
6,0.000159,0.016230,3.52e-04,305.86
7,0.000140,0.016247,2.14e-04,305.34
8,0.000125,0.016601,1.05e-04,273.83
9,0.000115,0.016298,3.42e-05,307.22
10,0.000110,0.016337,1.00e-03,312.36
11,0.000168,0.016340,9.76e-04,312.21
