level,signed_bias,steady_plateau_bias,mae,rmse
lv0,-0.0024884966810026932,-0.0033369293216512436,0.025020615611639287,0.036222142891751394
lv4,-0.026615458841358002,-0.026505530870053917,0.041838641899327435,0.05556341881553332
lv7,-0.046805421356111765,-0.047646945264811315,0.061697604755560555,0.07862391509115696
