epoch,train_loss,val_loss,lr,time
1,0.002518,0.002115,9.76e-04,122.47
2,0.000953,0.003509,9.05e-04,121.28
3,0.000692,0.002253,7.96e-04,121.38
4,0.000595,0.001729,6.58e-04,121.57
5,0.000508,0.001781,5.05e-04,121.00
6,0.000453,0.001793,3.52e-04,121.64
7,0.000403,0.001910,2.14e-04,121.43
8,0.000369,0.001737,1.05e-04,121.45
9,0.000345,0.001869,3.42e-05,121.02
10,0.000330,0.001725,1.00e-03,121.17
