epoch,train_loss,val_loss,lr,time
1,0.001200,0.017912,9.76e-04,259.16
2,0.000423,0.016210,9.05e-04,261.46
3,0.000324,0.017146,7.96e-04,261.12
4,0.000265,0.016494,6.58e-04,260.80
5,0.000225,0.016656,5.05e-04,260.71
6,0.000196,0.016448,3.52e-04,260.73
7,0.000176,0.016478,2.14e-04,260.94
8,0.000160,0.016679,1.05e-04,260.95
9,0.000149,0.016724,3.42e-05,260.82
10,0.000143,0.016881,1.00e-03,260.66
11,0.000206,0.016899,9.76e-04,260.94
12,0.000186,0.016650,9.05e-04,260.66
