epoch,train_loss,val_loss,lr,time
1,0.003746,0.005353,9.76e-04,118.93
2,0.001329,0.004998,9.05e-04,118.12
3,0.001084,0.003894,7.96e-04,117.35
4,0.000890,0.002739,6.58e-04,116.56
5,0.000781,0.003397,5.05e-04,117.78
6,0.000703,0.002844,3.52e-04,117.77
7,0.000650,0.003081,2.14e-04,113.93
8,0.000604,0.003249,1.05e-04,115.71
9,0.000575,0.003333,3.42e-05,117.15
10,0.000559,0.003216,1.00e-03,112.27
