epoch,train_loss,val_loss,lr,time
1,0.923200,2.247371,1.00e-03,180.68
2,0.691251,2.290028,9.76e-04,177.21
3,0.627013,2.270000,9.05e-04,203.18
4,0.588285,2.309454,7.96e-04,198.64
5,0.560335,2.377115,6.58e-04,201.79
6,0.536773,2.258869,5.05e-04,201.87
7,0.516975,2.300257,3.52e-04,199.54
8,0.500058,2.278495,2.14e-04,204.38
9,0.485870,2.282519,1.05e-04,200.64
10,0.474880,2.295747,3.42e-05,209.29
11,0.468104,2.292300,1.00e-03,226.69
