epoch,train_loss,val_loss,lr,time
1,0.002464,0.002994,9.76e-04,34.51
2,0.001121,0.003542,9.05e-04,34.03
3,0.000918,0.002967,7.96e-04,30.66
4,0.000794,0.003428,6.58e-04,32.42
5,0.000713,0.002532,5.05e-04,33.79
6,0.000649,0.003003,3.52e-04,30.62
7,0.000597,0.003269,2.14e-04,30.74
8,0.000561,0.003119,1.05e-04,30.66
9,0.000533,0.003122,3.42e-05,33.96
10,0.000515,0.002928,1.00e-03,30.70
11,0.000638,0.003327,9.76e-04,30.69
