epoch,train_loss,val_loss,lr,time
1,0.004120,0.002391,9.76e-04,30.39
2,0.001465,0.002188,9.05e-04,33.66
3,0.001182,0.001547,7.96e-04,32.62
4,0.001025,0.001452,6.58e-04,31.22
5,0.000913,0.001389,5.05e-04,33.67
6,0.000837,0.001543,3.52e-04,32.84
7,0.000770,0.001393,2.14e-04,33.25
8,0.000736,0.001441,1.05e-04,32.89
9,0.000704,0.001479,3.42e-05,30.42
10,0.000681,0.001450,1.00e-03,30.92
11,0.000811,0.001511,9.76e-04,30.92
