epoch,train_loss,val_loss,lr,time
1,0.002408,0.002117,9.76e-04,33.17
2,0.001259,0.002025,9.05e-04,32.73
3,0.001006,0.001409,7.96e-04,31.73
4,0.000844,0.001849,6.58e-04,29.44
5,0.000733,0.001682,5.05e-04,29.44
6,0.000653,0.001434,3.52e-04,29.72
7,0.000593,0.001946,2.14e-04,29.52
8,0.000549,0.001664,1.05e-04,29.84
9,0.000524,0.001749,3.42e-05,29.73
