level,signed_bias,steady_plateau_bias,mae,rmse
lv0,-0.007368730484611458,-0.006879499751246638,0.03675412324567636,0.054192537234889135
lv4,-0.04990141373127699,-0.049614864867180586,0.06324274155000846,0.08166979936261971
lv7,-0.07565313562129934,-0.07673343379671375,0.08862693731983502,0.10993030046423276
