epoch,train_loss,val_loss,lr,time
1,0.002865,0.009349,9.76e-04,31.79
2,0.001150,0.008866,9.05e-04,35.73
3,0.000919,0.015279,7.96e-04,31.92
4,0.000776,0.010275,6.58e-04,35.12
5,0.000689,0.009539,5.05e-04,31.79
6,0.000614,0.009504,3.52e-04,31.75
7,0.000563,0.010270,2.14e-04,31.80
8,0.000523,0.010682,1.05e-04,32.16
