epoch,train_loss,val_loss,lr,time
1,0.000688,0.014859,9.76e-04,120.06
2,0.000212,0.014778,9.05e-04,120.54
3,0.000137,0.014888,7.96e-04,120.35
4,0.000089,0.014947,6.58e-04,121.23
5,0.000064,0.014839,5.05e-04,121.80
6,0.000042,0.014814,3.52e-04,121.40
7,0.000029,0.014838,2.14e-04,122.18
8,0.000022,0.014803,1.05e-04,121.56
9,0.000017,0.014790,3.42e-05,120.24
10,0.000014,0.014800,1.00e-03,121.70
11,0.000073,0.014859,9.76e-04,119.29
