epoch,train_loss,val_loss,lr,time
1,0.015753,0.005553,9.76e-04,31.00
2,0.006720,0.004148,9.05e-04,30.97
3,0.005425,0.003974,7.96e-04,28.69
4,0.004824,0.004428,6.58e-04,28.84
5,0.004530,0.004019,5.05e-04,29.29
6,0.004406,0.004237,3.52e-04,30.56
7,0.004330,0.004067,2.14e-04,30.97
8,0.004222,0.004068,1.05e-04,28.18
9,0.004151,0.003986,3.42e-05,30.98
