epoch,train_loss,val_loss,lr,time
1,0.001191,0.019991,9.76e-04,121.44
2,0.000316,0.016308,9.05e-04,122.11
3,0.000194,0.019303,7.96e-04,122.01
4,0.000126,0.020103,6.58e-04,122.30
5,0.000089,0.019212,5.05e-04,121.69
6,0.000064,0.018977,3.52e-04,121.21
7,0.000048,0.019612,2.14e-04,121.11
8,0.000036,0.019737,1.05e-04,122.08
9,0.000030,0.019736,3.42e-05,122.28
10,0.000027,0.019498,1.00e-03,121.86
11,0.000109,0.019668,9.76e-04,121.76
12,0.000071,0.019618,9.05e-04,121.51
