epoch,train_loss,val_loss,lr,time
1,0.844490,3.016956,1.00e-03,97.86
2,0.596850,2.840609,9.76e-04,95.50
3,0.533446,2.906257,9.05e-04,95.46
4,0.494984,2.980799,7.96e-04,93.47
5,0.469821,2.953175,6.58e-04,94.60
6,0.449502,3.040629,5.05e-04,94.96
7,0.432337,3.020573,3.52e-04,95.90
8,0.417705,3.002849,2.14e-04,95.12
9,0.405121,3.027188,1.05e-04,95.46
10,0.396657,3.009687,3.42e-05,95.13
11,0.391086,3.024514,1.00e-03,93.26
12,0.442677,2.993604,9.76e-04,93.94
