epoch,train_loss,val_loss,lr,time
1,0.001565,0.017642,9.76e-04,302.31
2,0.000416,0.015763,9.05e-04,310.18
3,0.000276,0.016413,7.96e-04,310.75
4,0.000199,0.017391,6.58e-04,310.06
5,0.000150,0.018342,5.05e-04,309.33
6,0.000110,0.016770,3.52e-04,309.52
7,0.000090,0.017356,2.14e-04,309.39
8,0.000073,0.016172,1.05e-04,309.73
9,0.000063,0.017236,3.42e-05,308.79
10,0.000057,0.016688,1.00e-03,308.65
11,0.000147,0.016065,9.76e-04,308.83
12,0.000116,0.016742,9.05e-04,309.68
