epoch,train_loss,val_loss,lr,time
1,0.003139,0.001693,9.76e-04,34.44
2,0.001321,0.001511,9.05e-04,34.26
3,0.001078,0.001534,7.96e-04,34.38
4,0.000922,0.001498,6.58e-04,33.77
5,0.000815,0.001346,5.05e-04,32.62
6,0.000739,0.001517,3.52e-04,30.72
7,0.000673,0.001623,2.14e-04,31.99
8,0.000628,0.001518,1.05e-04,33.17
9,0.000596,0.001445,3.42e-05,31.05
10,0.000580,0.001492,1.00e-03,30.72
11,0.000714,0.001563,9.76e-04,30.85
