epoch,train_loss,val_loss,lr,time
1,0.002015,0.002122,7.81e-04,82.44
2,0.000687,0.002293,7.25e-04,77.78
3,0.000472,0.002077,6.37e-04,78.34
4,0.000353,0.002573,5.27e-04,75.99
5,0.000276,0.001917,4.05e-04,57.87
6,0.000217,0.002079,2.83e-04,76.09
7,0.000173,0.002029,1.73e-04,77.78
8,0.000144,0.001864,8.54e-05,68.60
9,0.000125,0.002071,2.93e-05,79.37
10,0.000113,0.001919,8.00e-04,80.61
11,0.000255,0.002064,7.81e-04,83.58
