level,signed_bias,steady_plateau_bias,mae,rmse
lv0,-0.0005553709343075752,-0.0014652051613666117,0.037931304425001144,0.0539785148575902
