epoch,train_loss,val_loss,lr,time
1,0.004458,0.016430,9.76e-04,297.12
2,0.003825,0.016220,9.05e-04,330.28
3,0.003735,0.016401,7.96e-04,328.19
4,0.003682,0.016642,6.58e-04,329.55
5,0.003647,0.016227,5.05e-04,329.38
6,0.003620,0.016183,3.52e-04,331.33
7,0.003599,0.016259,2.14e-04,330.76
8,0.003585,0.016331,1.05e-04,331.30
9,0.003576,0.016369,3.42e-05,330.94
10,0.003570,0.016369,1.00e-03,330.84
11,0.003627,0.016317,9.76e-04,331.13
12,0.003608,0.016544,9.05e-04,331.44
