epoch,train_loss,val_loss,lr,time
1,0.001219,0.015484,9.76e-04,117.41
2,0.000336,0.014934,9.05e-04,116.54
3,0.000206,0.015307,7.96e-04,116.77
4,0.000133,0.015185,6.58e-04,117.48
5,0.000095,0.015332,5.05e-04,117.85
6,0.000069,0.015088,3.52e-04,116.60
7,0.000053,0.015178,2.14e-04,116.43
8,0.000040,0.015187,1.05e-04,115.62
9,0.000033,0.015123,3.42e-05,116.74
10,0.000030,0.015184,1.00e-03,115.89
11,0.000112,0.014972,9.76e-04,116.13
12,0.000077,0.015235,9.05e-04,116.63
