epoch,train_loss,val_loss,lr,time
1,0.000841,0.015703,9.76e-04,281.63
2,0.000200,0.016615,9.05e-04,121.32
3,0.000118,0.016510,7.96e-04,120.89
4,0.000083,0.016096,6.58e-04,120.81
5,0.000059,0.016230,5.05e-04,120.70
6,0.000044,0.015785,3.52e-04,120.92
7,0.000033,0.015952,2.14e-04,120.65
8,0.000027,0.016030,1.05e-04,120.83
9,0.000023,0.016216,3.42e-05,279.42
10,0.000021,0.015907,1.00e-03,299.60
11,0.000075,0.015769,9.76e-04,299.21
