epoch,train_loss,val_loss,lr,time
1,0.853709,2.346374,1.00e-03,100.48
2,0.598127,2.415763,9.76e-04,98.13
3,0.535860,2.463160,9.05e-04,97.99
4,0.500402,2.515519,7.96e-04,98.13
5,0.474007,2.451312,6.58e-04,95.55
6,0.452886,2.502600,5.05e-04,97.62
7,0.436269,2.494962,3.52e-04,98.00
8,0.421704,2.528449,2.14e-04,98.31
9,0.409935,2.539389,1.05e-04,97.90
10,0.400625,2.547824,3.42e-05,98.18
11,0.395777,2.555158,1.00e-03,95.52
