epoch,train_loss,val_loss,lr,time
1,0.001172,0.015896,9.76e-04,255.76
2,0.000473,0.016024,9.05e-04,197.85
3,0.000352,0.016441,7.96e-04,194.11
4,0.000285,0.016662,6.58e-04,159.19
5,0.000235,0.016445,5.05e-04,109.37
6,0.000205,0.017428,3.52e-04,108.00
7,0.000181,0.017285,2.14e-04,126.29
8,0.000163,0.016763,1.05e-04,181.32
9,0.000151,0.016892,3.42e-05,177.38
10,0.000144,0.017016,1.00e-03,176.40
11,0.000218,0.016720,9.76e-04,249.93
