level,signed_bias,steady_plateau_bias,mae,rmse
lv0,-0.00407677200402961,-0.004154544407760518,0.01753145984063546,0.023216025075978704
lv4,-0.0006999142351560295,-0.0008440440869890153,0.01611526294921835,0.0217191440363725
lv7,0.0015335819916799664,0.0010055703460238874,0.016258902071664732,0.021845391020178795
