epoch,train_loss,val_loss,lr,time
1,0.003889,0.005483,9.76e-04,122.00
2,0.001471,0.003004,9.05e-04,121.83
3,0.001086,0.001258,7.96e-04,125.05
4,0.000908,0.001408,6.58e-04,127.11
5,0.000810,0.001449,5.05e-04,127.24
