level,signed_bias,steady_plateau_bias,mae,rmse
lv0,-0.039399586035870016,-0.03976438974495977,0.05670484388247132,0.07574090827256441
