epoch,train_loss,val_loss,lr,time
1,0.002515,0.002470,9.76e-04,85.70
2,0.001256,0.002384,9.05e-04,86.14
3,0.001039,0.002184,7.96e-04,87.03
4,0.000894,0.002293,6.58e-04,86.53
5,0.000797,0.003251,5.05e-04,86.78
6,0.000713,0.003572,3.52e-04,86.13
7,0.000650,0.003441,2.14e-04,85.15
8,0.000611,0.004095,1.05e-04,71.36
9,0.000579,0.003503,3.42e-05,58.85
