epoch,train_loss,val_loss,lr,time
1,0.912586,2.195370,1.00e-03,75.60
2,0.637818,2.043308,9.76e-04,74.65
3,0.571047,2.117373,9.05e-04,76.31
4,0.529476,2.185924,7.96e-04,76.35
5,0.500223,2.088520,6.58e-04,76.80
6,0.476696,2.124913,5.05e-04,76.59
7,0.457689,2.106690,3.52e-04,77.55
8,0.441903,2.107829,2.14e-04,73.76
9,0.428985,2.108496,1.05e-04,71.75
10,0.420219,2.116083,3.42e-05,76.54
11,0.414276,2.115476,1.00e-03,76.92
12,0.468146,2.121023,9.76e-04,76.17
