epoch,train_loss,val_loss,lr,time
1,0.000909,0.015688,9.76e-04,290.83
2,0.000368,0.017375,9.05e-04,288.87
3,0.000279,0.016088,7.96e-04,288.86
4,0.000223,0.016056,6.58e-04,288.56
5,0.000182,0.015913,5.05e-04,288.57
6,0.000153,0.016086,3.52e-04,288.92
7,0.000131,0.016891,2.14e-04,289.36
8,0.000116,0.017278,1.05e-04,289.26
9,0.000105,0.016667,3.42e-05,288.60
10,0.000099,0.016876,1.00e-03,289.41
11,0.000166,0.016131,9.76e-04,280.63
