epoch,train_loss,val_loss,lr,time
1,0.003316,0.001719,9.76e-04,32.96
2,0.001350,0.001458,9.05e-04,28.80
3,0.001071,0.001482,7.96e-04,29.45
4,0.000910,0.001369,6.58e-04,31.80
5,0.000793,0.001512,5.05e-04,32.60
6,0.000710,0.001435,3.52e-04,29.56
7,0.000654,0.001647,2.14e-04,29.61
8,0.000608,0.001457,1.05e-04,29.60
