epoch,train_loss,val_loss,lr,time
1,0.003128,0.004131,9.76e-04,34.58
2,0.001190,0.002469,9.05e-04,34.55
3,0.000950,0.004031,7.96e-04,34.63
4,0.000816,0.002946,6.58e-04,30.86
5,0.000716,0.002466,5.05e-04,30.89
6,0.000634,0.002695,3.52e-04,34.33
7,0.000582,0.002716,2.14e-04,32.59
8,0.000542,0.002503,1.05e-04,31.56
