epoch,train_loss,val_loss,lr,time
1,0.003796,0.002261,9.76e-04,30.92
2,0.001463,0.002022,9.05e-04,31.72
3,0.001170,0.001614,7.96e-04,31.79
4,0.000990,0.001544,6.58e-04,31.19
5,0.000861,0.002055,5.05e-04,31.81
6,0.000778,0.002011,3.52e-04,31.56
7,0.000716,0.001895,2.14e-04,31.79
8,0.000674,0.001677,1.05e-04,31.79
9,0.000647,0.001621,3.42e-05,31.76
