epoch,train_loss,val_loss,lr,time
1,0.002171,0.002244,9.76e-04,32.03
2,0.001172,0.002188,9.05e-04,33.67
3,0.000951,0.002080,7.96e-04,34.02
4,0.000813,0.002012,6.58e-04,33.51
5,0.000709,0.002546,5.05e-04,31.18
6,0.000630,0.001863,3.52e-04,32.46
7,0.000569,0.001911,2.14e-04,34.83
8,0.000523,0.001963,1.05e-04,31.87
9,0.000497,0.002009,3.42e-05,35.09
10,0.000482,0.002135,1.00e-03,31.94
11,0.000599,0.002252,9.76e-04,35.25
12,0.000553,0.002244,9.05e-04,31.92
