epoch,train_loss,val_loss,lr,time
1,0.000082,0.000054,9.76e-04,288.77
2,0.000032,0.000046,9.05e-04,294.74
3,0.000029,0.000048,7.96e-04,294.83
4,0.000026,0.000056,6.58e-04,294.71
5,0.000023,0.000056,5.05e-04,294.49
6,0.000019,0.000063,3.52e-04,294.70
7,0.000017,0.000058,2.14e-04,294.77
8,0.000014,0.000058,1.05e-04,295.19
9,0.000013,0.000058,3.42e-05,294.84
10,0.000012,0.000057,1.00e-03,294.63
11,0.000019,0.000056,9.76e-04,295.46
