level,signed_bias,steady_plateau_bias,mae,rmse
lv0,-0.0046961108196733724,-0.00555458009087791,0.01975765958842304,0.028302543486158054
lv4,-0.02188886216026731,-0.024777703394647688,0.03831465759625038,0.055954551324248314
lv7,-0.055449267849326134,-0.06002716378619274,0.06710776500403881,0.08835763422151406
