epoch,train_loss,val_loss,lr,time
1,0.001109,0.016259,9.76e-04,270.12
2,0.000495,0.017427,9.05e-04,270.19
3,0.000384,0.017744,7.96e-04,269.99
4,0.000309,0.017860,6.58e-04,269.66
5,0.000262,0.018035,5.05e-04,270.08
6,0.000226,0.017151,3.52e-04,269.91
7,0.000200,0.017322,2.14e-04,270.17
8,0.000178,0.017904,1.05e-04,270.04
9,0.000165,0.017535,3.42e-05,269.61
10,0.000158,0.017603,1.00e-03,266.00
11,0.000236,0.017778,9.76e-04,240.59
