epoch,train_loss,val_loss,lr,time
1,0.003369,0.002080,9.76e-04,371.20
2,0.000682,0.002494,9.05e-04,377.53
3,0.000543,0.004547,7.96e-04,378.07
4,0.000394,0.004521,6.58e-04,377.88
5,0.000323,0.003961,5.05e-04,378.04
6,0.000275,0.003519,3.52e-04,378.15
7,0.000240,0.003569,2.14e-04,378.30
8,0.000214,0.003485,1.05e-04,379.62
9,0.000197,0.003535,3.42e-05,378.04
10,0.000188,0.003339,1.00e-03,378.16
11,0.000302,0.004202,9.76e-04,378.25
