level,signed_bias,steady_plateau_bias,mae,rmse
lv0,0.008350907018919114,0.009035139296934681,0.021473902588089306,0.027387787277499836
lv4,0.0020798043660761323,0.002402872356469743,0.018704743434985478,0.024325669122238953
lv7,0.0034501703145603337,0.0032839093279714384,0.020255322412898142,0.02617524191737175
