epoch,train_loss,val_loss,lr,time
1,0.000839,0.015855,9.76e-04,120.41
2,0.000239,0.015739,9.05e-04,119.84
3,0.000160,0.015755,7.96e-04,119.42
4,0.000111,0.017361,6.58e-04,119.60
5,0.000081,0.016433,5.05e-04,119.87
6,0.000056,0.016416,3.52e-04,119.74
7,0.000042,0.017100,2.14e-04,119.70
8,0.000032,0.016992,1.05e-04,119.91
9,0.000025,0.016875,3.42e-05,119.74
10,0.000022,0.017383,1.00e-03,119.62
11,0.000086,0.016928,9.76e-04,119.62
12,0.000056,0.015922,9.05e-04,119.46
