epoch,train_loss,val_loss,lr,time
1,0.011839,0.005813,9.76e-04,31.70
2,0.005669,0.005399,9.05e-04,30.60
3,0.004728,0.004954,7.96e-04,30.54
4,0.004299,0.004593,6.58e-04,28.23
5,0.004059,0.006116,5.05e-04,30.58
6,0.003899,0.005279,3.52e-04,30.55
7,0.003801,0.005399,2.14e-04,27.54
8,0.003703,0.005099,1.05e-04,29.39
9,0.003661,0.005400,3.42e-05,27.52
10,0.003634,0.005384,1.00e-03,27.94
