level,signed_bias,steady_plateau_bias,mae,rmse
lv0,0.03520896254485706,0.032821690296259476,0.054183469619601965,0.07260648719966412
