epoch,train_loss,val_loss,lr,time
1,2.564982,9.790711,1.00e-03,61.06
2,1.855796,9.950406,9.76e-04,57.81
3,1.768916,9.778122,9.05e-04,57.00
4,1.722264,9.801156,7.96e-04,53.96
5,1.691335,9.915348,6.58e-04,47.33
6,1.662584,9.841522,5.05e-04,50.11
7,1.642158,10.004883,3.52e-04,60.79
8,1.621230,9.905583,2.14e-04,57.61
9,1.605646,9.896504,1.05e-04,60.15
10,1.597552,9.884012,3.42e-05,50.86
11,1.591844,9.904939,1.00e-03,48.83
12,1.636745,9.892321,9.76e-04,54.41
13,1.625852,9.904400,9.05e-04,51.32
