epoch,train_loss,val_loss,lr,time
1,0.002926,0.003279,9.76e-04,36.75
2,0.001205,0.001444,9.05e-04,35.07
3,0.000962,0.002255,7.96e-04,33.00
4,0.000819,0.001414,6.58e-04,34.35
5,0.000718,0.001736,5.05e-04,35.01
6,0.000648,0.001734,3.52e-04,31.24
7,0.000597,0.001297,2.14e-04,31.28
8,0.000550,0.001558,1.05e-04,31.30
9,0.000523,0.001515,3.42e-05,31.28
10,0.000507,0.001543,1.00e-03,31.31
11,0.000632,0.002659,9.76e-04,31.28
12,0.000577,0.001337,9.05e-04,34.73
13,0.000528,0.001416,7.96e-04,34.56
