epoch,train_loss,val_loss,lr,time
1,0.001153,0.017041,9.76e-04,292.98
2,0.000420,0.018774,9.05e-04,221.13
3,0.000315,0.017131,7.96e-04,215.58
4,0.000251,0.018558,6.58e-04,214.87
5,0.000209,0.017934,5.05e-04,215.39
6,0.000178,0.017624,3.52e-04,152.61
7,0.000156,0.017688,2.14e-04,104.39
8,0.000139,0.018384,1.05e-04,104.40
9,0.000128,0.018401,3.42e-05,103.67
10,0.000122,0.018233,1.00e-03,104.24
11,0.000189,0.016987,9.76e-04,104.22
