epoch,train_loss,val_loss,lr,time
1,0.003179,0.001677,9.76e-04,34.81
2,0.001326,0.001523,9.05e-04,34.29
3,0.001068,0.001458,7.96e-04,33.37
4,0.000920,0.001528,6.58e-04,30.98
5,0.000804,0.001318,5.05e-04,31.59
6,0.000725,0.001344,3.52e-04,31.40
7,0.000662,0.001420,2.14e-04,31.03
8,0.000618,0.001393,1.05e-04,31.02
9,0.000582,0.001320,3.42e-05,31.75
10,0.000567,0.001315,1.00e-03,34.49
11,0.000702,0.001472,9.76e-04,33.68
