epoch,train_loss,val_loss,lr,time
1,0.864760,2.903003,1.00e-03,93.71
2,0.614760,2.892261,9.76e-04,93.93
3,0.545512,2.943885,9.05e-04,94.40
4,0.504868,2.967310,7.96e-04,94.62
5,0.476588,2.988298,6.58e-04,94.23
6,0.454576,3.001260,5.05e-04,94.71
7,0.436723,2.957246,3.52e-04,94.44
8,0.422482,3.006676,2.14e-04,94.52
9,0.408747,3.007519,1.05e-04,94.29
10,0.400059,2.986338,3.42e-05,94.51
11,0.394179,2.990178,1.00e-03,93.63
12,0.447098,2.965285,9.76e-04,93.63
