epoch,train_loss,val_loss,lr,time
1,0.000824,0.015546,9.76e-04,122.59
2,0.000250,0.017812,9.05e-04,124.77
3,0.000164,0.015815,7.96e-04,124.51
4,0.000108,0.015450,6.58e-04,125.51
5,0.000072,0.015689,5.05e-04,125.63
6,0.000050,0.015874,3.52e-04,125.46
7,0.000034,0.016757,2.14e-04,124.26
8,0.000027,0.015649,1.05e-04,123.84
9,0.000021,0.015735,3.42e-05,123.05
10,0.000017,0.015810,1.00e-03,125.48
11,0.000087,0.016675,9.76e-04,124.97
