epoch,train_loss,val_loss,lr,time
1,3.105425,11.234242,1.00e-03,95.89
2,2.377576,10.980836,9.76e-04,90.12
3,2.260609,11.100798,9.05e-04,62.06
4,2.191405,11.573897,7.96e-04,89.17
5,2.148648,11.476844,6.58e-04,99.03
6,2.109438,11.204390,5.05e-04,91.26
7,2.077489,11.558921,3.52e-04,78.54
8,2.048844,11.316002,2.14e-04,62.52
9,2.026334,11.288662,1.05e-04,62.55
10,2.012030,11.380984,3.42e-05,63.57
11,2.001245,11.442424,1.00e-03,72.91
12,2.098172,11.212209,9.76e-04,60.80
