epoch,train_loss,val_loss,lr,time
1,0.861392,2.483699,1.00e-03,99.18
2,0.596820,2.503407,9.76e-04,97.27
3,0.530711,2.505786,9.05e-04,97.30
4,0.493656,2.493406,7.96e-04,97.26
5,0.468184,2.540422,6.58e-04,94.43
6,0.447317,2.516591,5.05e-04,96.26
7,0.430768,2.488129,3.52e-04,97.56
8,0.416599,2.509023,2.14e-04,97.40
9,0.404763,2.521953,1.05e-04,97.36
10,0.396248,2.520319,3.42e-05,97.36
11,0.390877,2.526606,1.00e-03,97.27
