level,signed_bias,steady_plateau_bias,mae,rmse
lv0,0.01484056304778076,0.016035630548786785,0.038890985772013664,0.05436591224537955
