level,signed_bias,steady_plateau_bias,mae,rmse
lv0,-0.0012114431980686884,-0.0021384077133714324,0.014646526012155745,0.01917529996070597
lv4,-0.0016630172807102401,-0.002963282517157495,0.01478306126470367,0.019505463385333616
lv7,-0.0020731881571312747,-0.0036001382783676186,0.015441853553056717,0.02044869214296341
