epoch,train_loss,val_loss,lr,time
1,0.856528,2.954224,1.00e-03,98.48
2,0.608173,2.927957,9.76e-04,95.35
3,0.543568,2.999600,9.05e-04,95.10
4,0.503518,2.936958,7.96e-04,95.21
5,0.474625,2.963176,6.58e-04,95.30
6,0.452992,3.025148,5.05e-04,95.86
7,0.436184,3.016594,3.52e-04,94.92
8,0.421125,3.006516,2.14e-04,90.81
9,0.408792,2.978850,1.05e-04,93.58
10,0.400484,2.997687,3.42e-05,95.45
11,0.394578,3.000858,1.00e-03,95.78
12,0.446258,2.961402,9.76e-04,95.26
