epoch,train_loss,val_loss,lr,time
1,0.001391,0.016202,9.76e-04,240.84
2,0.000526,0.016019,9.05e-04,241.01
3,0.000398,0.016087,7.96e-04,241.81
4,0.000330,0.016370,6.58e-04,244.17
5,0.000281,0.016031,5.05e-04,243.17
6,0.000249,0.015955,3.52e-04,244.63
7,0.000224,0.016161,2.14e-04,245.12
8,0.000206,0.016083,1.05e-04,246.36
9,0.000194,0.016077,3.42e-05,244.85
10,0.000188,0.016180,1.00e-03,244.67
11,0.000259,0.016198,9.76e-04,245.76
12,0.000237,0.016052,9.05e-04,243.69
