epoch,train_loss,val_loss,lr,time
1,0.000997,0.015795,9.76e-04,261.85
2,0.000348,0.015606,9.05e-04,345.29
3,0.000249,0.017059,7.96e-04,390.95
4,0.000192,0.017748,6.58e-04,390.57
5,0.000154,0.017353,5.05e-04,392.06
6,0.000129,0.017924,3.52e-04,388.25
7,0.000110,0.017010,2.14e-04,389.64
8,0.000098,0.017827,1.05e-04,387.97
9,0.000088,0.017440,3.42e-05,392.00
10,0.000083,0.017674,1.00e-03,390.85
11,0.000137,0.017121,9.76e-04,391.62
12,0.000117,0.016375,9.05e-04,389.68
