epoch,train_loss,val_loss,lr,time
1,0.003432,0.003118,9.76e-04,139.99
2,0.000766,0.003307,9.05e-04,163.98
3,0.000511,0.003187,7.96e-04,257.53
4,0.000396,0.004042,6.58e-04,322.63
5,0.000317,0.003796,5.05e-04,323.61
6,0.000270,0.004440,3.52e-04,324.43
7,0.000234,0.004433,2.14e-04,325.16
8,0.000210,0.004413,1.05e-04,322.34
9,0.000193,0.003875,3.42e-05,323.14
10,0.000184,0.004180,1.00e-03,323.12
11,0.000289,0.003266,9.76e-04,323.87
