epoch,train_loss,val_loss,lr,time
1,0.002306,0.003133,9.76e-04,121.45
2,0.000794,0.001434,9.05e-04,122.00
3,0.000570,0.002490,7.96e-04,121.46
4,0.000460,0.002150,6.58e-04,120.83
5,0.000387,0.002417,5.05e-04,121.61
6,0.000331,0.002213,3.52e-04,120.84
7,0.000285,0.002321,2.14e-04,121.07
8,0.000251,0.001817,1.05e-04,121.20
