epoch,train_loss,val_loss,lr,time
1,0.995525,2.337404,1.00e-03,57.85
2,0.729109,2.417291,9.76e-04,57.58
3,0.657026,2.436292,9.05e-04,59.53
4,0.616977,2.452861,7.96e-04,59.29
5,0.589256,2.441751,6.58e-04,59.06
6,0.568195,2.455785,5.05e-04,58.30
7,0.551584,2.494521,3.52e-04,60.07
8,0.537410,2.539006,2.14e-04,59.05
9,0.526467,2.497133,1.05e-04,59.41
10,0.517640,2.530850,3.42e-05,59.05
11,0.512857,2.523986,1.00e-03,58.95
