epoch,train_loss,val_loss,lr,time
1,0.845862,2.272536,1.00e-03,99.74
2,0.586619,2.231500,9.76e-04,94.80
3,0.523079,2.298209,9.05e-04,96.58
4,0.485446,2.335503,7.96e-04,97.34
5,0.459181,2.305833,6.58e-04,97.03
6,0.439456,2.306006,5.05e-04,94.73
7,0.422243,2.316213,3.52e-04,96.12
8,0.408373,2.321377,2.14e-04,97.07
9,0.396305,2.330002,1.05e-04,96.75
10,0.387023,2.318176,3.42e-05,97.32
11,0.382416,2.325989,1.00e-03,96.98
12,0.432812,2.328814,9.76e-04,96.98
