epoch,train_loss,val_loss,lr,time
1,0.877621,2.495878,1.00e-03,102.17
2,0.618826,2.539672,9.76e-04,93.76
3,0.552864,2.506162,9.05e-04,93.87
4,0.513447,2.500988,7.96e-04,93.95
5,0.487174,2.507402,6.58e-04,87.99
6,0.462912,2.545341,5.05e-04,91.61
7,0.447766,2.533742,3.52e-04,93.97
8,0.430912,2.544542,2.14e-04,93.26
9,0.421261,2.524288,1.05e-04,93.56
10,0.410784,2.538156,3.42e-05,93.36
11,0.405563,2.536583,1.00e-03,93.73
