level,signed_bias,steady_plateau_bias,mae,rmse
lv0,-0.02652203519311216,-0.025344035536464717,0.03628689195546839,0.050012855894035764
lv4,-0.0494559744062523,-0.04739715422814091,0.05491588171571493,0.06965840732057889
lv7,-0.07507046187917392,-0.07524406040708224,0.08084359640876453,0.09843725338578224
