level,signed_bias,steady_plateau_bias,mae,rmse
lv0,-0.010780432200085165,-0.011337480139142523,0.03581054529382123,0.051502157002687454
lv4,-0.02808578886712591,-0.028237781759041052,0.04577437601983547,0.06332389948268731
lv7,-0.03637830695758263,-0.03731571789830923,0.05859194758037726,0.0767908114939928
