epoch,train_loss,val_loss,lr,time
1,0.001861,0.019132,9.76e-04,357.08
2,0.000558,0.017094,9.05e-04,356.40
3,0.000409,0.019509,7.96e-04,356.39
4,0.000327,0.019709,6.58e-04,356.78
5,0.000279,0.017580,5.05e-04,356.47
6,0.000242,0.020053,3.52e-04,356.39
7,0.000216,0.019071,2.14e-04,356.69
8,0.000196,0.017803,1.05e-04,357.23
9,0.000184,0.018154,3.42e-05,356.92
10,0.000177,0.018280,1.00e-03,319.92
11,0.000272,0.018976,9.76e-04,110.17
12,0.000234,0.017959,9.05e-04,105.26
