epoch,train_loss,val_loss,lr,time
1,0.845717,2.278567,1.00e-03,78.44
2,0.583400,2.325690,9.76e-04,77.12
3,0.519790,2.356274,9.05e-04,76.84
4,0.483797,2.319109,7.96e-04,76.97
5,0.459246,2.305268,6.58e-04,76.84
6,0.439362,2.332826,5.05e-04,70.83
7,0.423364,2.348384,3.52e-04,75.51
8,0.409732,2.356159,2.14e-04,76.41
9,0.397437,2.393226,1.05e-04,77.19
10,0.388354,2.367101,3.42e-05,77.36
11,0.383105,2.362027,1.00e-03,77.24
