epoch,train_loss,val_loss,lr,time
1,0.831919,2.311410,1.00e-03,61.66
2,0.574975,2.167656,9.76e-04,59.96
3,0.512559,2.140099,9.05e-04,53.92
4,0.475224,2.278798,7.96e-04,56.49
5,0.449779,2.163787,6.58e-04,57.09
6,0.429752,2.193278,5.05e-04,46.98
7,0.412532,2.168871,3.52e-04,60.18
8,0.399316,2.191445,2.14e-04,58.05
9,0.387601,2.193413,1.05e-04,53.60
10,0.378943,2.179991,3.42e-05,49.29
11,0.373835,2.185821,1.00e-03,35.52
12,0.423129,2.192276,9.76e-04,55.72
13,0.415031,2.236803,9.05e-04,48.72
