epoch,train_loss,val_loss,lr,time
1,0.818344,2.363135,1.00e-03,100.12
2,0.566097,2.441360,9.76e-04,98.60
3,0.503478,2.409551,9.05e-04,98.19
4,0.467280,2.503011,7.96e-04,97.89
5,0.444198,2.509369,6.58e-04,98.30
6,0.424233,2.497980,5.05e-04,95.57
7,0.408812,2.463933,3.52e-04,94.57
8,0.395793,2.476882,2.14e-04,97.57
9,0.384083,2.488751,1.05e-04,98.20
10,0.374908,2.498263,3.42e-05,98.03
11,0.369823,2.506531,1.00e-03,98.36
