epoch,train_loss,val_loss,lr,time
1,0.002361,0.005584,9.76e-04,34.71
2,0.001231,0.003658,9.05e-04,30.59
3,0.001002,0.003453,7.96e-04,32.58
4,0.000844,0.004503,6.58e-04,30.77
5,0.000743,0.003999,5.05e-04,30.82
6,0.000655,0.003851,3.52e-04,33.74
7,0.000600,0.004035,2.14e-04,31.07
8,0.000557,0.003378,1.05e-04,34.14
9,0.000528,0.004062,3.42e-05,32.54
