epoch,train_loss,val_loss,lr,time
1,0.001101,0.015684,9.76e-04,327.22
2,0.000388,0.016469,9.05e-04,335.02
3,0.000288,0.017072,7.96e-04,333.94
4,0.000231,0.016176,6.58e-04,334.32
5,0.000197,0.016234,5.05e-04,334.40
6,0.000171,0.016420,3.52e-04,334.50
7,0.000152,0.016331,2.14e-04,334.47
8,0.000139,0.016709,1.05e-04,334.71
9,0.000130,0.016872,3.42e-05,334.82
10,0.000125,0.016729,1.00e-03,334.43
11,0.000179,0.016506,9.76e-04,334.25
