epoch,train_loss,val_loss,lr,time
1,0.996844,2.390863,1.00e-03,43.23
2,0.728575,2.425733,9.76e-04,39.40
3,0.657781,2.470632,9.05e-04,56.36
4,0.614202,2.468225,7.96e-04,49.59
5,0.585657,2.463906,6.58e-04,42.40
6,0.564658,2.473235,5.05e-04,40.16
7,0.548203,2.480912,3.52e-04,47.59
8,0.535669,2.482514,2.14e-04,51.56
9,0.525584,2.445417,1.05e-04,40.88
10,0.517164,2.458097,3.42e-05,44.94
11,0.512629,2.479415,1.00e-03,36.95
