epoch,train_loss,val_loss,lr,time
1,0.003292,0.001824,9.76e-04,34.03
2,0.001287,0.001901,9.05e-04,32.99
3,0.001024,0.001680,7.96e-04,29.75
4,0.000872,0.001851,6.58e-04,29.73
5,0.000753,0.001679,5.05e-04,29.85
6,0.000671,0.001359,3.52e-04,29.71
7,0.000617,0.001375,2.14e-04,29.59
8,0.000572,0.001415,1.05e-04,29.66
9,0.000542,0.001298,3.42e-05,31.12
10,0.000525,0.001405,1.00e-03,30.01
11,0.000662,0.001292,9.76e-04,32.51
12,0.000591,0.001285,9.05e-04,29.85
