epoch,train_loss,val_loss,lr,time
1,1.018966,2.341477,1.00e-03,58.00
2,0.742223,2.281950,9.76e-04,55.33
3,0.666965,2.232529,9.05e-04,55.95
4,0.625022,2.293212,7.96e-04,55.17
5,0.598073,2.310563,6.58e-04,55.02
6,0.576828,2.351976,5.05e-04,56.21
7,0.560873,2.328818,3.52e-04,55.71
8,0.547911,2.308313,2.14e-04,55.42
9,0.537600,2.259106,1.05e-04,55.23
10,0.529436,2.301823,3.42e-05,55.13
11,0.525282,2.309493,1.00e-03,55.72
12,0.563388,2.299473,9.76e-04,55.25
13,0.553685,2.363234,9.05e-04,55.99
