epoch,train_loss,val_loss,lr,time
1,0.003425,0.003227,9.76e-04,31.81
2,0.001375,0.001999,9.05e-04,34.91
3,0.001087,0.002525,7.96e-04,34.26
4,0.000931,0.004085,6.58e-04,34.34
5,0.000807,0.006068,5.05e-04,34.88
6,0.000743,0.004016,3.52e-04,31.05
7,0.000676,0.003929,2.14e-04,34.57
8,0.000632,0.003215,1.05e-04,34.78
