epoch,train_loss,val_loss,lr,time
1,0.001097,0.016083,9.76e-04,332.95
2,0.000385,0.015782,9.05e-04,332.15
3,0.000287,0.019591,7.96e-04,332.17
4,0.000228,0.017249,6.58e-04,331.76
5,0.000193,0.017958,5.05e-04,332.14
6,0.000167,0.016892,3.52e-04,332.06
7,0.000149,0.017885,2.14e-04,314.15
8,0.000135,0.017723,1.05e-04,202.62
9,0.000126,0.018702,3.42e-05,201.46
10,0.000120,0.018755,1.00e-03,271.68
11,0.000172,0.017398,9.76e-04,298.40
12,0.000154,0.018949,9.05e-04,298.19
