epoch,train_loss,val_loss,lr,time
1,0.001158,0.016185,9.76e-04,290.46
2,0.000365,0.015705,9.05e-04,301.09
3,0.000274,0.016014,7.96e-04,301.04
4,0.000226,0.016740,6.58e-04,301.05
5,0.000192,0.016294,5.05e-04,300.99
6,0.000169,0.017374,3.52e-04,300.95
7,0.000152,0.016476,2.14e-04,300.96
8,0.000139,0.016438,1.05e-04,301.31
9,0.000130,0.016478,3.42e-05,301.00
10,0.000125,0.016500,1.00e-03,301.10
11,0.000176,0.016028,9.76e-04,301.62
12,0.000160,0.017501,9.05e-04,301.08
