epoch,train_loss,val_loss,lr,time
1,0.001158,0.020843,9.76e-04,322.06
2,0.000416,0.016967,9.05e-04,322.26
3,0.000312,0.017205,7.96e-04,322.55
4,0.000252,0.019714,6.58e-04,322.58
5,0.000211,0.017024,5.05e-04,322.11
6,0.000181,0.017385,3.52e-04,322.31
7,0.000160,0.017369,2.14e-04,322.12
8,0.000144,0.018195,1.05e-04,322.08
9,0.000133,0.018230,3.42e-05,321.14
10,0.000127,0.018025,1.00e-03,321.46
11,0.000187,0.017304,9.76e-04,290.52
12,0.000164,0.017163,9.05e-04,213.13
