level,signed_bias,steady_plateau_bias,mae,rmse
lv0,-0.010933986366985159,-0.011241809529666271,0.033635984278387494,0.05053998364342584
lv4,-0.050928691596103214,-0.05315391618447999,0.06466101761907339,0.08380352954069774
lv7,-0.08229888036536674,-0.08587048295885324,0.09481067427744468,0.11493729799985886
