epoch,train_loss,val_loss,lr,time
1,0.024634,0.019863,1.00e-03,606.53
2,0.020751,0.020250,9.76e-04,730.92
3,0.020279,0.019499,9.05e-04,739.28
4,0.019822,0.021272,7.96e-04,712.35
