epoch,train_loss,val_loss,lr,time
1,0.002438,0.020020,9.76e-04,273.69
2,0.000948,0.017287,9.05e-04,275.97
3,0.000696,0.018779,7.96e-04,216.28
4,0.000558,0.018843,6.58e-04,180.76
5,0.000477,0.018756,5.05e-04,179.61
6,0.000410,0.018920,3.52e-04,280.16
7,0.000366,0.018834,2.14e-04,285.62
8,0.000334,0.018212,1.05e-04,285.61
9,0.000311,0.018194,3.42e-05,236.95
10,0.000299,0.018632,1.00e-03,189.77
11,0.000443,0.019760,9.76e-04,189.79
12,0.000395,0.020076,9.05e-04,292.70
