epoch,train_loss,val_loss,lr,time
1,0.001372,0.016096,9.76e-04,170.30
2,0.000514,0.015814,9.05e-04,236.45
3,0.000384,0.015960,7.96e-04,237.40
4,0.000311,0.016331,6.58e-04,236.25
5,0.000271,0.016356,5.05e-04,237.26
6,0.000241,0.016129,3.52e-04,237.58
7,0.000217,0.016051,2.14e-04,237.56
8,0.000201,0.016050,1.05e-04,237.32
9,0.000189,0.016118,3.42e-05,236.99
10,0.000183,0.016064,1.00e-03,237.70
11,0.000257,0.015858,9.76e-04,237.05
12,0.000233,0.016435,9.05e-04,175.83
