epoch,train_loss,val_loss,lr,time
1,0.067961,0.133378,7.81e-04,123.11
2,0.016988,0.139816,7.25e-04,125.31
3,0.014782,0.139746,6.37e-04,119.75
4,0.013246,0.142153,5.27e-04,119.88
5,0.011608,0.143113,4.05e-04,121.39
6,0.009505,0.135727,2.83e-04,114.53
7,0.007770,0.136747,1.73e-04,122.16
