epoch,train_loss,val_loss,lr,time
1,0.003100,0.005152,9.76e-04,123.53
2,0.001189,0.003890,9.05e-04,120.97
3,0.000929,0.004667,7.96e-04,121.88
4,0.000780,0.003937,6.58e-04,121.87
5,0.000683,0.004014,5.05e-04,122.23
6,0.000610,0.004242,3.52e-04,122.09
7,0.000560,0.004539,2.14e-04,122.05
8,0.000524,0.004359,1.05e-04,122.00
