epoch,train_loss,val_loss,lr,time
1,0.002207,0.011351,9.76e-04,32.32
2,0.001119,0.010766,9.05e-04,32.49
3,0.000909,0.011006,7.96e-04,32.29
4,0.000788,0.010127,6.58e-04,32.31
5,0.000704,0.012361,5.05e-04,32.28
6,0.000631,0.011436,3.52e-04,32.58
7,0.000581,0.012135,2.14e-04,32.55
8,0.000539,0.011594,1.05e-04,32.53
9,0.000516,0.011589,3.42e-05,32.48
10,0.000498,0.011624,1.00e-03,32.51
