epoch,train_loss,val_loss,lr,time
1,0.806926,2.344311,1.00e-03,96.70
2,0.520796,2.332710,9.76e-04,94.60
3,0.453654,2.282759,9.05e-04,94.73
4,0.414566,2.335719,7.96e-04,94.18
5,0.390047,2.364608,6.58e-04,94.31
6,0.370303,2.342419,5.05e-04,94.77
7,0.354059,2.342349,3.52e-04,94.29
8,0.340761,2.352509,2.14e-04,94.24
9,0.329929,2.377662,1.05e-04,94.19
10,0.321456,2.379672,3.42e-05,94.24
11,0.317020,2.349841,1.00e-03,93.05
12,0.362221,2.397976,9.76e-04,93.14
13,0.354079,2.304242,9.05e-04,94.49
