epoch,train_loss,val_loss,lr,time
1,0.001181,0.017879,9.76e-04,256.43
2,0.000440,0.016162,9.05e-04,263.04
3,0.000326,0.016266,7.96e-04,261.50
4,0.000262,0.016152,6.58e-04,261.71
5,0.000222,0.016132,5.05e-04,261.40
6,0.000194,0.016374,3.52e-04,262.29
7,0.000173,0.016338,2.14e-04,261.11
8,0.000157,0.016307,1.05e-04,261.91
9,0.000146,0.016265,3.42e-05,261.64
10,0.000141,0.016294,1.00e-03,261.57
11,0.000202,0.016417,9.76e-04,263.06
12,0.000180,0.016587,9.05e-04,254.09
