epoch,train_loss,val_loss,lr,time
1,0.001335,0.015951,9.76e-04,270.01
2,0.000565,0.015898,9.05e-04,270.20
3,0.000446,0.017024,7.96e-04,269.98
4,0.000374,0.016242,6.58e-04,270.10
5,0.000325,0.016026,5.05e-04,269.94
6,0.000291,0.016315,3.52e-04,269.72
7,0.000263,0.016148,2.14e-04,270.17
8,0.000243,0.016007,1.05e-04,270.26
9,0.000228,0.016170,3.42e-05,269.31
10,0.000221,0.016072,1.00e-03,266.11
11,0.000303,0.016046,9.76e-04,240.51
