epoch,train_loss,val_loss,lr,time
1,0.000079,0.000686,9.76e-04,301.90
2,0.000031,0.000060,9.05e-04,302.02
3,0.000028,0.000057,7.96e-04,302.28
4,0.000024,0.000061,6.58e-04,302.39
5,0.000020,0.000059,5.05e-04,301.45
6,0.000016,0.000053,3.52e-04,302.14
7,0.000013,0.000065,2.14e-04,301.90
8,0.000011,0.000062,1.05e-04,301.75
9,0.000009,0.000066,3.42e-05,301.54
10,0.000009,0.000067,1.00e-03,301.47
11,0.000015,0.000061,9.76e-04,259.26
12,0.000012,0.000064,9.05e-04,122.88
