level,signed_bias,steady_plateau_bias,mae,rmse
lv0,0.001337952284504556,0.0012303173522620152,0.014619896395338906,0.019387942945791617
lv4,-8.344102146414419e-05,-0.0003167300989540915,0.013716916864116987,0.018267077549050253
lv7,0.00012429031873277077,-0.000449707448448559,0.012608631358792385,0.01706922675172488
