level,signed_bias,steady_plateau_bias,mae,rmse
lv0,0.004004323680419475,-0.0006578525208169594,0.036440446972846985,0.052669237833470106
