condition,level,mae,rmse,r2,signed_bias,std_error,steady_plateau_bias,steady_plateau_mae,onset_error,decay_error,trough_error_p05
accel_sine,lv0,0.06107143685221672,0.07758650183677673,0.9417397428795912,-0.037550605833530426,0.06789416074752808,-0.039636626839637756,0.05999120697379112,0.09528087079524994,0.11974958330392838,-0.15267568826675415
decline_5deg,lv0,0.020190807059407234,0.03254430741071701,0.9030858333488571,-0.0027050445787608624,0.032431695610284805,-0.003956938162446022,0.018444489687681198,-0.05105331540107727,0.23465082049369812,-0.0399133563041687
incline_10deg,lv0,0.020299341529607773,0.03329331800341606,0.8738856757472413,0.008300204761326313,0.032242078334093094,0.007207055576145649,0.01931324228644371,0.0873948186635971,0.18057946860790253,-0.02689938433468342
level_075mps,lv0,0.030036194249987602,0.04404434561729431,0.7933844146750667,0.018358513712882996,0.040035851299762726,0.01830464042723179,0.02860919199883938,-0.11275244504213333,0.1450922042131424,-0.02945554256439209
level_100mps,lv0,0.03174671530723572,0.044379331171512604,0.8139716694688898,0.01156450342386961,0.042846087366342545,0.01029239408671856,0.030191609635949135,-0.03548026829957962,0.19771791994571686,-0.04863661527633667
level_125mps,lv0,0.03379680588841438,0.044558458030223846,0.9217318424676326,0.009402562864124775,0.043555114418268204,0.00908306147903204,0.03255969285964966,-0.04468992352485657,0.07359854131937027,-0.060569051653146744
stopandgo,lv0,0.047191137447953224,0.07247382029891014,0.9706523478877491,0.012332227546721697,0.07136533036828041,-0.003278203366789967,0.03426173608750105,0.13780591264367104,0.021695458330214024,-0.08926581218838692
