epoch,train_loss,val_loss,lr,time
1,3.027521,1.952806,1.00e-03,27.63
2,2.844579,1.946914,9.76e-04,27.76
3,2.793883,1.959802,9.05e-04,27.82
4,2.763194,1.986188,7.96e-04,27.39
5,2.744068,1.995749,6.58e-04,27.74
6,2.732100,2.000683,5.05e-04,27.93
7,2.724526,2.009539,3.52e-04,27.75
8,2.719869,2.012650,2.14e-04,27.22
9,2.717178,2.013131,1.05e-04,27.99
10,2.715753,2.014896,3.42e-05,27.68
11,2.715140,2.015246,1.00e-03,29.13
12,2.711751,2.011873,9.76e-04,27.42
