epoch,train_loss,val_loss,lr,time
1,0.001388,0.016802,9.76e-04,237.85
2,0.000530,0.016021,9.05e-04,240.77
3,0.000401,0.015989,7.96e-04,242.62
4,0.000329,0.016431,6.58e-04,243.95
5,0.000281,0.016303,5.05e-04,244.30
6,0.000248,0.016010,3.52e-04,244.12
7,0.000224,0.016263,2.14e-04,244.68
8,0.000206,0.016229,1.05e-04,243.69
9,0.000194,0.016148,3.42e-05,243.74
10,0.000187,0.016306,1.00e-03,243.92
11,0.000257,0.016023,9.76e-04,244.57
12,0.000237,0.016143,9.05e-04,243.94
