epoch,train_loss,val_loss,lr,time
1,2.585048,9.779888,1.00e-03,62.32
2,1.833301,9.882831,9.76e-04,54.96
3,1.728831,9.916470,9.05e-04,57.69
4,1.677587,9.865656,7.96e-04,59.63
5,1.641270,9.927231,6.58e-04,50.95
6,1.618254,9.978994,5.05e-04,53.61
7,1.595356,9.896991,3.52e-04,56.03
8,1.580469,9.846247,2.14e-04,44.52
9,1.563137,9.884777,1.05e-04,58.39
10,1.553473,9.855801,3.42e-05,59.03
11,1.547580,9.903426,1.00e-03,53.19
