epoch,train_loss,val_loss,lr,time
1,0.000073,0.000138,9.76e-04,293.47
2,0.000033,0.000085,9.05e-04,295.77
3,0.000029,0.000078,7.96e-04,295.44
4,0.000025,0.000088,6.58e-04,295.25
5,0.000021,0.000079,5.05e-04,295.79
6,0.000018,0.000078,3.52e-04,295.34
7,0.000016,0.000079,2.14e-04,295.65
8,0.000014,0.000078,1.05e-04,295.19
9,0.000012,0.000078,3.42e-05,295.60
10,0.000012,0.000078,1.00e-03,295.32
11,0.000018,0.000084,9.76e-04,293.41
