epoch,train_loss,val_loss,lr,time
1,2.801945,9.608150,1.00e-03,64.38
2,2.059293,9.779633,9.76e-04,56.80
3,1.910955,9.741455,9.05e-04,62.64
4,1.853615,9.786326,7.96e-04,53.41
5,1.814153,9.704432,6.58e-04,61.74
6,1.782687,9.735149,5.05e-04,59.98
7,1.759435,9.785170,3.52e-04,62.09
8,1.740979,9.799136,2.14e-04,45.13
9,1.729155,9.790054,1.05e-04,59.18
10,1.718166,9.748358,3.42e-05,58.52
11,1.712744,9.770494,1.00e-03,48.33
