epoch,train_loss,val_loss,lr,time
1,0.016950,0.016127,9.76e-04,183.02
2,0.006592,0.014933,9.05e-04,163.77
3,0.004826,0.037610,7.96e-04,161.21
4,0.003895,0.027532,6.58e-04,157.95
5,0.003315,0.027528,5.05e-04,168.32
6,0.002894,0.028099,3.52e-04,162.32
7,0.002584,0.032344,2.14e-04,197.21
8,0.002364,0.034479,1.05e-04,233.66
9,0.002219,0.031245,3.42e-05,236.81
10,0.002131,0.036343,1.00e-03,236.28
11,0.003152,0.025493,9.76e-04,233.84
12,0.002796,0.031998,9.05e-04,236.72
