epoch,train_loss,val_loss,lr,time
1,0.839035,2.462316,1.00e-03,63.82
2,0.574570,2.492399,9.76e-04,62.13
3,0.511947,2.482369,9.05e-04,63.07
4,0.477777,2.512293,7.96e-04,62.17
5,0.452803,2.510642,6.58e-04,62.69
6,0.432272,2.510029,5.05e-04,62.47
7,0.416803,2.491503,3.52e-04,62.89
8,0.402823,2.510148,2.14e-04,62.20
9,0.391152,2.515351,1.05e-04,62.59
10,0.382496,2.518725,3.42e-05,53.06
11,0.377780,2.522968,1.00e-03,49.60
