epoch,train_loss,val_loss,lr,time
1,0.001168,0.017843,9.76e-04,110.12
2,0.000417,0.016489,9.05e-04,251.58
3,0.000311,0.017774,7.96e-04,321.42
4,0.000249,0.019244,6.58e-04,322.26
5,0.000210,0.016913,5.05e-04,322.25
6,0.000181,0.017377,3.52e-04,322.16
7,0.000160,0.017244,2.14e-04,322.09
8,0.000144,0.018190,1.05e-04,322.31
9,0.000134,0.018158,3.42e-05,321.98
10,0.000127,0.017898,1.00e-03,322.10
11,0.000192,0.017128,9.76e-04,321.94
12,0.000165,0.016826,9.05e-04,322.16
