epoch,train_loss,val_loss,lr,time
1,0.004463,0.017032,9.76e-04,330.96
2,0.003818,0.016855,9.05e-04,328.71
3,0.003728,0.019171,7.96e-04,327.77
4,0.003675,0.017721,6.58e-04,329.60
5,0.003638,0.016757,5.05e-04,329.87
6,0.003613,0.017330,3.52e-04,331.10
7,0.003592,0.017328,2.14e-04,330.70
8,0.003579,0.017409,1.05e-04,330.64
9,0.003569,0.017573,3.42e-05,330.79
10,0.003563,0.017401,1.00e-03,330.56
11,0.003622,0.018064,9.76e-04,330.34
12,0.003601,0.017213,9.05e-04,320.22
