epoch,train_loss,val_loss,lr,time
1,0.040682,0.060386,9.76e-04,338.89
2,0.031639,0.052086,9.05e-04,338.06
3,0.028467,0.055547,7.96e-04,337.58
4,0.026363,0.057675,6.58e-04,337.36
5,0.024655,0.053506,5.05e-04,337.44
6,0.023050,0.061241,3.52e-04,337.40
7,0.021813,0.062500,2.14e-04,336.90
8,0.020730,0.064123,1.05e-04,246.59
9,0.020058,0.063667,3.42e-05,207.15
10,0.019648,0.064325,1.00e-03,207.37
11,0.022868,0.070438,9.76e-04,206.16
12,0.022486,0.064172,9.05e-04,206.83
