epoch,train_loss,val_loss,lr,time
1,0.011761,0.007622,9.76e-04,31.76
2,0.005508,0.006155,9.05e-04,28.30
3,0.004473,0.005144,7.96e-04,30.30
4,0.004040,0.004615,6.58e-04,28.02
5,0.003820,0.005507,5.05e-04,28.94
6,0.003643,0.005032,3.52e-04,30.77
7,0.003540,0.005166,2.14e-04,30.24
8,0.003462,0.004911,1.05e-04,27.99
9,0.003426,0.005583,3.42e-05,28.84
10,0.003387,0.005589,1.00e-03,28.10
