epoch,train_loss,val_loss,lr,time
1,0.000073,0.000101,9.76e-04,240.29
2,0.000033,0.000090,9.05e-04,273.42
3,0.000029,0.000097,7.96e-04,271.89
4,0.000026,0.000090,6.58e-04,271.79
5,0.000023,0.000073,5.05e-04,272.75
6,0.000020,0.000066,3.52e-04,272.34
7,0.000018,0.000075,2.14e-04,272.68
8,0.000016,0.000082,1.05e-04,272.17
9,0.000015,0.000076,3.42e-05,272.23
10,0.000015,0.000078,1.00e-03,272.32
11,0.000020,0.000067,9.76e-04,269.93
