level,signed_bias,steady_plateau_bias,mae,rmse
lv0,-0.009292793534566753,-0.010021117768095186,0.03256207269926866,0.04248970022632016
lv4,-0.03342595375822081,-0.03467353493533665,0.054738995619118214,0.06794065951059262
lv7,-0.050825545409073435,-0.054008606655467396,0.07556325600792964,0.09215167537331581
