epoch,train_loss,val_loss,lr,time
1,0.000857,0.015813,9.76e-04,119.85
2,0.000247,0.015649,9.05e-04,120.14
3,0.000161,0.016059,7.96e-04,120.92
4,0.000108,0.017132,6.58e-04,121.14
5,0.000079,0.018061,5.05e-04,120.35
6,0.000056,0.018084,3.52e-04,120.44
7,0.000042,0.017007,2.14e-04,119.59
8,0.000031,0.018326,1.05e-04,120.26
9,0.000025,0.017594,3.42e-05,120.42
10,0.000022,0.018146,1.00e-03,120.48
11,0.000082,0.016134,9.76e-04,120.88
12,0.000064,0.017123,9.05e-04,120.36
