epoch,train_loss,val_loss,lr,time
1,0.000966,0.016103,9.76e-04,119.68
2,0.000368,0.015642,9.05e-04,119.83
3,0.000266,0.015750,7.96e-04,119.78
4,0.000211,0.016338,6.58e-04,195.61
5,0.000171,0.016218,5.05e-04,229.70
6,0.000144,0.016185,3.52e-04,310.45
7,0.000123,0.016434,2.14e-04,332.07
8,0.000109,0.016559,1.05e-04,332.32
9,0.000099,0.016754,3.42e-05,332.43
10,0.000094,0.016681,1.00e-03,332.12
11,0.000149,0.015799,9.76e-04,331.87
12,0.000127,0.017105,9.05e-04,332.12
