epoch,train_loss,val_loss,lr,time
1,0.002496,0.003411,9.76e-04,123.27
2,0.001018,0.002808,9.05e-04,122.12
3,0.000732,0.002815,7.96e-04,122.04
4,0.000589,0.002589,6.58e-04,122.34
5,0.000490,0.002543,5.05e-04,122.61
6,0.000427,0.002604,3.52e-04,122.79
7,0.000370,0.002722,2.14e-04,122.56
8,0.000334,0.002893,1.05e-04,122.11
9,0.000308,0.002618,3.42e-05,121.28
10,0.000293,0.002522,1.00e-03,121.24
