epoch,train_loss,val_loss,lr,time
1,0.002695,0.002473,9.76e-04,34.59
2,0.001235,0.002680,9.05e-04,33.25
3,0.000993,0.003162,7.96e-04,33.91
4,0.000856,0.002744,6.58e-04,32.31
5,0.000745,0.002879,5.05e-04,32.36
6,0.000672,0.002731,3.52e-04,29.32
7,0.000611,0.003032,2.14e-04,29.97
