epoch,train_loss,val_loss,lr,time
1,0.000972,0.016148,9.76e-04,120.45
2,0.000264,0.015826,9.05e-04,120.79
3,0.000170,0.015734,7.96e-04,119.89
4,0.000119,0.015803,6.58e-04,120.95
5,0.000081,0.016124,5.05e-04,119.66
6,0.000061,0.016902,3.52e-04,119.76
7,0.000043,0.017240,2.14e-04,120.42
8,0.000032,0.017222,1.05e-04,120.80
9,0.000026,0.017002,3.42e-05,120.24
10,0.000023,0.017736,1.00e-03,120.09
11,0.000094,0.016466,9.76e-04,120.18
12,0.000062,0.017641,9.05e-04,120.19
