epoch,train_loss,val_loss,lr,time
1,0.002207,0.002250,9.76e-04,124.31
2,0.000782,0.001681,9.05e-04,123.03
3,0.000555,0.003268,7.96e-04,123.07
4,0.000489,0.001202,6.58e-04,124.49
5,0.000372,0.002431,5.05e-04,123.65
6,0.000323,0.001088,3.52e-04,123.59
7,0.000274,0.001191,2.14e-04,123.12
8,0.000245,0.001163,1.05e-04,123.55
9,0.000224,0.001272,3.42e-05,124.17
10,0.000212,0.001300,1.00e-03,125.08
11,0.000332,0.001107,9.76e-04,125.00
12,0.000284,0.004140,9.05e-04,123.43
