epoch,train_loss,val_loss,lr,time
1,0.002323,0.005432,9.76e-04,125.61
2,0.000913,0.005220,9.05e-04,125.08
3,0.000665,0.004977,7.96e-04,124.17
4,0.000564,0.003335,6.58e-04,123.65
5,0.000488,0.004526,5.05e-04,124.02
6,0.000433,0.003307,3.52e-04,123.76
7,0.000385,0.003473,2.14e-04,124.82
8,0.000354,0.003662,1.05e-04,125.33
9,0.000334,0.003830,3.42e-05,125.45
10,0.000318,0.003729,1.00e-03,125.22
