condition,level,mae,rmse,r2,signed_bias,std_error,steady_plateau_bias,steady_plateau_mae,onset_error,decay_error,trough_error_p05
accel_sine,lv0,0.048739537596702576,0.06527785956859589,0.9595624427199685,-0.00803246721625328,0.06478177756071091,-0.006739119067788124,0.045738622546195984,-0.22106905281543732,0.22222138941287994,-0.09857787191867828
decline_5deg,lv0,0.03613441064953804,0.05259546637535095,0.8410146871192009,0.026175161823630333,0.045619554817676544,0.02579629048705101,0.034092314541339874,-0.1223360076546669,0.2244204878807068,-0.03006359376013279
incline_10deg,lv0,0.02388319931924343,0.04495149850845337,0.8317149853546908,0.0015095298876985908,0.04492614418268204,0.0006187872495502234,0.021420620381832123,-0.12250407040119171,0.28373757004737854,-0.049291979521512985
level_075mps,lv0,0.031826943159103394,0.0556100569665432,0.9103385162736153,-0.005989901255816221,0.05528651922941208,-0.006960499100387096,0.030960554257035255,0.13615752756595612,-0.009576290845870972,-0.06222383305430412
level_100mps,lv0,0.04345952160656452,0.0525650754570961,0.8870036691589209,0.03653224557638168,0.037379030138254166,0.03677547723054886,0.043193407356739044,-0.02947875950485468,0.07618178799748421,-0.02410677121952176
level_125mps,lv0,0.04109920933842659,0.04913670942187309,0.9316960217296599,0.035039860755205154,0.03444741666316986,0.035867512226104736,0.0409025177359581,-0.04520968347787857,0.01718563213944435,-0.0217887032777071
stopandgo,lv0,0.04070826433598995,0.058295734226703644,0.9813165466206331,0.005899196141399443,0.05793577805161476,0.011093374341726303,0.036419762298464775,-0.031153604388237,0.00013889512047171593,-0.09998323768377304
