level,signed_bias,steady_plateau_bias,mae,rmse
lv0,-0.008798282865124444,-0.009893605753960501,0.037312237131926745,0.05192448798980978
lv4,-0.0329688407946378,-0.03286453622422414,0.05408682736257712,0.0701063855861624
lv7,-0.048061360022984445,-0.04794910208632549,0.07037650141865015,0.08804253861308098
