epoch,train_loss,val_loss,lr,time
1,0.001318,0.016097,9.76e-04,209.06
2,0.000549,0.016051,9.05e-04,238.64
3,0.000438,0.016164,7.96e-04,238.64
4,0.000370,0.016208,6.58e-04,238.68
5,0.000322,0.016378,5.05e-04,238.83
6,0.000289,0.016478,3.52e-04,238.08
7,0.000261,0.016275,2.14e-04,238.46
8,0.000241,0.016169,1.05e-04,238.38
9,0.000227,0.016226,3.42e-05,238.67
10,0.000219,0.016178,1.00e-03,238.63
11,0.000303,0.016043,9.76e-04,237.26
