epoch,train_loss,val_loss,lr,time
1,0.001778,0.017268,9.76e-04,231.71
2,0.000527,0.019178,9.05e-04,231.95
3,0.000355,0.018528,7.96e-04,231.08
4,0.000267,0.019636,6.58e-04,232.29
5,0.000210,0.020038,5.05e-04,230.07
6,0.000170,0.018379,3.52e-04,229.13
7,0.000141,0.017229,2.14e-04,235.69
8,0.000121,0.017759,1.05e-04,255.37
9,0.000107,0.017611,3.42e-05,256.99
10,0.000100,0.017544,1.00e-03,228.15
11,0.000189,0.018287,9.76e-04,156.81
