epoch,train_loss,val_loss,lr,time
1,0.953640,2.309011,1.00e-03,67.63
2,0.702137,2.277963,9.76e-04,66.60
3,0.636368,2.395197,9.05e-04,66.18
4,0.600848,2.346133,7.96e-04,66.38
5,0.576144,2.351018,6.58e-04,66.78
6,0.557026,2.351333,5.05e-04,66.09
7,0.542364,2.375276,3.52e-04,68.27
8,0.529483,2.407701,2.14e-04,66.50
9,0.519330,2.396961,1.05e-04,66.34
10,0.512744,2.396410,3.42e-05,66.80
11,0.507669,2.391145,1.00e-03,66.30
12,0.545232,2.407838,9.76e-04,60.80
