epoch,train_loss,val_loss,lr,time
1,0.865360,2.269356,1.00e-03,100.24
2,0.610436,2.231002,9.76e-04,120.35
3,0.550751,2.300891,9.05e-04,142.33
4,0.513088,2.375139,7.96e-04,145.01
5,0.483188,2.321790,6.58e-04,144.64
6,0.460385,2.350363,5.05e-04,144.49
7,0.442324,2.349994,3.52e-04,144.47
8,0.426413,2.329432,2.14e-04,144.26
9,0.413860,2.299207,1.05e-04,120.72
10,0.403811,2.364140,3.42e-05,96.52
11,0.398126,2.354569,1.00e-03,96.56
12,0.452252,2.289858,9.76e-04,95.81
