level,signed_bias,steady_plateau_bias,mae,rmse
lv0,0.0015035883342433306,0.001991446783197009,0.025516915135085583,0.033970545770393476
lv4,-0.008779033475245038,-0.009580690995790064,0.02164624926323692,0.029543882546325523
lv7,-0.010619694793907305,-0.01137299583448718,0.023303383650879066,0.03286276695628961
