epoch,train_loss,val_loss,lr,time
1,0.000783,0.001201,9.76e-04,122.64
2,0.000236,0.001042,9.05e-04,122.86
3,0.000157,0.001609,7.96e-04,122.79
4,0.000108,0.001478,6.58e-04,122.87
5,0.000079,0.001109,5.05e-04,122.91
6,0.000059,0.001462,3.52e-04,122.94
7,0.000044,0.001641,2.14e-04,122.67
8,0.000034,0.001378,1.05e-04,122.70
9,0.000028,0.001376,3.42e-05,122.87
10,0.000024,0.001330,1.00e-03,122.70
11,0.000089,0.001240,9.76e-04,122.72
12,0.000062,0.001086,9.05e-04,123.07
