{"_timestamp":1.767932858777247e+09,"lr":3.769253581563263e-05,"time/epoch_sec":24.631570499999725,"test_loss":0.00048816222852110513,"best_val":0.0005505627068487229,"epoch":18,"_runtime":472,"val_loss":0.0006701428819724242,"time/eta_sec":49.34247663415951,"train_loss":0.0007327529713690567,"_wandb":{"runtime":472},"_step":18}