epoch,train_loss,val_loss,lr,time
1,0.002646,0.003803,9.76e-04,34.33
2,0.001341,0.002801,9.05e-04,32.08
3,0.001081,0.004024,7.96e-04,30.80
4,0.000933,0.003744,6.58e-04,30.33
5,0.000820,0.004608,5.05e-04,30.36
6,0.000741,0.003912,3.52e-04,33.59
7,0.000678,0.004115,2.14e-04,33.44
8,0.000636,0.003861,1.05e-04,30.29
