epoch,train_loss,val_loss,lr,time
1,0.752450,2.469481,1.00e-03,106.11
2,0.517201,2.193088,9.76e-04,98.38
3,0.468763,2.349214,9.05e-04,98.39
4,0.438865,2.327984,7.96e-04,98.38
5,0.419229,2.327016,6.58e-04,73.83
6,0.402635,2.276082,5.05e-04,68.54
7,0.389569,2.312307,3.52e-04,67.95
8,0.377387,2.334711,2.14e-04,68.43
9,0.366943,2.344852,1.05e-04,68.21
10,0.359806,2.339886,3.42e-05,68.52
11,0.354973,2.345027,1.00e-03,69.05
12,0.399612,2.215979,9.76e-04,68.33
