epoch,train_loss,val_loss,lr,time
1,0.012498,0.004571,9.76e-04,29.33
2,0.006046,0.003505,9.05e-04,29.32
3,0.004904,0.002490,7.96e-04,29.21
4,0.004382,0.002631,6.58e-04,29.52
5,0.004123,0.003267,5.05e-04,31.91
6,0.003958,0.002515,3.52e-04,29.14
7,0.003824,0.002647,2.14e-04,32.51
8,0.003714,0.002508,1.05e-04,31.91
9,0.003638,0.002641,3.42e-05,32.23
