epoch,train_loss,val_loss,lr,time
1,2.833424,9.741153,1.00e-03,66.54
2,2.093941,9.884821,9.76e-04,58.28
3,1.979661,9.928115,9.05e-04,60.67
4,1.919986,9.934919,7.96e-04,63.67
5,1.878140,9.920287,6.58e-04,53.63
6,1.843639,9.905146,5.05e-04,53.85
7,1.821110,9.948809,3.52e-04,66.96
8,1.800701,9.987569,2.14e-04,63.96
9,1.790014,9.936269,1.05e-04,65.50
10,1.777375,9.936916,3.42e-05,63.49
11,1.769228,9.972918,1.00e-03,61.93
