epoch,train_loss,val_loss,lr,time
1,0.002480,0.003144,9.76e-04,34.43
2,0.001273,0.002029,9.05e-04,31.06
3,0.001046,0.002152,7.96e-04,33.59
4,0.000897,0.001969,6.58e-04,32.09
5,0.000788,0.001963,5.05e-04,34.85
6,0.000709,0.002443,3.52e-04,33.29
7,0.000644,0.002084,2.14e-04,33.66
8,0.000601,0.002652,1.05e-04,30.67
