epoch,train_loss,val_loss,lr,time
1,0.001975,0.015352,9.76e-04,353.29
2,0.000384,0.015831,9.05e-04,377.37
3,0.000232,0.017145,7.96e-04,376.57
4,0.000148,0.016825,6.58e-04,376.26
5,0.000106,0.015788,5.05e-04,378.45
6,0.000072,0.016089,3.52e-04,378.94
7,0.000050,0.015697,2.14e-04,375.78
8,0.000038,0.015701,1.05e-04,375.77
9,0.000030,0.015679,3.42e-05,377.65
10,0.000027,0.015716,1.00e-03,380.80
11,0.000138,0.016607,9.76e-04,378.48
