epoch,train_loss,val_loss,lr,time
1,0.002743,0.002033,9.76e-04,34.15
2,0.001282,0.002147,9.05e-04,34.39
3,0.001021,0.002090,7.96e-04,33.70
4,0.000864,0.001868,6.58e-04,31.25
5,0.000764,0.002211,5.05e-04,33.95
6,0.000696,0.002242,3.52e-04,31.25
7,0.000636,0.001940,2.14e-04,32.05
8,0.000597,0.001781,1.05e-04,31.86
9,0.000567,0.001956,3.42e-05,34.03
10,0.000550,0.001899,1.00e-03,34.72
