epoch,train_loss,val_loss,lr,time
1,0.001145,0.016000,9.76e-04,317.68
2,0.000399,0.015555,9.05e-04,334.75
3,0.000303,0.015787,7.96e-04,334.26
4,0.000241,0.015925,6.58e-04,334.40
5,0.000204,0.015627,5.05e-04,334.35
6,0.000177,0.015692,3.52e-04,334.62
7,0.000156,0.015657,2.14e-04,334.69
8,0.000143,0.015709,1.05e-04,334.86
9,0.000133,0.015811,3.42e-05,334.51
10,0.000128,0.015861,1.00e-03,334.31
11,0.000182,0.015569,9.76e-04,334.63
12,0.000162,0.015742,9.05e-04,252.95
