epoch,train_loss,val_loss,lr,time
1,0.000938,0.015836,9.76e-04,372.48
2,0.000320,0.015681,9.05e-04,389.07
3,0.000230,0.015864,7.96e-04,388.44
4,0.000178,0.016042,6.58e-04,386.35
5,0.000147,0.015716,5.05e-04,390.13
6,0.000122,0.015628,3.52e-04,385.68
7,0.000104,0.015912,2.14e-04,385.94
8,0.000091,0.015948,1.05e-04,385.53
9,0.000083,0.015938,3.42e-05,387.79
10,0.000078,0.016002,1.00e-03,388.25
11,0.000129,0.015773,9.76e-04,386.19
12,0.000111,0.016188,9.05e-04,386.89
