epoch,train_loss,val_loss,lr,time
1,0.004572,0.018474,9.76e-04,287.86
2,0.003891,0.015925,9.05e-04,295.89
3,0.003781,0.016809,7.96e-04,295.54
4,0.003719,0.016139,6.58e-04,295.21
5,0.003681,0.016552,5.05e-04,294.97
6,0.003650,0.016989,3.52e-04,295.39
7,0.003627,0.017169,2.14e-04,293.73
8,0.003610,0.017367,1.05e-04,295.05
9,0.003598,0.017134,3.42e-05,294.67
10,0.003592,0.016978,1.00e-03,292.75
11,0.003662,0.016360,9.76e-04,291.68
12,0.003640,0.017128,9.05e-04,289.80
