epoch,train_loss,val_loss,lr,time
1,0.854001,2.467190,1.00e-03,100.38
2,0.577598,2.457789,9.76e-04,96.67
3,0.512291,2.487763,9.05e-04,97.18
4,0.475339,2.496525,7.96e-04,96.81
5,0.449461,2.462354,6.58e-04,97.00
6,0.429702,2.506739,5.05e-04,96.55
7,0.412385,2.520551,3.52e-04,94.91
8,0.399353,2.513629,2.14e-04,92.66
9,0.388196,2.538910,1.05e-04,96.29
10,0.379721,2.519561,3.42e-05,97.08
11,0.374353,2.523340,1.00e-03,97.02
12,0.422952,2.498227,9.76e-04,97.16
