epoch,train_loss,val_loss,lr,time
1,0.754493,2.586777,1.00e-03,92.68
2,0.505698,2.714526,9.76e-04,88.39
3,0.443596,2.757134,9.05e-04,89.46
4,0.409794,2.730795,7.96e-04,90.66
5,0.385231,2.825640,6.58e-04,87.97
6,0.366505,2.740069,5.05e-04,89.47
7,0.351002,2.843118,3.52e-04,90.17
8,0.338284,2.898694,2.14e-04,90.58
9,0.327002,2.869031,1.05e-04,90.53
10,0.319216,2.913646,3.42e-05,90.07
11,0.314282,2.879956,1.00e-03,90.36
