epoch,train_loss,val_loss,lr,time
1,0.002499,0.004012,9.76e-04,122.81
2,0.001144,0.003039,9.05e-04,122.84
3,0.000917,0.003648,7.96e-04,124.07
4,0.000774,0.004356,6.58e-04,123.02
5,0.000671,0.004318,5.05e-04,122.22
6,0.000599,0.004538,3.52e-04,122.10
7,0.000544,0.004672,2.14e-04,122.65
8,0.000500,0.004908,1.05e-04,122.44
