epoch,train_loss,val_loss,lr,time
1,0.846345,2.362046,1.00e-03,74.95
2,0.584996,2.321732,9.76e-04,76.55
3,0.519402,2.304455,9.05e-04,78.44
4,0.482170,2.350926,7.96e-04,78.47
5,0.456184,2.329003,6.58e-04,78.11
6,0.435938,2.338375,5.05e-04,77.84
7,0.420400,2.338486,3.52e-04,78.18
8,0.405694,2.342403,2.14e-04,78.16
9,0.394204,2.331687,1.05e-04,78.22
10,0.385062,2.331769,3.42e-05,78.22
11,0.380383,2.339770,1.00e-03,77.67
12,0.431270,2.362281,9.76e-04,75.39
13,0.422640,2.332080,9.05e-04,94.55
