level,signed_bias,steady_plateau_bias,mae,rmse
lv0,0.0005946790511694013,0.0009075746250649294,0.051598549717002444,0.0666377925210529
lv4,-0.009551044354642121,-0.008063091765507124,0.06045896994570891,0.0745007445414861
lv7,-0.025725392091165606,-0.02511181271014114,0.07675179559737444,0.09180353954434395
