epoch,train_loss,val_loss,lr,time
1,2.730927,9.591009,1.00e-03,62.68
2,1.996540,9.761744,9.76e-04,59.95
3,1.872789,9.706800,9.05e-04,58.81
4,1.812880,9.866819,7.96e-04,62.35
5,1.774800,9.733321,6.58e-04,58.13
6,1.748052,9.742599,5.05e-04,60.45
7,1.724787,9.798442,3.52e-04,54.69
8,1.706003,9.771427,2.14e-04,52.04
9,1.692738,9.905625,1.05e-04,57.20
10,1.681538,9.823616,3.42e-05,62.26
11,1.676140,9.840243,1.00e-03,57.10
