epoch,train_loss,val_loss,lr,time
1,0.001085,0.016159,9.76e-04,123.71
2,0.000287,0.018039,9.05e-04,123.11
3,0.000181,0.018279,7.96e-04,123.43
4,0.000125,0.017965,6.58e-04,123.75
5,0.000090,0.019478,5.05e-04,123.49
6,0.000064,0.019710,3.52e-04,123.65
7,0.000048,0.017657,2.14e-04,123.09
8,0.000037,0.018099,1.05e-04,123.02
9,0.000031,0.018109,3.42e-05,122.84
10,0.000028,0.018428,1.00e-03,122.94
11,0.000106,0.017431,9.76e-04,123.26
