epoch,train_loss,val_loss,lr,time
1,0.002437,0.002001,9.76e-04,31.79
2,0.001109,0.002085,9.05e-04,35.26
3,0.000887,0.002005,7.96e-04,34.96
4,0.000761,0.002403,6.58e-04,31.39
5,0.000665,0.002648,5.05e-04,31.45
6,0.000599,0.001943,3.52e-04,34.29
7,0.000553,0.002467,2.14e-04,31.44
