epoch,train_loss,val_loss,lr,time
1,0.001158,0.015775,9.76e-04,307.58
2,0.000386,0.015513,9.05e-04,306.13
3,0.000288,0.015697,7.96e-04,304.20
4,0.000233,0.015748,6.58e-04,303.74
5,0.000198,0.015698,5.05e-04,305.66
6,0.000171,0.015699,3.52e-04,305.98
7,0.000153,0.015890,2.14e-04,304.93
8,0.000139,0.015699,1.05e-04,302.29
9,0.000130,0.015815,3.42e-05,301.97
10,0.000125,0.015876,1.00e-03,301.96
11,0.000181,0.015908,9.76e-04,271.47
12,0.000159,0.015717,9.05e-04,182.22
