epoch,train_loss,val_loss,lr,time
1,0.922957,2.136978,1.00e-03,96.40
2,0.646772,2.082458,9.76e-04,93.61
3,0.571539,2.116514,9.05e-04,93.15
4,0.527506,2.137236,7.96e-04,93.75
5,0.498051,2.142405,6.58e-04,93.17
6,0.474869,2.168549,5.05e-04,93.24
7,0.455715,2.165990,3.52e-04,93.85
8,0.441006,2.123273,2.14e-04,93.48
9,0.429070,2.156946,1.05e-04,93.12
10,0.419271,2.113586,3.42e-05,91.88
11,0.414488,2.138566,1.00e-03,90.03
12,0.468202,2.155137,9.76e-04,92.65
