epoch,train_loss,val_loss,lr,time
1,0.002001,0.016812,9.76e-04,271.31
2,0.000753,0.018535,9.05e-04,271.28
3,0.000541,0.017159,7.96e-04,272.08
4,0.000436,0.017690,6.58e-04,271.67
5,0.000366,0.017506,5.05e-04,271.40
6,0.000314,0.019193,3.52e-04,271.27
7,0.000276,0.017524,2.14e-04,272.35
8,0.000249,0.018036,1.05e-04,271.30
9,0.000230,0.017957,3.42e-05,273.49
10,0.000219,0.017907,1.00e-03,271.42
11,0.000348,0.018332,9.76e-04,262.26
