level,signed_bias,steady_plateau_bias,mae,rmse
lv0,-0.01847814116626978,-0.019062657840549946,0.026168724832435448,0.03349150841434797
lv4,-0.047117110497007765,-0.04650422418490052,0.05208848137408495,0.06311047915369272
lv7,-0.07336263358592987,-0.0744026384005944,0.07883145132412513,0.09286476920048396
