epoch,train_loss,val_loss,lr,time
1,0.002590,0.001782,9.76e-04,34.76
2,0.001200,0.001513,9.05e-04,31.16
3,0.000967,0.001435,7.96e-04,31.71
4,0.000831,0.001723,6.58e-04,31.74
5,0.000733,0.001580,5.05e-04,31.68
6,0.000661,0.001436,3.52e-04,31.25
7,0.000610,0.001606,2.14e-04,31.32
8,0.000565,0.001778,1.05e-04,31.31
