condition,level,mae,rmse,r2,signed_bias,std_error,steady_plateau_bias,steady_plateau_mae,onset_error,decay_error,trough_error_p05
accel_sine,lv0,0.06143635883927345,0.0802735686302185,0.9427953168039559,-0.028604034334421158,0.07500436156988144,-0.03132592514157295,0.059815965592861176,0.07322768867015839,0.23298001289367676,-0.14176520705223083
decline_5deg,lv0,0.020886743441224098,0.02980407513678074,0.9332145369530596,0.012659354135394096,0.026981910690665245,0.011758392676711082,0.01968691498041153,0.06273698806762695,0.07954947650432587,-0.02246692404150963
incline_10deg,lv0,0.02447395771741867,0.03996753692626953,0.8853271088846957,-0.009098234586417675,0.03891819715499878,-0.01175798662006855,0.022200217470526695,0.24878959357738495,0.2094021439552307,-0.05057946592569351
level_075mps,lv0,0.040960267186164856,0.05742949806153774,0.8633567749830697,0.018896455876529217,0.05422091670334339,0.018933676183223724,0.039178553968667984,-0.15689097344875336,0.1828962042927742,-0.05896495655179024
level_100mps,lv0,0.029605980031192303,0.03978895768523216,0.9526411751497041,-0.01532334228977561,0.036333393305540085,-0.015754966530948877,0.02913022506982088,-0.021307701244950294,0.0381345865316689,-0.07217035815119743
level_125mps,lv0,0.028394371271133423,0.039942603558301926,0.9733476614187542,0.0035387154202908278,0.039785537868738174,0.0030758720822632313,0.027780193835496902,0.09526032954454422,-0.01285977941006422,-0.057855796068906784
stopandgo,lv0,0.05149455927312374,0.07768022641539574,0.968319503154868,0.0044021314242854714,0.07751377858221531,0.0036200880422256887,0.03908715397119522,-0.06323972425889224,0.07859355583786964,-0.10567595809698105
