epoch,train_loss,val_loss,lr,time
1,1.005932,2.601487,1.00e-03,66.83
2,0.748168,2.656658,9.76e-04,69.14
3,0.684580,2.659764,9.05e-04,72.13
4,0.644661,2.656460,7.96e-04,67.89
5,0.617232,2.726039,6.58e-04,63.84
6,0.596662,2.717357,5.05e-04,67.57
7,0.580044,2.676484,3.52e-04,67.32
8,0.565131,2.699242,2.14e-04,64.07
9,0.554170,2.665200,1.05e-04,63.45
10,0.546546,2.682390,3.42e-05,64.05
11,0.540888,2.670122,1.00e-03,63.95
