epoch,train_loss,val_loss,lr,time
1,0.000941,0.016320,9.76e-04,388.98
2,0.000323,0.015515,9.05e-04,388.15
3,0.000226,0.018414,7.96e-04,388.56
4,0.000168,0.015674,6.58e-04,387.73
5,0.000127,0.016505,5.05e-04,387.74
6,0.000099,0.015826,3.52e-04,389.32
7,0.000080,0.016887,2.14e-04,388.71
8,0.000065,0.016168,1.05e-04,390.02
9,0.000055,0.016330,3.42e-05,388.75
10,0.000050,0.017041,1.00e-03,388.39
11,0.000121,0.016624,9.76e-04,389.09
12,0.000100,0.016451,9.05e-04,388.45
