epoch,train_loss,val_loss,lr,time
1,2.691652,9.662970,1.00e-03,56.52
2,1.997500,9.779083,9.76e-04,61.11
3,1.896301,9.810622,9.05e-04,54.35
4,1.841267,9.769666,7.96e-04,58.10
5,1.802823,9.716279,6.58e-04,55.33
6,1.774708,9.845057,5.05e-04,62.63
7,1.752588,9.812257,3.52e-04,63.14
8,1.735165,9.830351,2.14e-04,62.86
9,1.715822,9.843436,1.05e-04,45.61
10,1.707265,9.781170,3.42e-05,64.17
11,1.704023,9.811580,1.00e-03,63.11
