epoch,train_loss,val_loss,lr,time
1,0.003190,0.001666,9.76e-04,34.62
2,0.001277,0.001484,9.05e-04,30.30
3,0.001018,0.001435,7.96e-04,30.60
4,0.000866,0.001346,6.58e-04,30.99
5,0.000765,0.001393,5.05e-04,35.41
6,0.000683,0.001330,3.52e-04,34.43
7,0.000624,0.001394,2.14e-04,33.89
8,0.000579,0.001441,1.05e-04,31.08
9,0.000551,0.001353,3.42e-05,34.34
10,0.000532,0.001351,1.00e-03,34.43
