epoch,train_loss,val_loss,lr,time
1,0.001068,0.016506,9.76e-04,318.32
2,0.000385,0.019226,9.05e-04,323.20
3,0.000289,0.016630,7.96e-04,323.01
4,0.000229,0.017869,6.58e-04,323.16
5,0.000192,0.017507,5.05e-04,323.45
6,0.000164,0.016717,3.52e-04,323.42
7,0.000143,0.017357,2.14e-04,322.67
8,0.000128,0.017430,1.05e-04,323.35
9,0.000118,0.017333,3.42e-05,323.06
10,0.000111,0.017586,1.00e-03,323.23
11,0.000173,0.017089,9.76e-04,323.84
