epoch,train_loss,val_loss,lr,time
1,0.846931,2.479472,1.00e-03,78.80
2,0.574891,2.531968,9.76e-04,77.21
3,0.509368,2.505492,9.05e-04,77.48
4,0.473651,2.534599,7.96e-04,77.02
5,0.447387,2.556691,6.58e-04,77.36
6,0.428141,2.532385,5.05e-04,77.18
7,0.411264,2.510989,3.52e-04,75.70
8,0.397966,2.512564,2.14e-04,76.31
9,0.387260,2.538153,1.05e-04,77.36
10,0.378312,2.526662,3.42e-05,77.27
11,0.373078,2.542332,1.00e-03,77.32
