epoch,train_loss,val_loss,lr,time
1,0.000873,0.016435,9.76e-04,119.85
2,0.000248,0.015816,9.05e-04,119.52
3,0.000164,0.016718,7.96e-04,119.75
4,0.000115,0.016233,6.58e-04,119.62
5,0.000083,0.017072,5.05e-04,119.60
6,0.000059,0.017109,3.52e-04,120.34
7,0.000044,0.017851,2.14e-04,119.58
8,0.000034,0.017976,1.05e-04,120.33
9,0.000027,0.018167,3.42e-05,119.83
10,0.000024,0.018020,1.00e-03,119.73
11,0.000094,0.016529,9.76e-04,119.45
12,0.000064,0.017938,9.05e-04,119.54
