epoch,train_loss,val_loss,lr,time
1,0.833924,2.452011,1.00e-03,100.60
2,0.583953,2.422100,9.76e-04,98.04
3,0.520038,2.467662,9.05e-04,97.67
4,0.481900,2.452304,7.96e-04,97.72
5,0.456585,2.472777,6.58e-04,98.00
6,0.436502,2.473246,5.05e-04,98.01
7,0.421116,2.457519,3.52e-04,95.88
8,0.407962,2.483798,2.14e-04,96.70
9,0.396288,2.493633,1.05e-04,95.97
10,0.387913,2.503856,3.42e-05,96.75
11,0.382744,2.506302,1.00e-03,97.82
12,0.432616,2.498510,9.76e-04,97.95
