epoch,train_loss,val_loss,lr,time
1,0.002376,0.019982,9.76e-04,105.73
2,0.000896,0.016720,9.05e-04,118.61
3,0.000675,0.017028,7.96e-04,164.86
4,0.000550,0.017308,6.58e-04,164.45
5,0.000465,0.017844,5.05e-04,169.06
6,0.000410,0.017391,3.52e-04,167.31
7,0.000363,0.016898,2.14e-04,164.66
8,0.000330,0.016914,1.05e-04,176.39
9,0.000308,0.016940,3.42e-05,168.97
10,0.000297,0.016926,1.00e-03,164.32
11,0.000444,0.017369,9.76e-04,166.87
12,0.000402,0.017390,9.05e-04,163.28
