epoch,train_loss,val_loss,lr,time
1,1.014801,2.279683,1.00e-03,45.71
2,0.737650,2.253494,9.76e-04,43.21
3,0.660727,2.226082,9.05e-04,34.80
4,0.619121,2.347141,7.96e-04,44.58
5,0.593283,2.291628,6.58e-04,42.23
6,0.572730,2.316175,5.05e-04,39.86
7,0.555875,2.303040,3.52e-04,37.50
8,0.542814,2.299839,2.14e-04,53.33
9,0.532192,2.278711,1.05e-04,42.80
10,0.524313,2.307393,3.42e-05,34.59
11,0.519715,2.315075,1.00e-03,37.10
12,0.558791,2.301698,9.76e-04,38.65
13,0.548406,2.349917,9.05e-04,46.53
