epoch,train_loss,val_loss,lr,time
1,2.749229,9.679744,1.00e-03,91.82
2,1.931984,9.694212,9.76e-04,87.56
3,1.822491,9.717105,9.05e-04,88.23
4,1.767566,9.782765,7.96e-04,87.95
5,1.728570,9.857491,6.58e-04,85.95
6,1.699582,9.840454,5.05e-04,84.91
7,1.667608,9.859727,3.52e-04,90.05
8,1.650423,9.807238,2.14e-04,86.74
9,1.632181,9.850737,1.05e-04,89.07
10,1.621195,9.832426,3.42e-05,88.69
11,1.613066,9.836974,1.00e-03,89.13
