epoch,train_loss,val_loss,lr,time
1,0.003083,0.001765,9.76e-04,34.71
2,0.001238,0.002059,9.05e-04,32.65
3,0.000971,0.001602,7.96e-04,30.67
4,0.000820,0.002095,6.58e-04,31.46
5,0.000714,0.001855,5.05e-04,32.52
6,0.000644,0.001548,3.52e-04,33.31
7,0.000585,0.001974,2.14e-04,31.42
8,0.000540,0.001926,1.05e-04,32.29
9,0.000513,0.002048,3.42e-05,32.23
