epoch,train_loss,val_loss,lr,time
1,0.782069,2.634442,1.00e-03,95.73
2,0.525195,2.628278,9.76e-04,93.01
3,0.460556,2.831201,9.05e-04,93.06
4,0.422371,2.694220,7.96e-04,92.83
5,0.394703,2.724495,6.58e-04,92.80
6,0.375103,2.765344,5.05e-04,92.99
7,0.357764,2.796013,3.52e-04,93.10
8,0.343131,2.804807,2.14e-04,92.05
9,0.331863,2.813748,1.05e-04,89.65
10,0.323172,2.823215,3.42e-05,91.00
11,0.318492,2.838099,1.00e-03,92.81
12,0.362431,2.790945,9.76e-04,92.86
