epoch,train_loss,val_loss,lr,time
1,0.864124,2.335892,1.00e-03,103.65
2,0.602589,2.274718,9.76e-04,95.94
3,0.531409,2.256696,9.05e-04,96.02
4,0.490447,2.304813,7.96e-04,96.08
5,0.463824,2.278375,6.58e-04,95.89
6,0.444145,2.298950,5.05e-04,95.71
7,0.426442,2.284430,3.52e-04,95.76
8,0.412077,2.312843,2.14e-04,95.96
9,0.400489,2.292794,1.05e-04,96.06
10,0.391449,2.298223,3.42e-05,95.99
11,0.386209,2.309773,1.00e-03,96.19
12,0.437723,2.323957,9.76e-04,95.70
13,0.427277,2.356990,9.05e-04,77.52
