epoch,train_loss,val_loss,lr,time
1,0.856870,2.499256,1.00e-03,48.42
2,0.585356,2.490916,9.76e-04,44.88
3,0.515663,2.533487,9.05e-04,52.32
4,0.475472,2.510706,7.96e-04,50.06
5,0.448967,2.497422,6.58e-04,52.16
6,0.429702,2.514905,5.05e-04,47.19
7,0.412997,2.495656,3.52e-04,46.38
8,0.399316,2.503620,2.14e-04,52.22
9,0.387853,2.518832,1.05e-04,57.15
10,0.378730,2.524484,3.42e-05,51.44
11,0.374608,2.521513,1.00e-03,46.37
12,0.423196,2.551910,9.76e-04,45.36
