epoch,train_loss,val_loss,lr,time
1,0.001060,0.018987,9.76e-04,135.20
2,0.000280,0.024058,9.05e-04,135.77
3,0.000175,0.023683,7.96e-04,135.03
4,0.000114,0.019776,6.58e-04,135.75
5,0.000079,0.019501,5.05e-04,135.51
6,0.000058,0.019980,3.52e-04,135.86
7,0.000042,0.022364,2.14e-04,135.50
8,0.000034,0.020500,1.05e-04,135.80
9,0.000029,0.021111,3.42e-05,135.47
10,0.000026,0.020675,1.00e-03,136.37
11,0.000092,0.020076,9.76e-04,135.27
