level,signed_bias,steady_plateau_bias,mae,rmse
lv0,0.00233327263332386,0.00143528093273441,0.027418714844518237,0.04007711054550277
lv4,-0.032282271422445774,-0.03472949952508012,0.04520754609256983,0.06187350116670132
lv7,-0.07432554910580318,-0.0781988821302851,0.08410866310199101,0.10370716328422229
