epoch,train_loss,val_loss,lr,time
1,0.003449,0.002293,9.76e-04,34.72
2,0.001289,0.001652,9.05e-04,30.77
3,0.001013,0.001940,7.96e-04,34.61
4,0.000847,0.001674,6.58e-04,30.83
5,0.000728,0.001479,5.05e-04,30.70
6,0.000645,0.001399,3.52e-04,30.84
7,0.000583,0.001351,2.14e-04,30.72
8,0.000544,0.001328,1.05e-04,30.83
9,0.000515,0.001334,3.42e-05,34.48
10,0.000497,0.001375,1.00e-03,30.78
11,0.000624,0.001537,9.76e-04,30.84
12,0.000564,0.001582,9.05e-04,34.35
13,0.000521,0.001405,7.96e-04,33.10
