epoch,train_loss,val_loss,lr,time
1,0.002685,0.002229,9.76e-04,30.80
2,0.001255,0.001701,9.05e-04,34.36
3,0.001020,0.001663,7.96e-04,30.38
4,0.000884,0.001805,6.58e-04,31.32
5,0.000786,0.001674,5.05e-04,31.32
6,0.000709,0.001612,3.52e-04,34.36
7,0.000647,0.001786,2.14e-04,33.04
8,0.000605,0.001833,1.05e-04,30.63
