epoch,train_loss,val_loss,lr,time
1,0.001127,0.017218,9.76e-04,262.42
2,0.000388,0.018542,9.05e-04,256.95
3,0.000295,0.017990,7.96e-04,259.28
4,0.000242,0.017753,6.58e-04,258.65
5,0.000208,0.018353,5.05e-04,259.49
6,0.000184,0.018913,3.52e-04,262.73
7,0.000164,0.018368,2.14e-04,259.62
8,0.000151,0.017676,1.05e-04,258.84
9,0.000141,0.018128,3.42e-05,257.91
10,0.000135,0.017985,1.00e-03,207.89
11,0.000193,0.017792,9.76e-04,107.97
