epoch,train_loss,val_loss,lr,time
1,1.048377,2.492300,1.00e-03,58.11
2,0.777168,2.530632,9.76e-04,59.30
3,0.705121,2.466924,9.05e-04,65.92
4,0.662481,2.498462,7.96e-04,64.22
5,0.632502,2.486431,6.58e-04,57.16
6,0.611230,2.486697,5.05e-04,57.90
7,0.594027,2.509097,3.52e-04,60.00
8,0.579322,2.512621,2.14e-04,59.65
9,0.568420,2.544784,1.05e-04,56.10
10,0.560714,2.541627,3.42e-05,56.29
11,0.555270,2.539070,1.00e-03,56.62
12,0.597037,2.568992,9.76e-04,56.15
13,0.587167,2.532696,9.05e-04,56.30
