epoch,train_loss,val_loss,lr,time
1,0.001385,0.016148,9.76e-04,266.62
2,0.000533,0.016601,9.05e-04,277.32
3,0.000399,0.017252,7.96e-04,276.51
4,0.000329,0.016437,6.58e-04,276.93
5,0.000285,0.016159,5.05e-04,276.77
6,0.000252,0.016264,3.52e-04,276.57
7,0.000227,0.016863,2.14e-04,276.78
8,0.000209,0.016650,1.05e-04,276.23
9,0.000197,0.016765,3.42e-05,276.29
10,0.000190,0.016692,1.00e-03,276.40
11,0.000265,0.016845,9.76e-04,276.26
