level,signed_bias,steady_plateau_bias,mae,rmse
lv0,0.008391140028834343,0.0070727863995772265,0.025953444445298776,0.038765654174817935
lv4,-0.025837990920990705,-0.0269513715369006,0.038656958689292274,0.052752988412976265
lv7,-0.05751849648853143,-0.05940239286671082,0.06592228511969249,0.08241239500542481
