epoch,train_loss,val_loss,lr,time
1,0.770119,2.015294,1.00e-03,98.27
2,0.511412,2.085822,9.76e-04,94.73
3,0.447864,2.094053,9.05e-04,94.20
4,0.411623,2.116022,7.96e-04,94.37
5,0.386794,2.088933,6.58e-04,94.59
6,0.367646,2.122033,5.05e-04,94.89
7,0.351950,2.196101,3.52e-04,92.04
8,0.338534,2.175931,2.14e-04,90.90
9,0.328131,2.190522,1.05e-04,93.29
10,0.319168,2.167104,3.42e-05,94.67
11,0.314547,2.183569,1.00e-03,94.93
