epoch,train_loss,val_loss,lr,time
1,0.000741,0.015563,9.76e-04,122.12
2,0.000241,0.015783,9.05e-04,122.86
3,0.000165,0.016108,7.96e-04,124.22
4,0.000117,0.016868,6.58e-04,122.27
5,0.000088,0.016276,5.05e-04,122.58
6,0.000065,0.017341,3.52e-04,121.86
7,0.000048,0.017261,2.14e-04,122.79
8,0.000037,0.017262,1.05e-04,122.34
9,0.000031,0.016914,3.42e-05,122.89
10,0.000027,0.017206,1.00e-03,124.16
11,0.000094,0.016409,9.76e-04,126.51
