epoch,train_loss,val_loss,lr,time
1,0.001174,0.015848,9.76e-04,202.00
2,0.000364,0.015647,9.05e-04,244.09
3,0.000265,0.016871,7.96e-04,303.56
4,0.000213,0.015986,6.58e-04,304.39
5,0.000181,0.015677,5.05e-04,303.71
6,0.000156,0.016504,3.52e-04,304.07
7,0.000138,0.016303,2.14e-04,303.95
8,0.000125,0.016462,1.05e-04,304.31
9,0.000117,0.016531,3.42e-05,303.32
10,0.000111,0.016581,1.00e-03,229.78
11,0.000162,0.016269,9.76e-04,200.81
12,0.000146,0.015960,9.05e-04,201.55
