epoch,train_loss,val_loss,lr,time
1,0.000946,0.016197,9.76e-04,391.58
2,0.000329,0.015637,9.05e-04,389.59
3,0.000237,0.016600,7.96e-04,388.84
4,0.000185,0.015963,6.58e-04,386.32
5,0.000152,0.015953,5.05e-04,389.77
6,0.000128,0.015794,3.52e-04,385.51
7,0.000110,0.016111,2.14e-04,385.75
8,0.000097,0.016139,1.05e-04,385.69
9,0.000088,0.016188,3.42e-05,387.79
10,0.000083,0.016292,1.00e-03,388.02
11,0.000136,0.016472,9.76e-04,386.36
12,0.000117,0.016904,9.05e-04,379.53
