epoch,train_loss,val_loss,lr,time
1,1.733979,10.029501,1.00e-03,60.14
2,1.067927,9.994998,9.76e-04,53.56
3,0.985562,10.094219,9.05e-04,54.79
4,0.949122,10.127867,7.96e-04,59.40
5,0.923694,10.067219,6.58e-04,60.31
6,0.903371,10.137087,5.05e-04,54.61
7,0.886194,10.124230,3.52e-04,58.37
8,0.871548,10.060363,2.14e-04,57.38
9,0.860164,10.164959,1.05e-04,56.01
10,0.849683,10.127848,3.42e-05,56.20
11,0.845839,10.128827,1.00e-03,62.46
12,0.892021,10.262811,9.76e-04,59.32
