epoch,train_loss,val_loss,lr,time
1,0.002168,0.002221,9.76e-04,33.91
2,0.001170,0.002485,9.05e-04,34.52
3,0.000934,0.002134,7.96e-04,31.27
4,0.000801,0.001797,6.58e-04,32.84
5,0.000701,0.003316,5.05e-04,30.54
6,0.000627,0.001825,3.52e-04,32.32
7,0.000571,0.001950,2.14e-04,35.17
8,0.000527,0.002033,1.05e-04,35.16
9,0.000503,0.001974,3.42e-05,31.35
10,0.000488,0.002068,1.00e-03,31.47
