epoch,train_loss,val_loss,lr,time
1,0.002595,0.001890,9.76e-04,34.68
2,0.001290,0.001711,9.05e-04,33.20
3,0.001036,0.001724,7.96e-04,34.37
4,0.000871,0.001836,6.58e-04,30.90
5,0.000763,0.001443,5.05e-04,32.70
6,0.000687,0.001491,3.52e-04,30.77
7,0.000628,0.001393,2.14e-04,30.93
8,0.000586,0.001647,1.05e-04,30.91
9,0.000558,0.001532,3.42e-05,33.76
10,0.000538,0.001500,1.00e-03,30.60
11,0.000672,0.001622,9.76e-04,34.27
