epoch,train_loss,val_loss,lr,time
1,0.001354,0.009025,9.76e-04,378.74
2,0.000479,0.007263,9.05e-04,379.80
3,0.000356,0.008515,7.96e-04,379.27
4,0.000286,0.008584,6.58e-04,376.51
5,0.000236,0.007517,5.05e-04,379.44
6,0.000200,0.007671,3.52e-04,381.85
7,0.000173,0.008222,2.14e-04,379.36
8,0.000152,0.008093,1.05e-04,378.81
9,0.000140,0.008498,3.42e-05,377.49
10,0.000132,0.008026,1.00e-03,379.03
11,0.000220,0.009384,9.76e-04,379.65
12,0.000180,0.008014,9.05e-04,374.75
