epoch,train_loss,val_loss,lr,time
1,0.001335,0.015951,9.76e-04,209.86
2,0.000565,0.015898,9.05e-04,238.76
3,0.000446,0.017024,7.96e-04,238.71
4,0.000374,0.016242,6.58e-04,238.84
5,0.000325,0.016026,5.05e-04,238.47
6,0.000291,0.016315,3.52e-04,238.84
7,0.000263,0.016148,2.14e-04,238.46
8,0.000243,0.016007,1.05e-04,238.80
9,0.000228,0.016170,3.42e-05,238.90
10,0.000221,0.016072,1.00e-03,238.95
11,0.000303,0.016046,9.76e-04,238.98
