level,signed_bias,steady_plateau_bias,mae,rmse
lv0,0.00794663414449638,0.007726113577114625,0.03856893701271878,0.052481889724731445
lv4,-0.0421660088468343,-0.04246350533018509,0.07856545690447092,0.09495109133422375
lv7,-0.07920449941108625,-0.08047222997993231,0.11644517071545124,0.1336017002662023
