epoch,train_loss,val_loss,lr,time
1,0.000744,0.014699,9.76e-04,125.54
2,0.000191,0.015863,9.05e-04,126.64
3,0.000118,0.015327,7.96e-04,128.03
4,0.000078,0.016717,6.58e-04,127.25
5,0.000051,0.015632,5.05e-04,125.18
6,0.000035,0.016206,3.52e-04,125.85
7,0.000025,0.015631,2.14e-04,126.84
8,0.000018,0.015847,1.05e-04,126.70
9,0.000014,0.015832,3.42e-05,126.67
10,0.000012,0.016150,1.00e-03,126.61
11,0.000062,0.017594,9.76e-04,125.00
