epoch,train_loss,val_loss,lr,time
1,0.002413,0.002877,9.76e-04,34.81
2,0.001162,0.002478,9.05e-04,34.92
3,0.000912,0.003571,7.96e-04,33.68
4,0.000783,0.004249,6.58e-04,32.75
5,0.000682,0.003648,5.05e-04,32.44
6,0.000616,0.002471,3.52e-04,30.47
7,0.000563,0.002531,2.14e-04,33.89
8,0.000528,0.002680,1.05e-04,33.07
