epoch,train_loss,val_loss,lr,time
1,0.001057,0.016272,9.76e-04,326.19
2,0.000434,0.016727,9.05e-04,326.37
3,0.000331,0.017180,7.96e-04,325.92
4,0.000269,0.016244,6.58e-04,325.76
5,0.000226,0.016645,5.05e-04,325.40
6,0.000193,0.017171,3.52e-04,325.20
7,0.000169,0.016620,2.14e-04,321.09
8,0.000151,0.016699,1.05e-04,319.80
9,0.000139,0.016721,3.42e-05,320.92
10,0.000133,0.016853,1.00e-03,325.59
11,0.000202,0.016662,9.76e-04,323.45
