epoch,train_loss,val_loss,lr,time
1,0.003106,0.001434,9.76e-04,35.15
2,0.001275,0.001520,9.05e-04,33.22
3,0.001022,0.001228,7.96e-04,30.33
4,0.000867,0.001096,6.58e-04,33.40
5,0.000753,0.001094,5.05e-04,34.17
6,0.000672,0.001240,3.52e-04,32.82
7,0.000614,0.001127,2.14e-04,30.84
8,0.000565,0.001106,1.05e-04,30.73
9,0.000536,0.001142,3.42e-05,34.15
10,0.000518,0.001128,1.00e-03,31.08
