epoch,train_loss,val_loss,lr,time
1,0.908689,1.998748,1.00e-03,96.57
2,0.639144,2.174454,9.76e-04,93.37
3,0.566020,2.134133,9.05e-04,93.43
4,0.523096,2.154421,7.96e-04,93.32
5,0.494219,2.099710,6.58e-04,90.22
6,0.472767,2.103842,5.05e-04,91.96
7,0.454763,2.058063,3.52e-04,93.69
8,0.438460,2.100833,2.14e-04,93.27
9,0.427202,2.104366,1.05e-04,93.44
10,0.417431,2.118048,3.42e-05,93.29
11,0.412292,2.110396,1.00e-03,93.51
