epoch,train_loss,val_loss,lr,time
1,0.810048,2.316153,1.00e-03,95.20
2,0.527731,2.332392,9.76e-04,93.80
3,0.458890,2.340523,9.05e-04,93.74
4,0.418236,2.389145,7.96e-04,93.73
5,0.391996,2.350092,6.58e-04,93.86
6,0.371824,2.351533,5.05e-04,94.20
7,0.355481,2.368891,3.52e-04,93.27
8,0.341883,2.391487,2.14e-04,93.41
9,0.331272,2.388623,1.05e-04,93.92
10,0.323123,2.384833,3.42e-05,93.59
11,0.317923,2.387966,1.00e-03,93.90
