epoch,train_loss,val_loss,lr,time
1,0.797188,2.251916,1.00e-03,127.44
2,0.554710,2.279905,9.76e-04,117.82
3,0.495245,2.310229,9.05e-04,118.67
4,0.456853,2.330504,7.96e-04,118.88
5,0.428507,2.306903,6.58e-04,75.23
6,0.410446,2.328832,5.05e-04,53.15
7,0.388392,2.342110,3.52e-04,50.03
8,0.370739,2.343217,2.14e-04,51.36
9,0.358524,2.347059,1.05e-04,42.98
10,0.347758,2.344841,3.42e-05,44.17
11,0.341634,2.346874,1.00e-03,47.51
