epoch,train_loss,val_loss,lr,time
1,0.929380,2.286903,1.00e-03,196.78
2,0.683730,2.254676,9.76e-04,202.23
3,0.617419,2.281063,9.05e-04,189.45
4,0.574813,2.294223,7.96e-04,200.97
5,0.545946,2.310858,6.58e-04,195.54
6,0.524213,2.292736,5.05e-04,194.28
7,0.505867,2.277940,3.52e-04,197.25
8,0.489109,2.285155,2.14e-04,200.89
9,0.475417,2.336976,1.05e-04,204.18
10,0.465292,2.305011,3.42e-05,191.64
11,0.459700,2.299124,1.00e-03,202.14
12,0.513430,2.303960,9.76e-04,227.84
