epoch,train_loss,val_loss,lr,time
1,0.001974,0.005059,7.81e-04,77.43
2,0.000666,0.003185,7.25e-04,58.01
3,0.000451,0.002381,6.37e-04,84.53
4,0.000350,0.003208,5.27e-04,76.80
5,0.000265,0.004207,4.05e-04,76.19
6,0.000211,0.002755,2.83e-04,71.77
7,0.000165,0.003878,1.73e-04,82.85
8,0.000137,0.003734,8.54e-05,79.97
9,0.000117,0.003708,2.93e-05,82.74
