epoch,train_loss,val_loss,lr,time
1,0.001282,0.016098,9.76e-04,181.50
2,0.000504,0.017221,9.05e-04,234.32
3,0.000385,0.016001,7.96e-04,258.23
4,0.000314,0.016673,6.58e-04,260.41
5,0.000268,0.016022,5.05e-04,258.79
6,0.000235,0.016286,3.52e-04,258.47
7,0.000211,0.016661,2.14e-04,258.76
8,0.000193,0.016605,1.05e-04,259.25
9,0.000181,0.016279,3.42e-05,258.25
10,0.000174,0.016408,1.00e-03,258.69
11,0.000246,0.016303,9.76e-04,258.56
