epoch,train_loss,val_loss,lr,time
1,0.928330,2.086499,1.00e-03,94.01
2,0.646348,2.058707,9.76e-04,92.78
3,0.569131,2.049448,9.05e-04,92.43
4,0.526136,2.051683,7.96e-04,92.57
5,0.495960,2.064809,6.58e-04,92.25
6,0.473320,2.067308,5.05e-04,92.28
7,0.454056,2.105267,3.52e-04,90.33
8,0.438287,2.054490,2.14e-04,91.37
9,0.426145,2.093935,1.05e-04,92.40
10,0.416154,2.082991,3.42e-05,92.31
11,0.410795,2.100182,1.00e-03,92.73
12,0.464488,2.094369,9.76e-04,92.45
13,0.454091,2.064296,9.05e-04,90.39
