level,signed_bias,steady_plateau_bias,mae,rmse
lv0,0.012658627367474966,0.011537489002673991,0.03435539619790183,0.04803330989347564
lv4,-0.03687853435985744,-0.03824847765887777,0.04956354790677627,0.06623824996252854
lv7,-0.08479807122300069,-0.08717739519973595,0.09361152537167072,0.11225301213562489
