epoch,train_loss,val_loss,lr,time
1,0.822145,2.516102,1.00e-03,100.41
2,0.564805,2.591837,9.76e-04,97.40
3,0.503550,2.568325,9.05e-04,97.36
4,0.467381,2.583328,7.96e-04,97.53
5,0.441423,2.633887,6.58e-04,97.64
6,0.422202,2.616748,5.05e-04,97.32
7,0.406737,2.658917,3.52e-04,92.34
8,0.394108,2.656272,2.14e-04,95.43
9,0.382369,2.642809,1.05e-04,97.59
10,0.374120,2.650839,3.42e-05,97.41
11,0.369261,2.655382,1.00e-03,97.51
