epoch,train_loss,val_loss,lr,time
1,0.004445,0.001119,9.76e-04,157.31
2,0.002444,0.000789,9.05e-04,158.66
3,0.002302,0.000801,7.96e-04,158.21
4,0.002217,0.000962,6.58e-04,158.39
5,0.002164,0.000921,5.05e-04,164.97
6,0.002118,0.001346,3.52e-04,155.84
7,0.002062,0.000781,2.14e-04,163.89
8,0.002021,0.000766,1.05e-04,157.17
9,0.002012,0.000967,3.42e-05,156.88
10,0.001994,0.000831,1.00e-03,157.01
11,0.002130,0.001561,9.76e-04,157.40
12,0.002096,0.000909,9.05e-04,155.46
