epoch,train_loss,val_loss,lr,time
1,0.004367,0.017422,1.00e-03,167.35
2,0.002390,0.017013,9.76e-04,169.56
