epoch,train_loss,val_loss,lr,time
1,0.004367,0.017422,1.00e-03,167.35
2,0.002390,0.017013,9.76e-04,169.56
3,0.002248,0.015474,9.05e-04,170.97
4,0.002173,0.016987,7.96e-04,166.52
5,0.002130,0.015934,6.58e-04,166.58
6,0.002092,0.016379,5.05e-04,162.89
7,0.002060,0.015936,3.52e-04,162.46
