epoch,train_loss,val_loss,lr,time
1,0.012316,0.004862,9.76e-04,28.77
2,0.005071,0.004590,9.05e-04,31.11
3,0.004318,0.004097,7.96e-04,31.06
4,0.004002,0.004972,6.58e-04,31.24
5,0.003780,0.004425,5.05e-04,28.78
6,0.003666,0.004352,3.52e-04,30.33
7,0.003553,0.004079,2.14e-04,31.03
8,0.003485,0.004034,1.05e-04,30.86
9,0.003446,0.004192,3.42e-05,28.89
