epoch,train_loss,val_loss,lr,time
1,0.001283,0.015855,9.76e-04,166.10
2,0.000502,0.016047,9.05e-04,197.35
3,0.000382,0.016064,7.96e-04,241.73
4,0.000310,0.015762,6.58e-04,238.89
5,0.000267,0.015897,5.05e-04,239.55
6,0.000236,0.015767,3.52e-04,238.62
7,0.000211,0.015864,2.14e-04,241.17
8,0.000195,0.015987,1.05e-04,246.46
9,0.000183,0.015941,3.42e-05,244.62
10,0.000177,0.016008,1.00e-03,242.65
11,0.000245,0.016210,9.76e-04,243.75
