epoch,train_loss,val_loss,lr,time
1,0.000909,0.000522,9.76e-04,123.20
2,0.000230,0.001414,9.05e-04,112.92
3,0.000152,0.001396,7.96e-04,121.64
4,0.000105,0.000522,6.58e-04,117.26
5,0.000075,0.001879,5.05e-04,123.70
6,0.000055,0.000841,3.52e-04,123.69
7,0.000041,0.000884,2.14e-04,117.55
8,0.000031,0.001453,1.05e-04,119.64
9,0.000026,0.001818,3.42e-05,120.38
10,0.000023,0.001798,1.00e-03,116.13
11,0.000085,0.002533,9.76e-04,117.52
