epoch,train_loss,val_loss,lr,time
1,0.002759,0.002018,9.76e-04,33.94
2,0.001287,0.001753,9.05e-04,31.46
3,0.001039,0.001617,7.96e-04,30.65
4,0.000891,0.001591,6.58e-04,30.62
5,0.000780,0.001537,5.05e-04,30.58
6,0.000704,0.001574,3.52e-04,30.62
7,0.000644,0.001543,2.14e-04,30.58
8,0.000601,0.001635,1.05e-04,30.58
9,0.000573,0.001542,3.42e-05,30.70
