epoch,train_loss,val_loss,lr,time
1,0.013278,0.003213,9.76e-04,28.47
2,0.005315,0.002744,9.05e-04,29.24
3,0.004345,0.002653,7.96e-04,28.56
4,0.003916,0.002301,6.58e-04,27.59
5,0.003680,0.002235,5.05e-04,29.92
6,0.003562,0.001973,3.52e-04,30.67
7,0.003464,0.002044,2.14e-04,30.84
8,0.003393,0.001891,1.05e-04,30.90
9,0.003349,0.001933,3.42e-05,30.92
10,0.003304,0.002104,1.00e-03,28.45
11,0.003491,0.001958,9.76e-04,29.47
12,0.003436,0.002018,9.05e-04,28.62
