epoch,train_loss,val_loss,lr,time
1,0.002994,0.002611,9.76e-04,31.64
2,0.001240,0.004638,9.05e-04,31.54
3,0.001015,0.002505,7.96e-04,31.63
4,0.000851,0.001856,6.58e-04,31.61
5,0.000747,0.002492,5.05e-04,31.41
6,0.000668,0.003246,3.52e-04,31.41
7,0.000614,0.001940,2.14e-04,33.47
8,0.000568,0.002076,1.05e-04,30.19
9,0.000538,0.001978,3.42e-05,34.93
10,0.000522,0.002195,1.00e-03,30.61
