epoch,train_loss,val_loss,lr,time
1,0.011368,0.003954,9.76e-04,28.32
2,0.005229,0.003646,9.05e-04,31.18
3,0.004413,0.003135,7.96e-04,27.97
4,0.004005,0.002827,6.58e-04,28.00
5,0.003795,0.002891,5.05e-04,27.97
6,0.003661,0.003296,3.52e-04,28.54
7,0.003558,0.003133,2.14e-04,27.94
8,0.003492,0.002917,1.05e-04,30.64
9,0.003452,0.002933,3.42e-05,27.70
10,0.003401,0.002962,1.00e-03,27.50
