epoch,train_loss,val_loss,lr,time
1,0.001000,0.017077,9.76e-04,111.35
2,0.000371,0.016255,9.05e-04,228.61
3,0.000281,0.016801,7.96e-04,323.10
4,0.000226,0.016694,6.58e-04,324.23
5,0.000189,0.016431,5.05e-04,323.12
6,0.000163,0.016408,3.52e-04,323.59
7,0.000142,0.016332,2.14e-04,323.57
8,0.000128,0.016467,1.05e-04,323.71
9,0.000118,0.016400,3.42e-05,323.39
10,0.000112,0.016444,1.00e-03,324.29
11,0.000171,0.016654,9.76e-04,324.30
12,0.000150,0.016392,9.05e-04,324.04
