epoch,train_loss,val_loss,lr,time
1,0.825748,2.338029,1.00e-03,63.90
2,0.569073,2.474088,9.76e-04,63.15
3,0.508926,2.488020,9.05e-04,62.74
4,0.473933,2.500877,7.96e-04,62.91
5,0.449670,2.518484,6.58e-04,63.16
6,0.432375,2.473802,5.05e-04,62.91
7,0.415241,2.612129,3.52e-04,63.88
8,0.402130,2.565671,2.14e-04,59.37
9,0.390424,2.582114,1.05e-04,62.35
10,0.382670,2.582566,3.42e-05,62.80
11,0.377383,2.594403,1.00e-03,63.85
