level,signed_bias,steady_plateau_bias,mae,rmse
lv0,-0.014965481422324147,-0.015668678427270304,0.050412836174170174,0.0666061124453942
lv4,-0.036486453066269554,-0.03337028632328535,0.0658745417992274,0.08302452539404233
lv7,-0.06127631679798166,-0.0602985299192369,0.08882332717378934,0.10903818470736344
