epoch,train_loss,val_loss,lr,time
1,1.732478,9.991128,1.00e-03,46.82
2,1.066854,10.102426,9.76e-04,58.42
3,0.984917,10.107498,9.05e-04,54.23
4,0.943739,10.204746,7.96e-04,55.11
5,0.919376,10.122399,6.58e-04,64.07
6,0.899309,10.029400,5.05e-04,50.60
7,0.879771,10.130982,3.52e-04,64.97
8,0.867107,10.096437,2.14e-04,60.81
9,0.851491,10.080260,1.05e-04,62.82
10,0.839747,10.093902,3.42e-05,62.33
11,0.835457,10.068545,1.00e-03,64.37
