epoch,train_loss,val_loss,lr,time
1,2.543429,9.669334,1.00e-03,64.53
2,1.879768,9.862257,9.76e-04,60.93
3,1.776672,9.743463,9.05e-04,50.67
4,1.731379,9.685440,7.96e-04,63.84
5,1.698475,9.783027,6.58e-04,62.07
6,1.670504,9.722857,5.05e-04,49.14
7,1.655614,9.849445,3.52e-04,62.87
8,1.633201,9.775951,2.14e-04,62.57
9,1.620745,9.751209,1.05e-04,59.63
10,1.613485,9.760997,3.42e-05,53.18
11,1.605212,9.794217,1.00e-03,59.94
