epoch,train_loss,val_loss,lr,time
1,0.862134,2.286647,1.00e-03,41.84
2,0.592951,2.329593,9.76e-04,61.24
3,0.524414,2.278973,9.05e-04,53.30
4,0.486126,2.334659,7.96e-04,53.74
5,0.459520,2.310986,6.58e-04,45.27
6,0.440268,2.292149,5.05e-04,50.11
7,0.425173,2.288370,3.52e-04,51.29
8,0.409727,2.330344,2.14e-04,44.40
9,0.397550,2.336310,1.05e-04,57.40
10,0.388079,2.315280,3.42e-05,55.51
11,0.383348,2.332606,1.00e-03,56.86
12,0.434428,2.333762,9.76e-04,45.09
13,0.424881,2.303348,9.05e-04,47.26
