epoch,train_loss,val_loss,lr,time
1,0.863425,2.289746,1.00e-03,238.08
2,0.615345,2.320773,9.76e-04,224.69
3,0.548559,2.355594,9.05e-04,218.43
4,0.508095,2.334385,7.96e-04,213.06
5,0.480348,2.355628,6.58e-04,223.04
6,0.458501,2.318454,5.05e-04,219.48
7,0.440993,2.357486,3.52e-04,218.12
8,0.426188,2.295715,2.14e-04,220.00
9,0.414223,2.335930,1.05e-04,215.17
10,0.405089,2.321728,3.42e-05,210.69
11,0.400131,2.322065,1.00e-03,205.46
