epoch,train_loss,val_loss,lr,time
1,0.002431,0.002615,9.76e-04,32.79
2,0.001188,0.001736,9.05e-04,33.88
3,0.000972,0.001997,7.96e-04,30.51
4,0.000837,0.001878,6.58e-04,31.14
5,0.000746,0.002521,5.05e-04,31.16
6,0.000663,0.001865,3.52e-04,31.12
7,0.000592,0.001692,2.14e-04,34.49
8,0.000556,0.002257,1.05e-04,34.28
