epoch,train_loss,val_loss,lr,time
1,0.001031,0.016309,9.76e-04,121.63
2,0.000308,0.015385,9.05e-04,121.83
