epoch,train_loss,val_loss,lr,time
1,0.001031,0.016309,9.76e-04,121.63
2,0.000308,0.015385,9.05e-04,121.83
3,0.000207,0.015737,7.96e-04,121.75
4,0.000144,0.015026,6.58e-04,121.58
