epoch,train_loss,val_loss,lr,time
1,1.397970,2.676990,1.00e-03,60.32
2,1.078607,3.058261,9.76e-04,59.11
3,0.994822,2.896213,9.05e-04,59.31
4,0.937054,2.797708,7.96e-04,60.17
5,0.892982,2.833371,6.58e-04,59.42
6,0.855304,2.975656,5.05e-04,59.33
7,0.825299,2.991390,3.52e-04,60.72
8,0.799400,2.955671,2.14e-04,59.50
9,0.776022,2.954028,1.05e-04,60.35
10,0.759367,2.922898,3.42e-05,59.72
11,0.750346,2.944845,1.00e-03,59.56
