epoch,train_loss,val_loss,lr,time
1,0.012732,0.006113,9.76e-04,30.53
2,0.006474,0.004685,9.05e-04,30.57
3,0.005483,0.004240,7.96e-04,30.39
4,0.005047,0.004459,6.58e-04,33.22
5,0.004762,0.004911,5.05e-04,33.70
6,0.004586,0.004841,3.52e-04,32.12
7,0.004481,0.004405,2.14e-04,30.86
8,0.004392,0.004515,1.05e-04,32.67
9,0.004331,0.004419,3.42e-05,32.04
