epoch,train_loss,val_loss,lr,time
1,0.995522,2.844863,1.00e-03,42.21
2,0.742010,2.823331,9.76e-04,48.00
3,0.682399,2.909403,9.05e-04,52.36
4,0.644610,2.837073,7.96e-04,32.46
5,0.619055,2.913593,6.58e-04,36.71
6,0.598495,2.864440,5.05e-04,46.41
7,0.581076,2.864704,3.52e-04,52.27
8,0.567645,2.923152,2.14e-04,34.69
9,0.556260,2.884534,1.05e-04,32.75
10,0.548344,2.878196,3.42e-05,46.40
11,0.543749,2.909417,1.00e-03,47.35
12,0.583594,2.884363,9.76e-04,34.37
