epoch,train_loss,val_loss,lr,time
1,0.011854,0.003333,9.76e-04,31.17
2,0.005790,0.002306,9.05e-04,31.04
3,0.004757,0.002180,7.96e-04,28.34
4,0.004222,0.002620,6.58e-04,28.36
5,0.003990,0.002141,5.05e-04,28.34
6,0.003789,0.002362,3.52e-04,28.35
7,0.003730,0.002063,2.14e-04,28.36
8,0.003640,0.002174,1.05e-04,28.29
9,0.003575,0.002083,3.42e-05,30.99
10,0.003557,0.002089,1.00e-03,28.80
11,0.003745,0.002181,9.76e-04,28.82
12,0.003660,0.002434,9.05e-04,28.28
13,0.003593,0.002274,7.96e-04,28.34
