epoch,train_loss,val_loss,lr,time
1,1.015641,2.311160,1.00e-03,60.80
2,0.735340,2.282828,9.76e-04,57.39
3,0.662985,2.266034,9.05e-04,58.19
4,0.622336,2.340715,7.96e-04,59.76
5,0.596722,2.299559,6.58e-04,61.50
6,0.576242,2.346056,5.05e-04,61.35
7,0.559276,2.305240,3.52e-04,60.87
8,0.545661,2.308060,2.14e-04,61.46
9,0.535179,2.268844,1.05e-04,60.77
10,0.528266,2.300363,3.42e-05,60.16
11,0.523183,2.305125,1.00e-03,58.26
12,0.562360,2.286454,9.76e-04,57.44
13,0.553301,2.310985,9.05e-04,55.93
