epoch,train_loss,val_loss,lr,time
1,0.003086,0.002291,9.76e-04,32.22
2,0.001278,0.001920,9.05e-04,31.78
3,0.001013,0.001522,7.96e-04,31.74
4,0.000862,0.002245,6.58e-04,31.73
5,0.000754,0.001715,5.05e-04,32.34
6,0.000683,0.001653,3.52e-04,35.10
7,0.000623,0.001639,2.14e-04,35.05
8,0.000580,0.001819,1.05e-04,35.46
9,0.000551,0.001781,3.42e-05,34.51
