epoch,train_loss,val_loss,lr,time
1,0.016153,0.005489,9.76e-04,31.77
2,0.006861,0.005269,9.05e-04,28.62
3,0.005354,0.004263,7.96e-04,30.77
4,0.004763,0.005336,6.58e-04,27.98
5,0.004500,0.004952,5.05e-04,30.73
6,0.004331,0.004640,3.52e-04,30.77
7,0.004181,0.004183,2.14e-04,30.75
8,0.004143,0.004504,1.05e-04,30.79
9,0.004108,0.004308,3.42e-05,28.91
