epoch,train_loss,val_loss,lr,time
1,0.001894,0.017438,9.76e-04,182.85
2,0.000727,0.016532,9.05e-04,233.57
3,0.000555,0.016804,7.96e-04,253.85
4,0.000453,0.016662,6.58e-04,249.91
5,0.000387,0.016872,5.05e-04,251.78
6,0.000331,0.016775,3.52e-04,253.04
7,0.000288,0.016888,2.14e-04,249.78
8,0.000259,0.016889,1.05e-04,251.21
9,0.000240,0.017187,3.42e-05,211.50
10,0.000226,0.016833,1.00e-03,182.74
11,0.000360,0.017753,9.76e-04,185.76
12,0.000314,0.017426,9.05e-04,185.05
