epoch,train_loss,val_loss,lr,time
1,0.003106,0.001570,9.76e-04,85.08
2,0.001328,0.001535,9.05e-04,82.55
3,0.001073,0.001527,7.96e-04,84.67
4,0.000914,0.001464,6.58e-04,83.63
5,0.000798,0.001546,5.05e-04,82.69
6,0.000720,0.001427,3.52e-04,84.45
7,0.000660,0.001191,2.14e-04,83.88
8,0.000611,0.001202,1.05e-04,83.98
9,0.000582,0.001251,3.42e-05,84.88
10,0.000567,0.001213,1.00e-03,83.88
11,0.000687,0.001330,9.76e-04,77.48
12,0.000632,0.001530,9.05e-04,59.02
13,0.000581,0.001223,7.96e-04,61.45
