epoch,train_loss,val_loss,lr,time
1,0.001166,0.016873,9.76e-04,106.34
2,0.000427,0.016316,9.05e-04,202.08
3,0.000315,0.016280,7.96e-04,327.77
4,0.000251,0.016244,6.58e-04,327.02
5,0.000211,0.016236,5.05e-04,323.95
6,0.000182,0.016236,3.52e-04,328.03
7,0.000159,0.016362,2.14e-04,327.33
8,0.000143,0.016397,1.05e-04,325.39
9,0.000132,0.016645,3.42e-05,326.62
10,0.000126,0.016526,1.00e-03,326.75
11,0.000189,0.016396,9.76e-04,324.60
12,0.000167,0.016331,9.05e-04,322.75
