epoch,train_loss,val_loss,lr,time
1,0.001137,0.016676,9.76e-04,198.31
2,0.000407,0.016431,9.05e-04,196.56
3,0.000304,0.017307,7.96e-04,244.31
4,0.000249,0.017321,6.58e-04,281.30
5,0.000214,0.017135,5.05e-04,281.32
6,0.000188,0.017065,3.52e-04,281.26
7,0.000168,0.016846,2.14e-04,281.01
8,0.000154,0.016785,1.05e-04,283.09
9,0.000144,0.016833,3.42e-05,268.44
10,0.000139,0.016818,1.00e-03,175.54
11,0.000196,0.016341,9.76e-04,176.35
12,0.000176,0.016693,9.05e-04,174.49
