epoch,train_loss,val_loss,lr,time
1,0.001306,0.015858,9.76e-04,307.43
2,0.000419,0.017250,9.05e-04,304.04
3,0.000285,0.016465,7.96e-04,304.76
4,0.000216,0.016740,6.58e-04,304.42
5,0.000174,0.016655,5.05e-04,304.66
6,0.000140,0.016061,3.52e-04,305.75
7,0.000115,0.016188,2.14e-04,306.04
8,0.000097,0.016159,1.05e-04,306.84
9,0.000086,0.016507,3.42e-05,306.48
10,0.000080,0.016406,1.00e-03,307.54
11,0.000171,0.016278,9.76e-04,252.14
