epoch,train_loss,val_loss,lr,time
1,0.002565,0.004712,9.76e-04,122.69
2,0.001109,0.003623,9.05e-04,122.06
3,0.000865,0.003407,7.96e-04,121.64
4,0.000743,0.002803,6.58e-04,121.60
5,0.000652,0.004089,5.05e-04,121.71
6,0.000580,0.003137,3.52e-04,121.73
7,0.000524,0.003043,2.14e-04,121.74
8,0.000477,0.003615,1.05e-04,121.76
9,0.000451,0.003901,3.42e-05,122.06
10,0.000433,0.003664,1.00e-03,122.53
