level,signed_bias,steady_plateau_bias,mae,rmse
lv0,-0.0040760278546561795,-0.004560932491181625,0.034565224001804985,0.0509810002727641
lv4,-0.034761666475484766,-0.0341959826182574,0.05705965698386232,0.0774664528047045
lv7,-0.044397407793439925,-0.04476519569288939,0.06710035757472117,0.08843113357822101
