epoch,train_loss,val_loss,lr,time
1,0.001183,0.016435,9.76e-04,212.05
2,0.000451,0.016179,9.05e-04,263.40
3,0.000335,0.016251,7.96e-04,262.55
4,0.000269,0.016250,6.58e-04,263.19
5,0.000228,0.016271,5.05e-04,262.25
6,0.000199,0.016384,3.52e-04,265.05
7,0.000177,0.016269,2.14e-04,263.16
8,0.000161,0.016331,1.05e-04,262.89
9,0.000150,0.016315,3.42e-05,263.42
10,0.000144,0.016331,1.00e-03,262.47
11,0.000206,0.016426,9.76e-04,265.16
12,0.000186,0.016535,9.05e-04,262.85
