epoch,train_loss,val_loss,lr,time
1,0.000863,0.015729,9.76e-04,119.73
2,0.000258,0.015352,9.05e-04,120.00
3,0.000171,0.015723,7.96e-04,119.84
4,0.000122,0.016160,6.58e-04,119.94
5,0.000086,0.016136,5.05e-04,119.63
6,0.000064,0.015935,3.52e-04,119.56
7,0.000049,0.015531,2.14e-04,119.81
8,0.000036,0.015690,1.05e-04,119.87
9,0.000029,0.015678,3.42e-05,119.93
10,0.000025,0.015644,1.00e-03,120.07
11,0.000094,0.015797,9.76e-04,119.77
12,0.000063,0.015789,9.05e-04,119.64
