epoch,train_loss,val_loss,lr,time
1,1.745104,1.896115,1.00e-03,52.73
2,1.346037,2.523562,9.76e-04,53.25
3,1.244126,2.356055,9.05e-04,53.04
4,1.186664,2.371571,7.96e-04,52.76
5,1.142338,2.470280,6.58e-04,54.00
6,1.105590,2.108769,5.05e-04,53.05
7,1.076323,2.270627,3.52e-04,52.85
8,1.051701,2.505004,2.14e-04,53.64
9,1.031546,1.936965,1.05e-04,52.51
10,1.016504,1.942075,3.42e-05,52.64
11,1.007804,2.010171,1.00e-03,54.02
