epoch,train_loss,val_loss,lr,time
1,0.016018,0.148872,9.76e-04,159.55
2,0.005394,0.142160,9.05e-04,231.26
3,0.003662,0.164943,7.96e-04,232.54
4,0.002716,0.165547,6.58e-04,233.89
5,0.002127,0.159680,5.05e-04,233.59
6,0.001664,0.162565,3.52e-04,231.48
7,0.001336,0.171001,2.14e-04,232.41
8,0.001123,0.155246,1.05e-04,232.44
9,0.000954,0.162881,3.42e-05,232.76
10,0.000883,0.159645,1.00e-03,233.68
11,0.002136,0.157311,9.76e-04,235.05
12,0.001619,0.151264,9.05e-04,233.64
