epoch,train_loss,val_loss,lr,time
1,0.002511,0.002779,9.76e-04,34.60
2,0.001276,0.001385,9.05e-04,33.13
3,0.001029,0.001439,7.96e-04,34.56
4,0.000890,0.001985,6.58e-04,34.38
5,0.000780,0.001333,5.05e-04,31.14
6,0.000696,0.001582,3.52e-04,31.91
7,0.000636,0.001743,2.14e-04,31.46
8,0.000586,0.001695,1.05e-04,34.44
