epoch,train_loss,val_loss,lr,time
1,0.004501,0.015003,1.00e-03,154.07
2,0.002378,0.015043,9.76e-04,151.85
3,0.002225,0.014955,9.05e-04,150.84
4,0.002151,0.015106,7.96e-04,154.15
5,0.002093,0.014932,6.58e-04,152.17
6,0.002060,0.015109,5.05e-04,150.98
7,0.002024,0.015749,3.52e-04,151.21
8,0.001994,0.015294,2.14e-04,151.35
9,0.001968,0.015388,1.05e-04,151.75
10,0.001941,0.015165,3.42e-05,152.15
11,0.001939,0.015269,1.00e-03,150.64
