epoch,train_loss,val_loss,lr,time
1,0.851318,2.334672,1.00e-03,66.84
2,0.587039,2.332830,9.76e-04,63.93
3,0.520931,2.286393,9.05e-04,64.79
4,0.485318,2.352090,7.96e-04,66.47
5,0.460292,2.301902,6.58e-04,66.43
6,0.439613,2.332867,5.05e-04,66.08
7,0.422777,2.332067,3.52e-04,66.67
8,0.408420,2.311123,2.14e-04,66.63
9,0.397353,2.317787,1.05e-04,65.99
10,0.388146,2.315084,3.42e-05,64.58
11,0.382942,2.316437,1.00e-03,65.41
12,0.435675,2.318904,9.76e-04,57.81
13,0.427179,2.290870,9.05e-04,58.58
