epoch,train_loss,val_loss,lr,time
1,0.758954,2.362497,1.00e-03,105.26
2,0.520088,2.210298,9.76e-04,86.02
3,0.468326,2.229467,9.05e-04,97.85
4,0.439889,2.253156,7.96e-04,99.39
5,0.420459,2.276377,6.58e-04,99.32
6,0.402902,2.236762,5.05e-04,98.97
7,0.389070,2.238866,3.52e-04,99.47
8,0.377073,2.286480,2.14e-04,99.64
9,0.366642,2.279563,1.05e-04,99.45
10,0.358400,2.269710,3.42e-05,99.72
11,0.354093,2.266078,1.00e-03,84.57
12,0.398466,2.321597,9.76e-04,98.40
