epoch,train_loss,val_loss,lr,time
1,0.000966,0.015859,9.76e-04,332.94
2,0.000355,0.015567,9.05e-04,332.41
3,0.000262,0.015888,7.96e-04,331.78
4,0.000202,0.016085,6.58e-04,332.96
5,0.000162,0.017280,5.05e-04,326.03
6,0.000133,0.017189,3.52e-04,357.05
7,0.000112,0.016615,2.14e-04,362.16
8,0.000097,0.017051,1.05e-04,362.32
9,0.000086,0.017323,3.42e-05,362.30
10,0.000081,0.017559,1.00e-03,362.51
11,0.000145,0.017135,9.76e-04,362.18
12,0.000119,0.018750,9.05e-04,362.12
