epoch,train_loss,val_loss,lr,time
1,0.001385,0.018271,9.76e-04,122.15
2,0.000407,0.015424,9.05e-04,122.85
3,0.000252,0.017353,7.96e-04,122.05
4,0.000171,0.016135,6.58e-04,122.45
5,0.000116,0.015491,5.05e-04,122.08
6,0.000084,0.017142,3.52e-04,120.94
7,0.000064,0.016542,2.14e-04,121.49
8,0.000051,0.016490,1.05e-04,122.27
9,0.000041,0.016714,3.42e-05,120.75
10,0.000036,0.016628,1.00e-03,121.00
11,0.000135,0.016180,9.76e-04,120.62
12,0.000091,0.017279,9.05e-04,121.12
