level,signed_bias,steady_plateau_bias,mae,rmse
lv0,0.016620050443129405,0.015496934039725197,0.02401210077934795,0.03146860934793949
lv4,0.013686955207958817,0.012071772012859583,0.021409410052001476,0.028601129539310932
lv7,0.013939023638765017,0.011371413711458445,0.02267344140758117,0.031026027165353298
