epoch,train_loss,val_loss,lr,time
1,0.001446,0.016395,9.76e-04,236.80
2,0.000546,0.016978,9.05e-04,292.34
3,0.000411,0.016811,7.96e-04,293.96
4,0.000340,0.016680,6.58e-04,292.46
5,0.000292,0.017067,5.05e-04,295.13
6,0.000253,0.016949,3.52e-04,293.35
7,0.000226,0.016623,2.14e-04,293.05
8,0.000207,0.016938,1.05e-04,292.30
9,0.000194,0.016816,3.42e-05,292.73
10,0.000186,0.016875,1.00e-03,292.71
11,0.000264,0.016560,9.76e-04,291.93
