level,signed_bias,steady_plateau_bias,mae,rmse
lv0,0.0051422986952174045,0.00353646838468396,0.02208753302693367,0.030337877985503938
lv4,0.001811500173668416,-0.0010667471991231043,0.020622315506140392,0.03199800321211418
lv7,0.004136436104696865,0.0004150923147487144,0.021603222005069256,0.031654657485584416
