epoch,train_loss,val_loss,lr,time
1,0.803382,2.374379,1.00e-03,93.56
2,0.529546,2.352103,9.76e-04,92.63
3,0.461187,2.288890,9.05e-04,93.73
4,0.422060,2.338361,7.96e-04,93.34
5,0.395896,2.356962,6.58e-04,93.37
6,0.375768,2.432532,5.05e-04,94.21
7,0.359244,2.366366,3.52e-04,91.39
8,0.345840,2.389274,2.14e-04,92.15
9,0.334273,2.404433,1.05e-04,93.42
10,0.325908,2.432523,3.42e-05,93.35
11,0.320528,2.424530,1.00e-03,93.71
12,0.366801,2.441463,9.76e-04,93.49
13,0.358509,2.428484,9.05e-04,93.56
