epoch,train_loss,val_loss,lr,time
1,0.000808,0.016153,9.76e-04,388.77
2,0.000194,0.015509,9.05e-04,418.20
3,0.000115,0.015585,7.96e-04,412.04
4,0.000076,0.016848,6.58e-04,412.11
5,0.000050,0.016715,5.05e-04,412.97
6,0.000037,0.016518,3.52e-04,412.92
7,0.000028,0.016391,2.14e-04,409.87
8,0.000021,0.016577,1.05e-04,410.68
9,0.000018,0.016909,3.42e-05,408.89
10,0.000016,0.016678,1.00e-03,409.53
11,0.000068,0.016449,9.76e-04,409.48
12,0.000047,0.015412,9.05e-04,409.31
