epoch,train_loss,val_loss,lr,time
1,0.001968,0.012919,9.76e-04,418.86
2,0.000587,0.004665,9.05e-04,428.41
3,0.000391,0.011468,7.96e-04,413.68
4,0.000303,0.006198,6.58e-04,415.33
5,0.000249,0.005788,5.05e-04,412.69
6,0.000207,0.005436,3.52e-04,412.77
7,0.000177,0.005957,2.14e-04,412.84
8,0.000155,0.007505,1.05e-04,412.83
9,0.000141,0.007803,3.42e-05,412.99
10,0.000133,0.007667,1.00e-03,412.62
11,0.000216,0.010279,9.76e-04,412.49
12,0.000181,0.008731,9.05e-04,412.67
