epoch,train_loss,val_loss,lr,time
1,0.000898,0.015991,9.76e-04,120.29
2,0.000246,0.015350,9.05e-04,120.16
3,0.000166,0.015458,7.96e-04,120.24
4,0.000115,0.015911,6.58e-04,120.28
5,0.000084,0.016043,5.05e-04,120.24
6,0.000060,0.016375,3.52e-04,120.29
7,0.000045,0.016257,2.14e-04,120.25
8,0.000035,0.015884,1.05e-04,120.25
9,0.000028,0.015870,3.42e-05,120.19
10,0.000025,0.016068,1.00e-03,120.27
11,0.000088,0.015630,9.76e-04,120.21
12,0.000060,0.016108,9.05e-04,119.98
