level,signed_bias,steady_plateau_bias,mae,rmse
lv0,-0.0012976362292344372,-0.00196780264377594,0.012991358008649614,0.016868080115980573
lv4,-0.002368429100897629,-0.003077896445271714,0.012602968607097864,0.01639678329229355
lv7,-0.000768572596522669,-0.001527607935713604,0.012495227002849182,0.01620894329001506
