epoch,train_loss,val_loss,lr,time
1,0.003111,0.001451,9.76e-04,34.50
2,0.001274,0.001416,9.05e-04,31.69
3,0.001020,0.001395,7.96e-04,32.20
4,0.000857,0.001067,6.58e-04,31.77
5,0.000749,0.001144,5.05e-04,34.42
6,0.000667,0.001066,3.52e-04,30.67
7,0.000608,0.001175,2.14e-04,30.88
8,0.000565,0.001116,1.05e-04,30.98
9,0.000535,0.001119,3.42e-05,31.01
10,0.000517,0.001118,1.00e-03,32.04
