epoch,train_loss,val_loss,lr,time
1,0.835988,2.368472,1.00e-03,100.63
2,0.577928,2.318686,9.76e-04,95.73
3,0.512462,2.414633,9.05e-04,97.26
4,0.474592,2.456974,7.96e-04,98.19
5,0.450890,2.445721,6.58e-04,98.04
6,0.430732,2.546443,5.05e-04,98.02
7,0.414690,2.510481,3.52e-04,95.86
8,0.401020,2.524937,2.14e-04,97.83
9,0.389237,2.546679,1.05e-04,97.96
10,0.381460,2.534770,3.42e-05,98.54
11,0.376488,2.540234,1.00e-03,98.27
12,0.425611,2.465041,9.76e-04,98.40
