level,signed_bias,steady_plateau_bias,mae,rmse
lv0,0.0009846952743828297,0.00012009678822424676,0.04642975495921241,0.06279833904571003
lv4,-0.017511814638661843,-0.016084547018787514,0.06333882516870896,0.07752828299999237
lv7,-0.055233645563324295,-0.056160018391286336,0.0992264375090599,0.11555631334582965
