epoch,train_loss,val_loss,lr,time
1,0.000762,0.015484,9.76e-04,125.43
2,0.000191,0.015306,9.05e-04,126.40
3,0.000119,0.016064,7.96e-04,126.52
4,0.000075,0.015621,6.58e-04,126.18
5,0.000050,0.015723,5.05e-04,127.00
6,0.000033,0.016110,3.52e-04,125.65
7,0.000023,0.016602,2.14e-04,124.60
8,0.000017,0.016014,1.05e-04,127.23
9,0.000013,0.016143,3.42e-05,124.97
10,0.000011,0.016062,1.00e-03,123.58
11,0.000055,0.015622,9.76e-04,127.40
12,0.000035,0.015483,9.05e-04,127.15
