level,signed_bias,steady_plateau_bias,mae,rmse
lv0,0.0032520010233080634,0.0026044916465050643,0.014377701199716993,0.019089472997519705
lv4,0.002427560083257655,0.0018444385029094217,0.013947277640302977,0.018883279369523127
lv7,0.0029996177181601524,0.0025125101674348116,0.01457539713010192,0.019701358086119097
