epoch,train_loss,val_loss,lr,time
1,0.759486,2.550239,1.00e-03,78.58
2,0.509885,2.642613,9.76e-04,74.43
3,0.449429,2.579574,9.05e-04,75.22
4,0.415141,2.779403,7.96e-04,77.25
5,0.390777,2.782949,6.58e-04,76.06
6,0.371388,2.695208,5.05e-04,75.17
7,0.354685,2.778122,3.52e-04,76.75
8,0.340536,2.765744,2.14e-04,76.10
9,0.330571,2.780930,1.05e-04,76.69
10,0.321295,2.851166,3.42e-05,76.47
11,0.316481,2.845648,1.00e-03,75.23
