epoch,train_loss,val_loss,lr,time
1,0.003107,0.001436,9.76e-04,31.91
2,0.001267,0.001506,9.05e-04,34.62
3,0.001022,0.001376,7.96e-04,34.66
4,0.000870,0.001134,6.58e-04,30.45
5,0.000756,0.001154,5.05e-04,30.76
6,0.000676,0.001086,3.52e-04,30.92
7,0.000612,0.001184,2.14e-04,30.88
8,0.000567,0.001116,1.05e-04,31.38
9,0.000536,0.001103,3.42e-05,31.41
10,0.000519,0.001091,1.00e-03,33.97
