epoch,train_loss,val_loss,lr,time
1,0.034167,0.046522,9.76e-04,350.11
2,0.023876,0.049962,9.05e-04,348.07
3,0.019486,0.061311,7.96e-04,310.24
4,0.016310,0.061367,6.58e-04,255.67
5,0.013943,0.054009,5.05e-04,134.26
6,0.012268,0.058514,3.52e-04,122.11
7,0.010900,0.060000,2.14e-04,122.80
8,0.009922,0.056282,1.05e-04,122.56
9,0.009243,0.057382,3.42e-05,122.59
10,0.008872,0.058415,1.00e-03,157.61
11,0.012222,0.053176,9.76e-04,215.21
