epoch,train_loss,val_loss,lr,time
1,0.003685,0.006226,9.76e-04,120.74
2,0.001398,0.003925,9.05e-04,120.83
3,0.001083,0.004121,7.96e-04,120.73
4,0.000948,0.004110,6.58e-04,120.28
5,0.000839,0.003340,5.05e-04,120.30
6,0.000762,0.004111,3.52e-04,120.63
7,0.000710,0.003641,2.14e-04,120.62
8,0.000674,0.003541,1.05e-04,120.71
9,0.000646,0.003650,3.42e-05,120.91
10,0.000636,0.003575,1.00e-03,120.78
11,0.000723,0.003745,9.76e-04,120.94
