epoch,train_loss,val_loss,lr,time
1,0.011498,0.004158,9.76e-04,32.17
2,0.005086,0.002460,9.05e-04,32.09
3,0.004132,0.002577,7.96e-04,29.20
4,0.003720,0.002164,6.58e-04,29.83
5,0.003505,0.002228,5.05e-04,32.02
6,0.003375,0.001666,3.52e-04,31.67
7,0.003258,0.001830,2.14e-04,32.14
8,0.003176,0.003004,1.05e-04,32.17
9,0.003146,0.001667,3.42e-05,32.05
10,0.003104,0.001893,1.00e-03,29.28
11,0.003303,0.002366,9.76e-04,30.09
12,0.003193,0.001764,9.05e-04,30.35
