epoch,train_loss,val_loss,lr,time
1,0.001899,0.022932,9.76e-04,322.23
2,0.000658,0.021062,9.05e-04,296.23
3,0.000479,0.022405,7.96e-04,213.28
4,0.000379,0.023738,6.58e-04,212.14
5,0.000311,0.023971,5.05e-04,214.10
6,0.000265,0.021562,3.52e-04,214.81
7,0.000231,0.021695,2.14e-04,320.50
8,0.000206,0.023459,1.05e-04,322.37
9,0.000191,0.021929,3.42e-05,321.98
10,0.000182,0.022329,1.00e-03,321.16
11,0.000299,0.022049,9.76e-04,302.60
12,0.000253,0.023057,9.05e-04,215.38
