epoch,train_loss,val_loss,lr,time
1,0.000867,0.015868,9.76e-04,119.89
2,0.000249,0.015511,9.05e-04,120.45
3,0.000166,0.015808,7.96e-04,120.31
4,0.000118,0.016202,6.58e-04,119.33
5,0.000083,0.016096,5.05e-04,119.41
6,0.000061,0.016006,3.52e-04,119.54
7,0.000045,0.016004,2.14e-04,119.17
8,0.000034,0.015708,1.05e-04,119.20
9,0.000027,0.016021,3.42e-05,119.26
10,0.000024,0.016400,1.00e-03,120.02
11,0.000087,0.015957,9.76e-04,118.91
12,0.000058,0.015885,9.05e-04,119.24
