epoch,train_loss,val_loss,lr,time
1,0.004498,0.015515,9.76e-04,310.49
2,0.003814,0.015807,9.05e-04,309.83
3,0.003722,0.015904,7.96e-04,309.01
4,0.003678,0.015786,6.58e-04,309.52
5,0.003646,0.015804,5.05e-04,309.81
6,0.003624,0.015749,3.52e-04,309.88
7,0.003608,0.015794,2.14e-04,309.49
8,0.003596,0.015826,1.05e-04,309.48
9,0.003587,0.015850,3.42e-05,310.77
10,0.003583,0.015860,1.00e-03,310.04
11,0.003632,0.015670,9.76e-04,301.12
