epoch,train_loss,val_loss,lr,time
1,0.004311,0.016256,9.76e-04,390.95
2,0.003691,0.015365,9.05e-04,394.78
3,0.003611,0.015318,7.96e-04,394.70
4,0.003573,0.015389,6.58e-04,395.92
5,0.003541,0.015635,5.05e-04,394.28
6,0.003527,0.015368,3.52e-04,394.70
7,0.003516,0.015291,2.14e-04,395.49
8,0.003508,0.015428,1.05e-04,395.81
9,0.003504,0.015649,3.42e-05,394.40
10,0.003502,0.015494,1.00e-03,395.43
11,0.003554,0.015470,9.76e-04,393.78
12,0.003527,0.015388,9.05e-04,375.75
