epoch,train_loss,val_loss,lr,time
1,0.000688,0.014929,9.76e-04,121.69
2,0.000187,0.014764,9.05e-04,121.84
3,0.000117,0.014772,7.96e-04,122.42
4,0.000076,0.014804,6.58e-04,119.42
5,0.000049,0.014785,5.05e-04,120.91
6,0.000033,0.014766,3.52e-04,120.80
7,0.000023,0.014772,2.14e-04,120.10
8,0.000017,0.014740,1.05e-04,121.51
9,0.000013,0.014756,3.42e-05,121.20
10,0.000011,0.014752,1.00e-03,119.77
11,0.000057,0.014869,9.76e-04,120.06
12,0.000034,0.014832,9.05e-04,120.30
