level,signed_bias,steady_plateau_bias,mae,rmse
lv0,0.0011026046057749125,-7.326482187232209e-05,0.02051625618090232,0.02959051811032825
lv4,-0.0052449837094172835,-0.006796181745206316,0.035112310821811356,0.050253862515091896
lv7,-0.012937171413796023,-0.01604021041809271,0.046602508363624416,0.06359455734491348
