epoch,train_loss,val_loss,lr,time
1,0.001151,0.016021,9.76e-04,252.63
2,0.000507,0.016355,9.05e-04,292.54
3,0.000391,0.017660,7.96e-04,292.03
4,0.000318,0.018432,6.58e-04,291.75
5,0.000272,0.017281,5.05e-04,292.05
6,0.000235,0.017739,3.52e-04,291.71
7,0.000208,0.017444,2.14e-04,292.49
8,0.000188,0.017809,1.05e-04,291.84
9,0.000173,0.017407,3.42e-05,292.02
10,0.000166,0.017493,1.00e-03,292.15
11,0.000249,0.016866,9.76e-04,292.48
