epoch,train_loss,val_loss,lr,time
1,0.001624,0.015493,9.76e-04,249.06
2,0.000351,0.016781,9.05e-04,248.86
3,0.000199,0.016832,7.96e-04,248.82
4,0.000127,0.017959,6.58e-04,248.60
5,0.000085,0.018733,5.05e-04,248.39
6,0.000062,0.018270,3.52e-04,249.30
7,0.000044,0.019491,2.14e-04,248.24
8,0.000035,0.019271,1.05e-04,248.12
9,0.000029,0.018948,3.42e-05,247.95
10,0.000026,0.018779,1.00e-03,248.31
11,0.000098,0.018745,9.76e-04,248.60
