epoch,train_loss,val_loss,lr,time
1,0.967089,2.246192,1.00e-03,71.33
2,0.706057,2.270062,9.76e-04,66.52
3,0.647153,2.238853,9.05e-04,68.11
4,0.611232,2.273109,7.96e-04,67.42
5,0.586101,2.258654,6.58e-04,67.90
6,0.565368,2.284819,5.05e-04,65.30
7,0.549777,2.278922,3.52e-04,47.14
8,0.536450,2.267207,2.14e-04,46.48
9,0.525981,2.276047,1.05e-04,47.25
10,0.518399,2.304747,3.42e-05,47.34
11,0.513921,2.302533,1.00e-03,47.52
12,0.551956,2.281427,9.76e-04,47.21
13,0.543877,2.277350,9.05e-04,39.69
