epoch,train_loss,val_loss,lr,time
1,0.002463,0.011695,9.76e-04,31.48
2,0.001215,0.013059,9.05e-04,34.70
3,0.000956,0.012056,7.96e-04,32.14
4,0.000824,0.011589,6.58e-04,32.97
5,0.000735,0.012424,5.05e-04,35.62
6,0.000653,0.011728,3.52e-04,35.30
7,0.000603,0.013846,2.14e-04,35.30
8,0.000566,0.013944,1.05e-04,31.80
9,0.000539,0.013359,3.42e-05,34.65
10,0.000521,0.014075,1.00e-03,31.05
