epoch,train_loss,val_loss,lr,time
1,0.882372,2.561352,1.00e-03,97.64
2,0.620126,2.592852,9.76e-04,97.17
3,0.554492,2.558335,9.05e-04,96.26
4,0.514847,2.624798,7.96e-04,96.46
5,0.487993,2.589065,6.58e-04,96.22
6,0.464397,2.615863,5.05e-04,96.26
7,0.445444,2.587321,3.52e-04,96.35
8,0.431008,2.631617,2.14e-04,96.09
9,0.418458,2.569502,1.05e-04,96.14
10,0.409018,2.597993,3.42e-05,96.19
11,0.402892,2.592670,1.00e-03,96.76
12,0.455295,2.658267,9.76e-04,93.59
13,0.446463,2.620147,9.05e-04,94.90
