epoch,train_loss,val_loss,lr,time
1,0.002335,0.016626,9.76e-04,2023.75
2,0.000994,0.017557,9.05e-04,2048.72
3,0.000716,0.019399,7.96e-04,2047.80
4,0.000537,0.017938,6.58e-04,2054.84
5,0.000437,0.017471,5.05e-04,2068.33
6,0.000360,0.019241,3.52e-04,2055.64
7,0.000305,0.017677,2.14e-04,2057.65
8,0.000260,0.017663,1.05e-04,2065.12
9,0.000231,0.016991,3.42e-05,2051.36
10,0.000212,0.017560,1.00e-03,2048.70
11,0.000428,0.017613,9.76e-04,2045.18
