epoch,train_loss,val_loss,lr,time
1,0.036393,0.058641,9.76e-04,379.08
2,0.026164,0.070140,9.05e-04,362.13
3,0.021561,0.061021,7.96e-04,380.67
4,0.018380,0.063755,6.58e-04,381.75
5,0.016074,0.061430,5.05e-04,381.87
6,0.014269,0.062181,3.52e-04,380.38
7,0.012966,0.063023,2.14e-04,381.77
8,0.011849,0.063080,1.05e-04,380.89
9,0.011108,0.062140,3.42e-05,380.18
10,0.010752,0.060940,1.00e-03,379.97
11,0.013948,0.063511,9.76e-04,380.21
