epoch,train_loss,val_loss,lr,time
1,0.002495,0.003753,9.76e-04,33.35
2,0.001204,0.002986,9.05e-04,31.35
3,0.000955,0.002383,7.96e-04,31.25
4,0.000819,0.002198,6.58e-04,32.22
5,0.000723,0.001803,5.05e-04,31.43
6,0.000651,0.001821,3.52e-04,31.49
7,0.000590,0.001927,2.14e-04,31.63
8,0.000553,0.001835,1.05e-04,34.71
9,0.000525,0.001845,3.42e-05,34.72
10,0.000510,0.001768,1.00e-03,34.65
11,0.000639,0.002409,9.76e-04,32.96
