epoch,train_loss,val_loss,lr,time
1,0.001155,0.016671,9.76e-04,309.20
2,0.000373,0.015897,9.05e-04,308.47
3,0.000275,0.017258,7.96e-04,307.97
4,0.000222,0.016372,6.58e-04,308.23
5,0.000187,0.016962,5.05e-04,308.06
6,0.000163,0.016748,3.52e-04,307.22
7,0.000146,0.016439,2.14e-04,305.87
8,0.000133,0.016532,1.05e-04,305.97
9,0.000124,0.016604,3.42e-05,308.22
10,0.000119,0.016455,1.00e-03,308.30
11,0.000172,0.015878,9.76e-04,302.96
12,0.000153,0.016245,9.05e-04,204.20
