epoch,train_loss,val_loss,lr,time
1,2.579288,9.998369,1.00e-03,61.26
2,1.895464,9.840608,9.76e-04,62.93
3,1.810039,9.873688,9.05e-04,61.43
4,1.761435,9.933048,7.96e-04,60.16
5,1.726431,9.879485,6.58e-04,54.10
6,1.703944,9.928794,5.05e-04,45.35
7,1.682024,10.001439,3.52e-04,59.91
8,1.661668,9.847735,2.14e-04,63.35
9,1.652000,9.938527,1.05e-04,67.02
10,1.643897,9.940844,3.42e-05,58.96
11,1.639005,9.937977,1.00e-03,62.23
12,1.680054,9.929066,9.76e-04,61.84
