epoch,train_loss,val_loss,lr,time
1,0.855044,2.349122,1.00e-03,97.97
2,0.589852,2.405656,9.76e-04,96.36
3,0.522350,2.378742,9.05e-04,97.88
4,0.484877,2.393279,7.96e-04,97.66
5,0.459093,2.481812,6.58e-04,95.25
6,0.439008,2.495304,5.05e-04,96.78
7,0.422488,2.481599,3.52e-04,98.43
8,0.408244,2.496340,2.14e-04,97.97
9,0.396653,2.502450,1.05e-04,97.80
10,0.388064,2.499537,3.42e-05,97.97
11,0.383329,2.508262,1.00e-03,97.68
