epoch,train_loss,val_loss,lr,time
1,0.856518,2.475594,1.00e-03,99.27
2,0.591112,2.506776,9.76e-04,96.78
3,0.521193,2.548942,9.05e-04,94.03
4,0.480958,2.525274,7.96e-04,95.54
5,0.453179,2.517791,6.58e-04,96.48
6,0.433141,2.555021,5.05e-04,96.49
7,0.417010,2.587313,3.52e-04,96.69
8,0.403018,2.541654,2.14e-04,96.44
9,0.391946,2.569928,1.05e-04,96.51
10,0.382660,2.552870,3.42e-05,95.15
11,0.377158,2.548250,1.00e-03,95.54
