epoch,train_loss,val_loss,lr,time
1,2.794529,9.544986,1.00e-03,73.96
2,2.064020,9.627579,9.76e-04,110.27
3,1.944002,9.446598,9.05e-04,110.23
4,1.883856,9.437812,7.96e-04,107.52
5,1.844940,9.488637,6.58e-04,108.56
6,1.811844,9.560184,5.05e-04,109.11
7,1.788284,9.532120,3.52e-04,107.67
