epoch,train_loss,val_loss,lr,time
1,0.003086,0.001470,9.76e-04,30.91
2,0.001262,0.001510,9.05e-04,34.70
3,0.001010,0.001414,7.96e-04,34.54
4,0.000866,0.001449,6.58e-04,32.93
5,0.000758,0.001405,5.05e-04,30.60
6,0.000685,0.001222,3.52e-04,33.63
7,0.000623,0.001472,2.14e-04,34.31
8,0.000579,0.001274,1.05e-04,30.98
9,0.000550,0.001237,3.42e-05,33.31
10,0.000534,0.001239,1.00e-03,32.88
11,0.000673,0.001249,9.76e-04,32.06
12,0.000601,0.001231,9.05e-04,34.37
