epoch,train_loss,val_loss,lr,time
1,2.690813,9.824092,1.00e-03,56.48
2,1.878513,9.931718,9.76e-04,55.85
3,1.773509,9.925757,9.05e-04,40.42
4,1.721946,10.005741,7.96e-04,63.88
5,1.688819,9.896135,6.58e-04,61.61
6,1.664841,10.002214,5.05e-04,59.17
7,1.642841,9.935922,3.52e-04,50.64
8,1.625935,9.989249,2.14e-04,54.55
9,1.610929,10.005786,1.05e-04,51.17
10,1.599019,9.908807,3.42e-05,60.59
11,1.598507,9.946074,1.00e-03,54.34
