epoch,train_loss,val_loss,lr,time
1,0.001055,0.015804,9.76e-04,232.58
2,0.000352,0.015425,9.05e-04,261.81
3,0.000263,0.015782,7.96e-04,264.45
4,0.000212,0.015569,6.58e-04,206.68
5,0.000180,0.015840,5.05e-04,205.41
6,0.000155,0.015844,3.52e-04,205.27
7,0.000137,0.016496,2.14e-04,205.61
8,0.000124,0.016436,1.05e-04,303.21
9,0.000116,0.016393,3.42e-05,308.95
10,0.000111,0.016703,1.00e-03,308.97
11,0.000163,0.016086,9.76e-04,309.08
12,0.000145,0.016351,9.05e-04,308.78
