epoch,train_loss,val_loss,lr,time
1,2.042981,9.986539,1.00e-03,68.36
2,1.142895,10.030010,9.76e-04,65.49
3,1.027757,10.073780,9.05e-04,65.82
4,0.971809,10.063620,7.96e-04,67.62
5,0.935556,10.009667,6.58e-04,68.80
6,0.912150,10.055057,5.05e-04,67.86
7,0.893263,10.054772,3.52e-04,68.09
8,0.876239,10.088020,2.14e-04,68.56
9,0.864054,10.067757,1.05e-04,67.11
10,0.855527,10.055675,3.42e-05,65.24
11,0.848415,10.068176,1.00e-03,65.40
