epoch,train_loss,val_loss,lr,time
1,0.786906,2.397358,1.00e-03,92.28
2,0.512809,2.359005,9.76e-04,88.59
3,0.446172,2.384344,9.05e-04,91.03
4,0.409509,2.383581,7.96e-04,91.45
5,0.386370,2.403134,6.58e-04,91.51
6,0.366493,2.405229,5.05e-04,92.65
7,0.351201,2.417853,3.52e-04,91.49
8,0.337914,2.414720,2.14e-04,91.69
9,0.326286,2.402543,1.05e-04,91.37
10,0.319078,2.415023,3.42e-05,91.76
11,0.313466,2.400557,1.00e-03,91.94
12,0.358106,2.449492,9.76e-04,91.70
