epoch,train_loss,val_loss,lr,time
1,0.002869,0.011572,9.76e-04,35.37
2,0.001183,0.013050,9.05e-04,35.43
3,0.000956,0.015216,7.96e-04,35.44
4,0.000816,0.013732,6.58e-04,31.65
5,0.000727,0.012898,5.05e-04,32.05
6,0.000653,0.013538,3.52e-04,35.47
7,0.000593,0.012927,2.14e-04,35.53
