epoch,train_loss,val_loss,lr,time
1,0.002204,0.019642,9.76e-04,302.68
2,0.000851,0.018687,9.05e-04,301.59
3,0.000618,0.019357,7.96e-04,280.04
4,0.000496,0.022452,6.58e-04,183.63
5,0.000420,0.019903,5.05e-04,104.67
6,0.000358,0.022060,3.52e-04,93.06
7,0.000313,0.019785,2.14e-04,148.93
8,0.000280,0.018902,1.05e-04,224.30
9,0.000260,0.020280,3.42e-05,274.27
10,0.000248,0.020361,1.00e-03,273.99
11,0.000396,0.019792,9.76e-04,274.03
12,0.000347,0.020096,9.05e-04,274.16
