level,signed_bias,steady_plateau_bias,mae,rmse
lv0,-0.010735056828707457,-0.01210779181888534,0.03563244133773777,0.04718512131108178
lv4,-0.04704215047725787,-0.046855258949411414,0.06707752558092277,0.08216062902162473
lv7,-0.08361634138661127,-0.08492545215024923,0.10522438337405522,0.12472238950431347
