epoch,train_loss,val_loss,lr,time
1,0.001169,0.022064,9.76e-04,239.94
2,0.000233,0.022917,9.05e-04,251.84
3,0.000148,0.020088,7.96e-04,632.92
4,0.000103,0.025029,6.58e-04,646.14
5,0.000079,0.020915,5.05e-04,647.21
