epoch,train_loss,val_loss,lr,time
1,0.056866,0.046462,9.76e-04,209.41
2,0.056628,0.047168,9.05e-04,212.38
3,0.056596,0.046448,7.96e-04,212.25
4,0.056572,0.046808,6.58e-04,212.39
5,0.056560,0.047019,5.05e-04,212.37
6,0.056549,0.046564,3.52e-04,211.87
7,0.056542,0.046869,2.14e-04,212.91
8,0.056537,0.046763,1.05e-04,212.90
9,0.056533,0.046711,3.42e-05,211.13
10,0.056532,0.046678,1.00e-03,210.63
11,0.056554,0.046819,9.76e-04,210.92
