epoch,train_loss,val_loss,lr,time
1,0.962313,2.348653,1.00e-03,56.07
2,0.670846,2.398545,9.76e-04,53.33
3,0.594995,2.410386,9.05e-04,53.85
4,0.554319,2.389488,7.96e-04,52.58
5,0.526774,2.437289,6.58e-04,53.09
6,0.506190,2.393160,5.05e-04,53.79
7,0.489066,2.381524,3.52e-04,52.43
8,0.475022,2.384359,2.14e-04,54.31
9,0.464719,2.401447,1.05e-04,53.53
10,0.456468,2.384336,3.42e-05,53.31
11,0.451980,2.385061,1.00e-03,60.17
