epoch,train_loss,val_loss,lr,time
1,0.866175,2.963213,1.00e-03,96.95
2,0.615837,2.908494,9.76e-04,95.59
3,0.552425,2.956543,9.05e-04,95.73
4,0.512834,2.963976,7.96e-04,92.90
5,0.487351,2.955581,6.58e-04,94.42
6,0.466286,3.037007,5.05e-04,95.75
7,0.449413,3.031498,3.52e-04,95.68
8,0.433651,3.010685,2.14e-04,95.55
9,0.420824,3.056688,1.05e-04,95.49
10,0.412755,3.026649,3.42e-05,95.30
11,0.406810,3.030850,1.00e-03,93.28
12,0.460166,3.068258,9.76e-04,94.48
