epoch,train_loss,val_loss,lr,time
1,0.011497,0.003086,9.76e-04,29.56
2,0.005312,0.002575,9.05e-04,29.86
3,0.004381,0.003807,7.96e-04,30.04
4,0.003973,0.002323,6.58e-04,30.06
5,0.003751,0.003201,5.05e-04,30.88
6,0.003615,0.002070,3.52e-04,30.46
7,0.003519,0.002380,2.14e-04,30.93
8,0.003429,0.003467,1.05e-04,30.63
9,0.003390,0.002156,3.42e-05,29.25
10,0.003362,0.002394,1.00e-03,30.75
11,0.003556,0.003410,9.76e-04,28.31
12,0.003454,0.002461,9.05e-04,28.71
