epoch,train_loss,val_loss,lr,time
1,0.000849,0.015677,9.76e-04,119.89
2,0.000250,0.015460,9.05e-04,120.19
3,0.000166,0.015554,7.96e-04,119.69
4,0.000117,0.015452,6.58e-04,119.78
5,0.000081,0.015579,5.05e-04,119.70
6,0.000061,0.016046,3.52e-04,120.09
7,0.000044,0.015836,2.14e-04,120.19
8,0.000033,0.016158,1.05e-04,120.27
9,0.000026,0.015844,3.42e-05,119.63
10,0.000023,0.015831,1.00e-03,119.77
11,0.000093,0.015437,9.76e-04,119.78
12,0.000064,0.015491,9.05e-04,120.38
