epoch,train_loss,val_loss,lr,time
1,0.002786,0.002491,9.76e-04,386.49
2,0.000652,0.004559,9.05e-04,387.11
3,0.000465,0.003018,7.96e-04,387.17
4,0.000367,0.003853,6.58e-04,387.03
5,0.000305,0.002663,5.05e-04,385.64
6,0.000262,0.004031,3.52e-04,385.74
7,0.000229,0.003358,2.14e-04,384.67
8,0.000207,0.002714,1.05e-04,382.05
9,0.000190,0.003391,3.42e-05,387.92
10,0.000181,0.002794,1.00e-03,387.35
11,0.000296,0.002700,9.76e-04,356.19
