epoch,train_loss,val_loss,lr,time
1,0.001538,0.001343,9.76e-04,377.64
2,0.000557,0.003112,9.05e-04,375.68
3,0.000409,0.001899,7.96e-04,375.46
4,0.000325,0.001704,6.58e-04,374.72
5,0.000268,0.001790,5.05e-04,359.13
6,0.000232,0.001494,3.52e-04,374.61
7,0.000200,0.001510,2.14e-04,377.14
8,0.000179,0.001526,1.05e-04,369.97
9,0.000164,0.001450,3.42e-05,373.69
10,0.000157,0.001380,1.00e-03,264.84
11,0.000250,0.001691,9.76e-04,247.48
