epoch,train_loss,val_loss,lr,time
1,0.002862,0.009348,9.76e-04,33.58
2,0.001156,0.009802,9.05e-04,32.13
3,0.000918,0.015555,7.96e-04,32.14
4,0.000776,0.012023,6.58e-04,31.19
5,0.000682,0.009925,5.05e-04,31.81
6,0.000616,0.010905,3.52e-04,32.03
7,0.000562,0.011072,2.14e-04,31.99
