level,signed_bias,steady_plateau_bias,mae,rmse
lv0,-0.00735318132986625,-0.006865866792698701,0.03674941696226597,0.05418905905551381
lv4,-0.049884768979003034,-0.049601654056459665,0.06322767088810603,0.08165428973734379
lv7,-0.07563414424657822,-0.07671829452738166,0.08861074596643448,0.1099109910428524
