epoch,train_loss,val_loss,lr,time
1,0.002604,0.017231,9.76e-04,157.88
2,0.000466,0.017964,9.05e-04,170.89
3,0.000292,0.017839,7.96e-04,164.72
4,0.000197,0.019017,6.58e-04,163.74
5,0.000138,0.018336,5.05e-04,244.95
6,0.000100,0.019056,3.52e-04,385.40
7,0.000075,0.018467,2.14e-04,385.58
8,0.000059,0.018185,1.05e-04,387.00
9,0.000050,0.017796,3.42e-05,390.18
10,0.000045,0.017984,1.00e-03,386.72
11,0.000138,0.019852,9.76e-04,386.17
