epoch,train_loss,val_loss,lr,time
1,2.698824,9.702549,1.00e-03,67.88
2,1.930281,9.761729,9.76e-04,66.71
3,1.814176,9.726218,9.05e-04,66.63
4,1.764846,9.752239,7.96e-04,66.62
5,1.727746,9.867418,6.58e-04,69.28
6,1.695549,9.788511,5.05e-04,68.35
7,1.674516,9.775073,3.52e-04,69.69
8,1.652580,9.783287,2.14e-04,67.60
9,1.636087,9.812217,1.05e-04,68.37
10,1.624090,9.773142,3.42e-05,68.12
11,1.619051,9.786344,1.00e-03,67.05
