epoch,train_loss,val_loss,lr,time
1,0.001109,0.016642,9.76e-04,124.80
2,0.000319,0.020500,9.05e-04,124.88
3,0.000188,0.019207,7.96e-04,124.35
4,0.000127,0.020058,6.58e-04,125.21
5,0.000089,0.019197,5.05e-04,124.23
6,0.000064,0.019946,3.52e-04,124.93
7,0.000046,0.019827,2.14e-04,124.82
8,0.000042,0.019940,1.05e-04,123.97
9,0.000032,0.019478,3.42e-05,124.75
10,0.000029,0.019677,1.00e-03,125.06
11,0.000103,0.020057,9.76e-04,124.11
