epoch,train_loss,val_loss,lr,time
1,0.835973,2.921925,1.00e-03,98.68
2,0.581942,2.860253,9.76e-04,95.47
3,0.522860,2.840287,9.05e-04,95.48
4,0.485802,2.998337,7.96e-04,95.60
5,0.460303,2.930701,6.58e-04,95.64
6,0.439559,2.977491,5.05e-04,96.00
7,0.423028,2.938958,3.52e-04,92.86
8,0.407957,2.963232,2.14e-04,94.59
9,0.396240,2.952371,1.05e-04,93.32
10,0.387650,2.971876,3.42e-05,94.83
11,0.382159,2.974758,1.00e-03,95.99
12,0.435238,2.924729,9.76e-04,95.65
13,0.427577,2.959854,9.05e-04,95.79
