epoch,train_loss,val_loss,lr,time
1,0.000074,0.000128,9.76e-04,299.03
2,0.000031,0.000101,9.05e-04,300.86
3,0.000027,0.000085,7.96e-04,300.32
4,0.000022,0.000107,6.58e-04,299.97
5,0.000017,0.000089,5.05e-04,299.90
6,0.000014,0.000082,3.52e-04,299.96
7,0.000011,0.000085,2.14e-04,299.83
8,0.000010,0.000078,1.05e-04,299.83
9,0.000009,0.000080,3.42e-05,299.65
10,0.000008,0.000082,1.00e-03,299.90
11,0.000014,0.000077,9.76e-04,300.05
