epoch,train_loss,val_loss,lr,time
1,0.000078,0.000102,9.76e-04,210.06
2,0.000031,0.000087,9.05e-04,305.31
3,0.000029,0.000063,7.96e-04,303.30
4,0.000026,0.000052,6.58e-04,303.65
5,0.000023,0.000055,5.05e-04,303.21
6,0.000021,0.000058,3.52e-04,304.72
7,0.000019,0.000061,2.14e-04,303.26
8,0.000017,0.000066,1.05e-04,303.34
9,0.000016,0.000060,3.42e-05,303.28
10,0.000016,0.000062,1.00e-03,303.24
11,0.000021,0.000065,9.76e-04,303.88
