epoch,train_loss,val_loss,lr,time
1,0.001185,0.017430,9.76e-04,258.83
2,0.000474,0.016502,9.05e-04,259.58
3,0.000366,0.017827,7.96e-04,259.36
4,0.000308,0.018645,6.58e-04,259.30
5,0.000263,0.018558,5.05e-04,259.54
6,0.000233,0.018189,3.52e-04,259.74
7,0.000210,0.018549,2.14e-04,259.37
8,0.000193,0.018428,1.05e-04,259.92
9,0.000181,0.018275,3.42e-05,259.32
10,0.000173,0.018641,1.00e-03,259.32
11,0.000248,0.017342,9.76e-04,259.09
12,0.000224,0.017796,9.05e-04,211.68
