epoch,train_loss,val_loss,lr,time
1,0.002610,0.001803,9.76e-04,33.46
2,0.001205,0.001528,9.05e-04,31.96
3,0.000978,0.001220,7.96e-04,30.27
4,0.000844,0.001703,6.58e-04,29.97
5,0.000762,0.001430,5.05e-04,29.60
6,0.000683,0.001470,3.52e-04,33.25
7,0.000631,0.001351,2.14e-04,29.39
8,0.000589,0.001486,1.05e-04,32.96
9,0.000563,0.001494,3.42e-05,32.10
