epoch,train_loss,val_loss,lr,time
1,0.011525,0.003419,9.76e-04,31.21
2,0.005216,0.002463,9.05e-04,28.13
3,0.004394,0.002179,7.96e-04,29.13
4,0.003962,0.002203,6.58e-04,29.07
5,0.003755,0.002519,5.05e-04,29.03
6,0.003617,0.001802,3.52e-04,28.48
7,0.003498,0.001869,2.14e-04,28.46
8,0.003431,0.002756,1.05e-04,28.44
9,0.003391,0.001709,3.42e-05,28.48
10,0.003355,0.002105,1.00e-03,31.41
11,0.003545,0.002883,9.76e-04,30.08
12,0.003459,0.001721,9.05e-04,29.48
