epoch,train_loss,val_loss,lr,time
1,0.004468,0.015670,9.76e-04,310.98
2,0.003818,0.015692,9.05e-04,309.86
3,0.003727,0.015714,7.96e-04,309.45
4,0.003680,0.015999,6.58e-04,309.22
5,0.003647,0.015743,5.05e-04,309.91
6,0.003624,0.015771,3.52e-04,309.57
7,0.003608,0.015712,2.14e-04,310.06
8,0.003595,0.015611,1.05e-04,308.98
9,0.003587,0.015636,3.42e-05,309.64
10,0.003582,0.015672,1.00e-03,309.86
11,0.003632,0.015739,9.76e-04,300.61
