epoch,train_loss,val_loss,lr,time
1,0.001153,0.016082,9.76e-04,195.88
2,0.000388,0.015520,9.05e-04,268.99
3,0.000290,0.015536,7.96e-04,305.80
4,0.000236,0.015641,6.58e-04,304.08
5,0.000202,0.015645,5.05e-04,303.72
6,0.000175,0.015611,3.52e-04,304.82
7,0.000156,0.015632,2.14e-04,304.45
8,0.000142,0.015640,1.05e-04,304.61
9,0.000133,0.015737,3.42e-05,303.28
10,0.000128,0.015835,1.00e-03,302.25
11,0.000185,0.015927,9.76e-04,302.08
12,0.000163,0.015663,9.05e-04,301.82
