epoch,train_loss,val_loss,lr,time
1,0.001022,0.016661,9.76e-04,303.55
2,0.000389,0.015881,9.05e-04,302.72
3,0.000293,0.016841,7.96e-04,302.86
4,0.000233,0.016011,6.58e-04,302.64
5,0.000191,0.016209,5.05e-04,231.41
6,0.000159,0.016756,3.52e-04,215.40
7,0.000135,0.017626,2.14e-04,215.54
8,0.000118,0.017316,1.05e-04,215.19
9,0.000107,0.016951,3.42e-05,215.47
10,0.000101,0.017147,1.00e-03,215.60
11,0.000167,0.016878,9.76e-04,214.75
12,0.000144,0.016671,9.05e-04,214.67
