epoch,train_loss,val_loss,lr,time
1,0.012562,0.006693,9.76e-04,30.24
2,0.006343,0.003585,9.05e-04,33.80
3,0.005362,0.004006,7.96e-04,33.45
4,0.004977,0.004332,6.58e-04,32.50
5,0.004714,0.004509,5.05e-04,32.36
6,0.004492,0.004306,3.52e-04,29.38
7,0.004395,0.004786,2.14e-04,32.25
8,0.004283,0.004345,1.05e-04,32.16
