epoch,train_loss,val_loss,lr,time
1,0.001041,0.015578,9.76e-04,306.68
2,0.000370,0.017554,9.05e-04,305.89
3,0.000275,0.017067,7.96e-04,306.22
4,0.000218,0.017631,6.58e-04,306.19
5,0.000180,0.017251,5.05e-04,271.08
6,0.000154,0.016451,3.52e-04,312.92
7,0.000134,0.016290,2.14e-04,313.04
8,0.000120,0.016837,1.05e-04,277.49
9,0.000110,0.016419,3.42e-05,317.80
10,0.000105,0.016477,1.00e-03,317.79
11,0.000160,0.016163,9.76e-04,317.71
