epoch,train_loss,val_loss,lr,time
1,0.004147,0.021692,1.00e-03,146.41
2,0.002353,0.015971,9.76e-04,147.21
3,0.002173,0.015595,9.05e-04,146.45
4,0.002042,0.015375,7.96e-04,146.34
5,0.001980,0.015249,6.58e-04,145.81
6,0.001930,0.015216,5.05e-04,146.46
7,0.001867,0.015164,3.52e-04,145.67
8,0.001844,0.015380,2.14e-04,147.64
9,0.001828,0.015096,1.05e-04,145.94
10,0.001811,0.015220,3.42e-05,145.40
11,0.001797,0.015179,1.00e-03,146.39
