epoch,train_loss,val_loss,lr,time
1,0.004379,0.016369,9.76e-04,392.43
2,0.003796,0.015885,9.05e-04,390.83
3,0.003712,0.016120,7.96e-04,333.33
4,0.003661,0.017400,6.58e-04,259.75
5,0.003628,0.016512,5.05e-04,205.65
6,0.003603,0.016302,3.52e-04,122.12
7,0.003585,0.017073,2.14e-04,122.66
8,0.003572,0.016464,1.05e-04,122.23
9,0.003563,0.016912,3.42e-05,204.52
10,0.003558,0.016960,1.00e-03,210.93
11,0.003611,0.017013,9.76e-04,241.69
12,0.003592,0.016786,9.05e-04,281.25
