epoch,train_loss,val_loss,lr,time
1,0.009930,0.015924,9.76e-04,245.29
2,0.007143,0.017352,9.05e-04,243.87
3,0.006093,0.016962,7.96e-04,243.95
4,0.005439,0.017446,6.58e-04,243.35
5,0.004966,0.017906,5.05e-04,243.21
6,0.004608,0.017160,3.52e-04,242.62
7,0.004302,0.018621,2.14e-04,243.94
8,0.004086,0.017475,1.05e-04,243.30
9,0.003939,0.018601,3.42e-05,243.44
10,0.003839,0.018073,1.00e-03,243.46
11,0.004536,0.017625,9.76e-04,243.38
