level,signed_bias,steady_plateau_bias,mae,rmse
lv0,0.006026141216150588,0.006387272312875009,0.015020950490401851,0.019529823524256546
lv4,0.00160251966008218,0.001101032840476061,0.012510190562655529,0.016157650543997686
lv7,0.0012395780552954723,0.000811965187798099,0.012783360667526722,0.016490428242832422
