epoch,train_loss,val_loss,lr,time
1,0.829544,2.427389,1.00e-03,78.96
2,0.577291,2.432560,9.76e-04,78.22
3,0.518093,2.523417,9.05e-04,78.04
4,0.481990,2.549339,7.96e-04,78.38
5,0.458228,2.447843,6.58e-04,76.84
6,0.437959,2.506726,5.05e-04,76.85
7,0.421342,2.548757,3.52e-04,78.35
8,0.407603,2.538816,2.14e-04,78.41
9,0.395958,2.511980,1.05e-04,78.53
10,0.386939,2.550935,3.42e-05,74.69
11,0.382072,2.546729,1.00e-03,74.94
