epoch,train_loss,val_loss,lr,time
1,1.858421,9.970975,1.00e-03,58.30
2,1.189395,10.039368,9.76e-04,58.18
3,1.098264,10.055026,9.05e-04,52.13
4,1.049598,10.012914,7.96e-04,57.56
5,1.014700,9.996914,6.58e-04,54.31
6,0.989678,10.021533,5.05e-04,53.60
7,0.967313,10.058323,3.52e-04,58.64
8,0.947796,10.022174,2.14e-04,58.56
9,0.932893,10.037542,1.05e-04,56.74
10,0.919831,10.066254,3.42e-05,52.16
11,0.913087,10.047996,1.00e-03,56.17
