epoch,train_loss,val_loss,lr,time
1,0.003712,0.002600,9.76e-04,121.01
2,0.001236,0.002118,9.05e-04,121.66
3,0.000969,0.002844,7.96e-04,121.55
4,0.000819,0.003448,6.58e-04,121.80
5,0.000729,0.003149,5.05e-04,121.53
6,0.000662,0.003185,3.52e-04,121.83
7,0.000619,0.003938,2.14e-04,121.42
8,0.000583,0.003738,1.05e-04,120.74
