epoch,train_loss,val_loss,lr,time
1,0.862218,2.924614,1.00e-03,96.37
2,0.609738,2.940772,9.76e-04,94.54
3,0.541916,2.945262,9.05e-04,95.57
4,0.501984,2.958170,7.96e-04,93.38
5,0.475422,2.984354,6.58e-04,93.69
6,0.454858,2.978363,5.05e-04,95.42
7,0.436186,2.985611,3.52e-04,94.88
8,0.421473,2.998997,2.14e-04,95.19
9,0.409661,3.032008,1.05e-04,95.33
10,0.400290,2.990575,3.42e-05,94.96
11,0.395120,3.003285,1.00e-03,95.84
