epoch,train_loss,val_loss,lr,time
1,0.001704,0.016457,9.76e-04,295.52
2,0.000625,0.017140,9.05e-04,224.42
3,0.000454,0.018941,7.96e-04,215.84
4,0.000364,0.019621,6.58e-04,214.09
5,0.000299,0.018322,5.05e-04,212.63
6,0.000259,0.017447,3.52e-04,117.85
7,0.000222,0.017554,2.14e-04,103.96
8,0.000200,0.017997,1.05e-04,104.31
9,0.000184,0.017718,3.42e-05,102.74
10,0.000175,0.017519,1.00e-03,104.38
11,0.000287,0.017946,9.76e-04,103.62
