epoch,train_loss,val_loss,lr,time
1,0.001048,0.015949,9.76e-04,306.13
2,0.000379,0.015603,9.05e-04,304.47
3,0.000280,0.015987,7.96e-04,304.79
4,0.000218,0.015578,6.58e-04,304.79
5,0.000178,0.015725,5.05e-04,304.64
6,0.000152,0.015927,3.52e-04,304.09
7,0.000130,0.016376,2.14e-04,279.38
8,0.000116,0.016664,1.05e-04,216.27
9,0.000106,0.017364,3.42e-05,172.80
10,0.000100,0.016967,1.00e-03,118.74
11,0.000160,0.016189,9.76e-04,118.75
12,0.000136,0.015997,9.05e-04,118.64
