epoch,train_loss,val_loss,lr,time
1,0.002438,0.020020,9.76e-04,272.91
2,0.000948,0.017287,9.05e-04,273.03
3,0.000696,0.018779,7.96e-04,272.00
4,0.000558,0.018843,6.58e-04,272.58
5,0.000477,0.018756,5.05e-04,272.91
6,0.000410,0.018920,3.52e-04,271.88
7,0.000366,0.018834,2.14e-04,272.06
8,0.000334,0.018212,1.05e-04,272.52
9,0.000311,0.018194,3.42e-05,272.68
10,0.000299,0.018632,1.00e-03,273.13
11,0.000443,0.019760,9.76e-04,273.28
12,0.000395,0.020076,9.05e-04,272.66
