epoch,train_loss,val_loss,lr,time
1,0.001723,0.002545,9.76e-04,371.38
2,0.000645,0.000920,9.05e-04,368.37
3,0.000462,0.001185,7.96e-04,368.69
4,0.000370,0.000978,6.58e-04,371.10
5,0.000307,0.001538,5.05e-04,370.64
6,0.000262,0.001143,3.52e-04,370.81
7,0.000229,0.000849,2.14e-04,369.10
8,0.000205,0.001034,1.05e-04,366.66
9,0.000188,0.001257,3.42e-05,370.31
10,0.000179,0.001096,1.00e-03,366.97
11,0.000292,0.001158,9.76e-04,365.74
12,0.000247,0.001023,9.05e-04,370.08
