epoch,train_loss,val_loss,lr,time
1,0.001271,0.017924,9.76e-04,273.24
2,0.000529,0.015940,9.05e-04,271.68
3,0.000391,0.016507,7.96e-04,271.39
4,0.000315,0.016135,6.58e-04,233.02
5,0.000261,0.016231,5.05e-04,139.58
6,0.000227,0.016232,3.52e-04,104.74
7,0.000199,0.016312,2.14e-04,101.26
8,0.000180,0.016650,1.05e-04,138.53
9,0.000166,0.016250,3.42e-05,259.31
10,0.000158,0.016386,1.00e-03,294.38
11,0.000237,0.016112,9.76e-04,293.94
12,0.000210,0.016065,9.05e-04,294.41
