epoch,train_loss,val_loss,lr,time
1,0.000696,0.015428,9.76e-04,124.29
2,0.000177,0.016014,9.05e-04,125.56
3,0.000108,0.016104,7.96e-04,123.96
4,0.000069,0.015659,6.58e-04,124.56
5,0.000046,0.015786,5.05e-04,123.63
6,0.000032,0.015846,3.52e-04,124.40
7,0.000022,0.015616,2.14e-04,122.56
8,0.000017,0.015502,1.05e-04,125.25
9,0.000013,0.015589,3.42e-05,126.90
10,0.000011,0.015635,1.00e-03,123.54
11,0.000060,0.015750,9.76e-04,123.06
