epoch,train_loss,val_loss,lr,time
1,0.001795,0.016731,9.76e-04,211.74
2,0.000646,0.016910,9.05e-04,212.36
3,0.000462,0.017658,7.96e-04,320.15
4,0.000378,0.020196,6.58e-04,316.20
5,0.000308,0.019654,5.05e-04,322.00
6,0.000268,0.017921,3.52e-04,319.69
7,0.000231,0.018311,2.14e-04,320.91
8,0.000208,0.018926,1.05e-04,322.02
9,0.000191,0.018460,3.42e-05,321.84
10,0.000182,0.018177,1.00e-03,322.06
11,0.000302,0.018814,9.76e-04,315.82
