epoch,train_loss,val_loss,lr,time
1,0.000903,0.000487,9.76e-04,104.61
2,0.000230,0.000470,9.05e-04,115.82
3,0.000150,0.000768,7.96e-04,101.50
4,0.000107,0.000574,6.58e-04,107.32
5,0.000075,0.000784,5.05e-04,101.27
6,0.000054,0.001420,3.52e-04,97.70
7,0.000041,0.001555,2.14e-04,112.93
8,0.000031,0.001230,1.05e-04,117.55
9,0.000025,0.001334,3.42e-05,107.46
10,0.000022,0.001344,1.00e-03,97.94
11,0.000086,0.000479,9.76e-04,97.57
