epoch,train_loss,val_loss,lr,time
1,0.001513,0.003698,9.76e-04,317.74
2,0.000387,0.003180,9.05e-04,320.44
3,0.000246,0.003086,7.96e-04,320.37
4,0.000178,0.003286,6.58e-04,320.16
5,0.000133,0.004728,5.05e-04,320.37
6,0.000104,0.003294,3.52e-04,320.21
7,0.000081,0.004150,2.14e-04,318.95
8,0.000067,0.004373,1.05e-04,318.67
9,0.000058,0.003980,3.42e-05,318.66
10,0.000053,0.004342,1.00e-03,318.38
11,0.000145,0.004562,9.76e-04,318.28
12,0.000104,0.003889,9.05e-04,318.29
