epoch,train_loss,val_loss,lr,time
1,0.780183,2.645521,1.00e-03,39.79
2,0.516113,2.769644,9.76e-04,36.83
3,0.450785,2.886173,9.05e-04,34.54
4,0.413894,2.908790,7.96e-04,44.92
5,0.388852,2.895598,6.58e-04,44.06
6,0.368864,2.886857,5.05e-04,46.11
7,0.352835,2.873932,3.52e-04,39.74
8,0.340110,2.890542,2.14e-04,47.98
9,0.328871,2.849057,1.05e-04,51.08
10,0.320878,2.870262,3.42e-05,61.38
11,0.315924,2.889015,1.00e-03,35.66
