epoch,train_loss,val_loss,lr,time
1,0.005432,0.017298,9.76e-04,295.94
2,0.004398,0.018418,9.05e-04,295.26
3,0.004241,0.018148,7.96e-04,295.29
4,0.004155,0.018500,6.58e-04,294.83
5,0.004102,0.018527,5.05e-04,294.87
6,0.004064,0.018939,3.52e-04,294.77
7,0.004032,0.017796,2.14e-04,294.93
8,0.004009,0.018251,1.05e-04,249.63
9,0.003996,0.018004,3.42e-05,186.01
10,0.003988,0.017830,1.00e-03,117.23
11,0.004100,0.019946,9.76e-04,107.68
