epoch,train_loss,val_loss,lr,time
1,0.845809,2.463838,1.00e-03,97.86
2,0.574591,2.528447,9.76e-04,97.09
3,0.509047,2.494612,9.05e-04,97.06
4,0.471576,2.517151,7.96e-04,96.84
5,0.446370,2.532104,6.58e-04,96.83
6,0.426014,2.557574,5.05e-04,96.99
7,0.410480,2.510032,3.52e-04,97.22
8,0.396402,2.534627,2.14e-04,97.04
9,0.385095,2.536112,1.05e-04,96.69
10,0.377362,2.538837,3.42e-05,96.95
11,0.372099,2.543645,1.00e-03,96.97
