epoch,train_loss,val_loss,lr,time
1,2.622426,9.838430,1.00e-03,43.31
2,1.873413,9.916953,9.76e-04,61.04
3,1.792790,10.021987,9.05e-04,55.51
4,1.745433,9.996553,7.96e-04,59.73
5,1.709325,9.855966,6.58e-04,65.61
6,1.683885,10.009025,5.05e-04,53.21
7,1.664107,9.987686,3.52e-04,62.21
8,1.647267,9.976987,2.14e-04,57.08
9,1.633701,9.948192,1.05e-04,54.18
10,1.623346,9.973550,3.42e-05,63.28
11,1.616887,9.940456,1.00e-03,56.83
