epoch,train_loss,val_loss,lr,time
1,0.000802,0.015555,9.76e-04,119.67
2,0.000233,0.017342,9.05e-04,119.24
3,0.000154,0.015848,7.96e-04,119.10
4,0.000106,0.015901,6.58e-04,119.23
5,0.000077,0.016035,5.05e-04,119.30
6,0.000056,0.015703,3.52e-04,119.47
7,0.000041,0.017728,2.14e-04,119.05
8,0.000031,0.015901,1.05e-04,119.15
9,0.000026,0.016103,3.42e-05,119.33
10,0.000022,0.015901,1.00e-03,119.39
11,0.000080,0.015776,9.76e-04,119.36
