epoch,train_loss,val_loss,lr,time
1,0.001353,0.016251,9.76e-04,168.61
2,0.000500,0.016122,9.05e-04,170.40
3,0.000377,0.017240,7.96e-04,173.15
4,0.000313,0.016525,6.58e-04,177.11
5,0.000270,0.016809,5.05e-04,179.16
6,0.000240,0.016430,3.52e-04,148.85
7,0.000218,0.016554,2.14e-04,102.27
8,0.000201,0.016551,1.05e-04,92.31
9,0.000189,0.016455,3.42e-05,92.48
10,0.000183,0.016538,1.00e-03,92.62
11,0.000250,0.016725,9.76e-04,102.30
12,0.000230,0.016602,9.05e-04,96.83
