epoch,train_loss,val_loss,lr,time
1,0.000084,0.000261,9.76e-04,327.52
2,0.000032,0.000078,9.05e-04,333.65
3,0.000028,0.000071,7.96e-04,333.25
4,0.000024,0.000075,6.58e-04,333.40
5,0.000019,0.000065,5.05e-04,333.06
6,0.000015,0.000066,3.52e-04,332.22
7,0.000013,0.000072,2.14e-04,332.98
8,0.000011,0.000076,1.05e-04,333.06
9,0.000010,0.000071,3.42e-05,332.59
10,0.000009,0.000070,1.00e-03,332.62
11,0.000015,0.000074,9.76e-04,332.19
12,0.000012,0.000069,9.05e-04,156.55
