epoch,train_loss,val_loss,lr,time
1,0.004104,0.002144,9.76e-04,33.98
2,0.001411,0.002172,9.05e-04,31.62
3,0.001149,0.001885,7.96e-04,31.53
4,0.000982,0.002904,6.58e-04,34.06
5,0.000880,0.001598,5.05e-04,30.81
6,0.000802,0.001989,3.52e-04,31.21
7,0.000745,0.002039,2.14e-04,30.97
8,0.000704,0.001934,1.05e-04,34.47
9,0.000675,0.002008,3.42e-05,31.65
10,0.000662,0.001998,1.00e-03,34.63
11,0.000769,0.002466,9.76e-04,30.81
