epoch,train_loss,val_loss,lr,time
1,0.000851,0.015865,9.76e-04,120.00
2,0.000247,0.015625,9.05e-04,120.47
3,0.000160,0.015946,7.96e-04,120.03
4,0.000111,0.016527,6.58e-04,119.45
5,0.000077,0.016116,5.05e-04,119.53
6,0.000058,0.016003,3.52e-04,120.76
7,0.000042,0.016312,2.14e-04,119.51
8,0.000032,0.016432,1.05e-04,119.68
9,0.000026,0.016349,3.42e-05,120.06
10,0.000022,0.016303,1.00e-03,119.85
11,0.000087,0.016027,9.76e-04,119.51
12,0.000059,0.017008,9.05e-04,119.10
