epoch,train_loss,val_loss,lr,time
1,0.002018,0.017479,9.76e-04,231.77
2,0.000781,0.016518,9.05e-04,160.87
3,0.000556,0.018494,7.96e-04,119.10
4,0.000449,0.016865,6.58e-04,136.69
5,0.000377,0.016891,5.05e-04,113.89
6,0.000328,0.018028,3.52e-04,140.46
7,0.000287,0.017044,2.14e-04,124.05
8,0.000257,0.016750,1.05e-04,120.41
9,0.000236,0.017154,3.42e-05,152.72
10,0.000224,0.016960,1.00e-03,197.98
11,0.000355,0.016974,9.76e-04,173.87
12,0.000318,0.018787,9.05e-04,184.78
