epoch,train_loss,val_loss,lr,time
1,0.003535,0.001876,9.76e-04,30.99
2,0.001524,0.001794,9.05e-04,30.95
3,0.001219,0.002069,7.96e-04,30.39
4,0.001030,0.001323,6.58e-04,30.42
5,0.000912,0.001315,5.05e-04,34.12
6,0.000827,0.001330,3.52e-04,32.95
7,0.000763,0.001260,2.14e-04,32.66
8,0.000714,0.001316,1.05e-04,31.75
9,0.000685,0.001253,3.42e-05,30.36
10,0.000668,0.001246,1.00e-03,30.98
