epoch,train_loss,val_loss,lr,time
1,2.643099,9.818651,1.00e-03,70.71
2,1.871315,9.762662,9.76e-04,58.53
3,1.768473,9.857658,9.05e-04,67.32
4,1.711752,9.916111,7.96e-04,68.08
5,1.673079,9.840185,6.58e-04,65.16
6,1.644338,9.883807,5.05e-04,69.98
7,1.621930,9.817268,3.52e-04,61.06
8,1.599791,9.785314,2.14e-04,69.45
9,1.582588,9.798650,1.05e-04,63.67
10,1.569878,9.790768,3.42e-05,63.64
11,1.563939,9.824913,1.00e-03,60.98
12,1.619975,9.813681,9.76e-04,63.92
