epoch,train_loss,val_loss,lr,time
1,0.012869,0.004568,9.76e-04,28.20
2,0.006096,0.004333,9.05e-04,31.14
3,0.005043,0.004129,7.96e-04,31.48
4,0.004508,0.004566,6.58e-04,28.22
5,0.004242,0.004793,5.05e-04,31.44
6,0.004059,0.004500,3.52e-04,28.16
7,0.003909,0.004639,2.14e-04,28.23
8,0.003849,0.004404,1.05e-04,28.22
9,0.003801,0.004432,3.42e-05,28.25
