epoch,train_loss,val_loss,lr,time
1,0.915524,2.595376,1.00e-03,63.53
2,0.641825,2.571540,9.76e-04,61.90
3,0.581768,2.645588,9.05e-04,61.94
4,0.545220,2.685489,7.96e-04,61.74
5,0.520853,2.622036,6.58e-04,61.38
6,0.502149,2.696951,5.05e-04,60.87
7,0.488043,2.800126,3.52e-04,54.86
8,0.474631,2.805176,2.14e-04,60.01
9,0.464262,2.746028,1.05e-04,62.25
10,0.456762,2.772255,3.42e-05,62.10
11,0.452275,2.768009,1.00e-03,61.50
12,0.490746,2.822363,9.76e-04,62.46
