epoch,train_loss,val_loss,lr,time
1,0.000972,0.015996,9.76e-04,386.95
2,0.000365,0.015630,9.05e-04,387.11
3,0.000270,0.016044,7.96e-04,387.08
4,0.000210,0.015878,6.58e-04,389.54
5,0.000174,0.015889,5.05e-04,387.13
6,0.000147,0.015974,3.52e-04,387.20
7,0.000128,0.016038,2.14e-04,389.60
8,0.000113,0.016198,1.05e-04,388.18
9,0.000103,0.016465,3.42e-05,389.87
10,0.000097,0.016418,1.00e-03,391.07
11,0.000153,0.015757,9.76e-04,391.72
12,0.000133,0.016181,9.05e-04,390.44
