epoch,train_loss,val_loss,lr,time
1,0.034433,0.050749,9.76e-04,117.54
2,0.024366,0.061332,9.05e-04,118.06
3,0.019871,0.064115,7.96e-04,118.58
4,0.016776,0.056352,6.58e-04,117.57
5,0.014533,0.056531,5.05e-04,117.93
6,0.012779,0.062567,3.52e-04,119.05
7,0.011429,0.061498,2.14e-04,117.71
8,0.010443,0.060590,1.05e-04,117.61
9,0.009794,0.060503,3.42e-05,117.70
10,0.009422,0.060847,1.00e-03,119.00
11,0.012726,0.064782,9.76e-04,118.74
