epoch,train_loss,val_loss,lr,time
1,0.877092,2.302903,1.00e-03,72.97
2,0.612999,2.373478,9.76e-04,47.31
3,0.547168,2.319938,9.05e-04,45.90
4,0.509494,2.377839,7.96e-04,43.55
5,0.483157,2.339662,6.58e-04,44.93
6,0.462551,2.445433,5.05e-04,44.90
7,0.445082,2.401951,3.52e-04,42.76
8,0.429890,2.430893,2.14e-04,42.02
9,0.417284,2.455175,1.05e-04,43.02
10,0.408989,2.414714,3.42e-05,48.31
11,0.403672,2.413750,1.00e-03,44.39
