epoch,train_loss,val_loss,lr,time
1,0.865354,2.348681,1.00e-03,103.30
2,0.600496,2.355100,9.76e-04,76.40
3,0.537457,2.369220,9.05e-04,97.08
4,0.501959,2.363160,7.96e-04,98.58
5,0.473339,2.363084,6.58e-04,97.98
6,0.452705,2.359451,5.05e-04,97.80
7,0.435102,2.381577,3.52e-04,76.80
8,0.420078,2.378413,2.14e-04,96.21
9,0.408414,2.404463,1.05e-04,97.93
10,0.398512,2.395107,3.42e-05,97.93
11,0.393332,2.394411,1.00e-03,98.01
