epoch,train_loss,val_loss,lr,time
1,0.040533,0.063111,9.76e-04,185.39
2,0.031783,0.061300,9.05e-04,185.80
3,0.028781,0.067007,7.96e-04,243.57
4,0.026802,0.062277,6.58e-04,315.01
5,0.025129,0.068952,5.05e-04,310.39
6,0.023720,0.065524,3.52e-04,229.75
7,0.022575,0.067793,2.14e-04,221.10
8,0.021680,0.066445,1.05e-04,220.16
9,0.021007,0.066561,3.42e-05,221.70
10,0.020622,0.069624,1.00e-03,278.88
11,0.023636,0.065843,9.76e-04,351.13
12,0.023089,0.074097,9.05e-04,351.44
