epoch,train_loss,val_loss,lr,time
1,0.001570,0.001682,9.76e-04,119.33
2,0.000540,0.002969,9.05e-04,138.19
3,0.000410,0.001921,7.96e-04,130.73
4,0.000331,0.003528,6.58e-04,191.00
5,0.000274,0.002772,5.05e-04,210.53
6,0.000238,0.002546,3.52e-04,222.76
7,0.000212,0.003142,2.14e-04,215.75
8,0.000192,0.003947,1.05e-04,248.61
9,0.000178,0.002878,3.42e-05,314.68
10,0.000171,0.002654,1.00e-03,319.04
11,0.000303,0.002561,9.76e-04,315.85
