epoch,train_loss,val_loss,lr,time
1,2.691397,9.747669,1.00e-03,64.02
2,1.936522,9.835900,9.76e-04,62.29
3,1.828003,9.861436,9.05e-04,61.24
4,1.777516,9.848254,7.96e-04,58.40
5,1.744692,9.824153,6.58e-04,63.35
6,1.719714,9.869579,5.05e-04,60.22
7,1.696052,9.857782,3.52e-04,55.97
8,1.678544,9.856880,2.14e-04,61.96
9,1.662297,9.812881,1.05e-04,62.46
10,1.651422,9.812596,3.42e-05,56.67
11,1.646032,9.823332,1.00e-03,59.28
