epoch,train_loss,val_loss,lr,time
1,0.002382,0.001745,9.76e-04,125.79
2,0.000896,0.001618,9.05e-04,125.24
3,0.000670,0.001347,7.96e-04,125.25
4,0.000558,0.001826,6.58e-04,124.98
5,0.000487,0.003470,5.05e-04,125.10
6,0.000433,0.001297,3.52e-04,125.15
7,0.000384,0.001560,2.14e-04,125.13
8,0.000353,0.001265,1.05e-04,124.47
9,0.000330,0.001971,3.42e-05,125.27
