epoch,train_loss,val_loss,lr,time
1,0.001078,0.016239,9.76e-04,332.02
2,0.000413,0.018274,9.05e-04,331.80
3,0.000318,0.018176,7.96e-04,278.15
4,0.000263,0.018658,6.58e-04,303.05
5,0.000223,0.018421,5.05e-04,286.85
6,0.000197,0.019331,3.52e-04,202.91
7,0.000175,0.018245,2.14e-04,200.68
8,0.000160,0.020113,1.05e-04,200.12
9,0.000149,0.018481,3.42e-05,199.75
10,0.000143,0.018247,1.00e-03,200.67
11,0.000208,0.017385,9.76e-04,201.31
