epoch,train_loss,val_loss,lr,time
1,0.909296,2.204759,1.00e-03,75.74
2,0.633862,2.057473,9.76e-04,74.40
3,0.567764,2.211965,9.05e-04,74.54
4,0.529315,2.278105,7.96e-04,74.29
5,0.500759,2.156317,6.58e-04,74.31
6,0.478149,2.151765,5.05e-04,74.62
7,0.458755,2.218463,3.52e-04,74.89
8,0.442623,2.152513,2.14e-04,74.46
9,0.429830,2.150750,1.05e-04,74.32
10,0.420960,2.206530,3.42e-05,74.32
11,0.415012,2.186226,1.00e-03,73.61
12,0.469711,2.172224,9.76e-04,74.14
