level,signed_bias,steady_plateau_bias,mae,rmse
lv0,-0.001139312166035072,-0.0010938812823345263,0.033055594087474875,0.04379628371033403
lv4,-0.018024730302082997,-0.01645311895602693,0.0483344296614329,0.05898160735766093
lv7,-0.03766568183588485,-0.03816800517961383,0.0669347985337178,0.07981687442710002
