epoch,train_loss,val_loss,lr,time
1,0.004501,0.015003,9.76e-04,154.69
2,0.002377,0.015139,9.05e-04,152.11
3,0.002220,0.014969,7.96e-04,154.52
4,0.002144,0.015115,6.58e-04,154.38
5,0.002083,0.015031,5.05e-04,155.14
6,0.002046,0.015072,3.52e-04,154.67
7,0.002014,0.015324,2.14e-04,159.80
8,0.001985,0.015236,1.05e-04,155.24
9,0.001963,0.015312,3.42e-05,154.56
10,0.001942,0.015239,1.00e-03,155.73
11,0.002080,0.015183,9.76e-04,156.07
