condition,level,mae,rmse,r2,signed_bias,std_error,steady_plateau_bias,steady_plateau_mae,onset_error,decay_error,trough_error_p05
accel_sine,lv0,0.0682285726070404,0.08445769548416138,0.9299378906036477,0.039200615137815475,0.07480919361114502,0.03947274759411812,0.06822288781404495,-0.010110471397638321,0.129366934299469,-0.07670208811759949
decline_5deg,lv0,0.02389811910688877,0.035237137228250504,0.9199620089506291,-0.004482408054172993,0.03495087847113609,-0.00683180894702673,0.021951725706458092,0.1790037304162979,0.14306560158729553,-0.0469515323638916
incline_10deg,lv0,0.023846609517931938,0.03358881175518036,0.9487621471468897,0.0007892598514445126,0.03357953578233719,0.00017814882448874414,0.023433037102222443,0.009148533456027508,0.0768931657075882,-0.04977482929825783
level_075mps,lv0,0.02516397088766098,0.038413386791944504,0.9075226680757738,0.010876947082579136,0.03684128448367119,0.010350575670599937,0.024749940261244774,0.07771899551153183,,-0.032384809106588364
level_100mps,lv0,0.10493023693561554,0.11609125137329102,0.5805092785430276,0.10176685452461243,0.05586309731006622,0.10212533175945282,0.10506365448236465,-0.004707939922809601,0.1436353325843811,-0.0011261421022936702
level_125mps,lv0,0.04648495838046074,0.07046110928058624,0.8946275018373504,0.030317489057779312,0.0636051669716835,0.03006015345454216,0.04608358070254326,0.017018713057041168,0.09144102036952972,-0.032444607466459274
stopandgo,lv0,0.07045764476060867,0.10130125284194946,0.9402736744425828,0.0516014713793993,0.08717013895511627,0.04360918700695038,0.06007654219865799,0.021397574804723263,0.17386750876903534,-0.0595136396586895
