epoch,train_loss,val_loss,lr,time
1,0.001301,0.022733,9.76e-04,122.59
2,0.000327,0.018205,9.05e-04,122.77
3,0.000214,0.019697,7.96e-04,122.95
4,0.000133,0.020658,6.58e-04,122.00
5,0.000095,0.020874,5.05e-04,121.89
6,0.000067,0.021634,3.52e-04,122.22
7,0.000051,0.020665,2.14e-04,121.88
8,0.000041,0.020560,1.05e-04,122.12
9,0.000034,0.020462,3.42e-05,121.89
10,0.000031,0.020903,1.00e-03,122.23
11,0.000129,0.019701,9.76e-04,122.85
12,0.000075,0.021531,9.05e-04,122.43
