epoch,train_loss,val_loss,lr,time
1,0.002679,0.001916,9.76e-04,32.49
2,0.001324,0.001908,9.05e-04,28.45
3,0.001059,0.001420,7.96e-04,28.51
4,0.000903,0.001656,6.58e-04,29.61
5,0.000794,0.001782,5.05e-04,30.07
6,0.000711,0.001582,3.52e-04,32.61
7,0.000652,0.001426,2.14e-04,32.90
8,0.000604,0.001599,1.05e-04,29.57
9,0.000577,0.001636,3.42e-05,32.83
