epoch,train_loss,val_loss,lr,time
1,0.002214,0.014243,9.76e-04,35.70
2,0.001134,0.012842,9.05e-04,35.78
3,0.000915,0.014298,7.96e-04,31.82
4,0.000783,0.011757,6.58e-04,31.88
5,0.000698,0.013955,5.05e-04,35.61
6,0.000626,0.012343,3.52e-04,31.73
7,0.000576,0.013698,2.14e-04,31.89
8,0.000536,0.012571,1.05e-04,34.91
9,0.000511,0.013234,3.42e-05,31.75
10,0.000494,0.013216,1.00e-03,34.06
