epoch,train_loss,val_loss,lr,time
1,0.001994,0.002003,7.81e-04,57.23
2,0.000704,0.001299,7.25e-04,65.24
3,0.000474,0.001189,6.37e-04,60.56
4,0.000355,0.001431,5.27e-04,65.62
5,0.000277,0.001550,4.05e-04,83.58
6,0.000221,0.001181,2.83e-04,79.71
7,0.000174,0.001250,1.73e-04,82.31
8,0.000143,0.001359,8.54e-05,79.68
9,0.000123,0.001316,2.93e-05,80.46
