epoch,train_loss,val_loss,lr,time
1,2.583401,9.712333,1.00e-03,52.84
2,1.893800,9.827937,9.76e-04,53.36
3,1.791603,9.765604,9.05e-04,57.23
4,1.744490,9.809613,7.96e-04,58.62
5,1.710787,9.791702,6.58e-04,57.78
6,1.686005,9.859892,5.05e-04,58.32
7,1.664498,9.873730,3.52e-04,58.18
8,1.645466,9.861607,2.14e-04,56.36
9,1.634386,9.836745,1.05e-04,44.44
10,1.626024,9.839973,3.42e-05,54.48
11,1.620066,9.885864,1.00e-03,57.61
