epoch,train_loss,val_loss,lr,time
1,0.859631,2.504499,1.00e-03,100.11
2,0.586721,2.478172,9.76e-04,95.72
3,0.520051,2.527862,9.05e-04,95.89
4,0.481699,2.535036,7.96e-04,97.40
5,0.455870,2.526189,6.58e-04,97.04
6,0.435285,2.520367,5.05e-04,94.81
7,0.419205,2.567087,3.52e-04,95.87
8,0.405831,2.549397,2.14e-04,96.66
9,0.394382,2.544112,1.05e-04,96.93
10,0.384722,2.537977,3.42e-05,97.02
11,0.380928,2.553741,1.00e-03,97.54
12,0.428941,2.586449,9.76e-04,96.86
