epoch,train_loss,val_loss,lr,time
1,0.002347,0.002354,9.76e-04,34.82
2,0.001106,0.002037,9.05e-04,30.83
3,0.000894,0.002210,7.96e-04,31.69
4,0.000764,0.001951,6.58e-04,31.66
5,0.000673,0.002469,5.05e-04,32.48
6,0.000605,0.002019,3.52e-04,34.54
7,0.000545,0.002000,2.14e-04,31.39
8,0.000507,0.002362,1.05e-04,30.50
