epoch,train_loss,val_loss,lr,time
1,0.001081,0.015751,9.76e-04,122.39
2,0.000293,0.017157,9.05e-04,120.85
3,0.000183,0.019075,7.96e-04,120.14
4,0.000124,0.016876,6.58e-04,120.91
5,0.000085,0.017870,5.05e-04,120.68
6,0.000062,0.016320,3.52e-04,120.63
7,0.000046,0.017464,2.14e-04,120.25
8,0.000037,0.017173,1.05e-04,120.72
9,0.000031,0.015973,3.42e-05,121.78
10,0.000028,0.016272,1.00e-03,121.79
11,0.000109,0.016289,9.76e-04,121.36
