epoch,train_loss,val_loss,lr,time
1,0.011635,0.003643,9.76e-04,31.53
2,0.005538,0.003191,9.05e-04,30.12
3,0.004550,0.002719,7.96e-04,29.21
4,0.004226,0.002487,6.58e-04,31.04
5,0.003973,0.002175,5.05e-04,29.14
6,0.003837,0.002280,3.52e-04,30.05
7,0.003706,0.002136,2.14e-04,30.25
8,0.003641,0.002437,1.05e-04,30.24
9,0.003597,0.002348,3.42e-05,29.69
10,0.003542,0.002155,1.00e-03,30.80
11,0.003717,0.002606,9.76e-04,30.07
