epoch,train_loss,val_loss,lr,time
1,2.993011,11.794666,1.00e-03,86.45
2,2.341353,11.964204,9.76e-04,88.78
3,2.227263,11.969477,9.05e-04,87.02
4,2.162377,11.859634,7.96e-04,73.29
5,2.117209,11.959498,6.58e-04,61.50
6,2.082819,11.942304,5.05e-04,56.37
7,2.053942,11.837712,3.52e-04,78.13
8,2.028009,11.922028,2.14e-04,77.64
9,2.009168,12.016794,1.05e-04,58.48
10,1.995174,11.912654,3.42e-05,88.99
11,1.985059,11.918823,1.00e-03,96.43
