epoch,train_loss,val_loss,lr,time
1,0.000073,0.000073,9.76e-04,266.39
2,0.000033,0.000091,9.05e-04,271.41
3,0.000030,0.000074,7.96e-04,271.51
4,0.000027,0.000064,6.58e-04,271.53
5,0.000025,0.000087,5.05e-04,271.65
6,0.000023,0.000086,3.52e-04,271.77
7,0.000021,0.000104,2.14e-04,271.92
8,0.000020,0.000090,1.05e-04,272.19
9,0.000019,0.000098,3.42e-05,271.84
10,0.000018,0.000098,1.00e-03,272.04
11,0.000023,0.000128,9.76e-04,271.03
