epoch,train_loss,val_loss,lr,time
1,2.566520,9.829148,1.00e-03,57.83
2,1.857485,9.942669,9.76e-04,61.09
3,1.776082,9.849264,9.05e-04,55.23
4,1.729133,9.969400,7.96e-04,47.48
5,1.695085,9.847586,6.58e-04,50.51
6,1.671885,9.930958,5.05e-04,49.33
7,1.649840,9.921446,3.52e-04,53.86
8,1.631526,9.865673,2.14e-04,53.53
9,1.619457,9.902752,1.05e-04,56.25
10,1.611040,9.914574,3.42e-05,53.33
11,1.605606,9.915427,1.00e-03,52.92
