epoch,train_loss,val_loss,lr,time
1,0.003135,0.001672,9.76e-04,34.60
2,0.001331,0.001505,9.05e-04,32.82
3,0.001085,0.001470,7.96e-04,34.36
4,0.000932,0.001546,6.58e-04,34.15
5,0.000826,0.001406,5.05e-04,33.69
6,0.000743,0.001434,3.52e-04,32.37
7,0.000678,0.001473,2.14e-04,34.21
8,0.000630,0.001424,1.05e-04,31.04
