epoch,train_loss,val_loss,lr,time
1,0.839531,2.305996,1.00e-03,105.59
2,0.582237,2.366365,9.76e-04,98.18
3,0.519984,2.251435,9.05e-04,98.01
4,0.482245,2.368424,7.96e-04,98.35
5,0.456906,2.322464,6.58e-04,97.99
6,0.437251,2.367757,5.05e-04,97.64
7,0.421684,2.320877,3.52e-04,97.66
8,0.406810,2.329645,2.14e-04,97.37
9,0.394786,2.329980,1.05e-04,97.58
10,0.385634,2.326221,3.42e-05,97.84
11,0.380453,2.328061,1.00e-03,81.13
12,0.432158,2.364981,9.76e-04,85.19
13,0.422281,2.318722,9.05e-04,97.04
