level,signed_bias,steady_plateau_bias,mae,rmse
lv0,-0.004943358970599042,-0.006270119428841604,0.023970176776250202,0.03372095339000225
lv4,-0.028796181703607242,-0.030572602214912575,0.04188679220775763,0.05666833619276682
lv7,-0.0568613251671195,-0.06067969215412935,0.06651893133918445,0.08476752787828445
