epoch,train_loss,val_loss,lr,time
1,0.835144,3.026495,1.00e-03,61.80
2,0.594548,2.940213,9.76e-04,61.11
3,0.533150,3.031881,9.05e-04,61.79
4,0.496496,3.112652,7.96e-04,61.21
5,0.471187,3.035172,6.58e-04,61.53
6,0.448917,3.138419,5.05e-04,61.98
7,0.431891,3.089028,3.52e-04,61.75
8,0.416164,3.076552,2.14e-04,59.40
9,0.403976,3.098703,1.05e-04,60.71
10,0.395688,3.091561,3.42e-05,61.53
11,0.389963,3.095713,1.00e-03,61.70
12,0.444305,3.058574,9.76e-04,61.74
