epoch,train_loss,val_loss,lr,time
1,0.001320,0.001995,9.76e-04,377.04
2,0.000475,0.002732,9.05e-04,375.92
3,0.000339,0.002842,7.96e-04,375.47
4,0.000270,0.003596,6.58e-04,376.37
5,0.000221,0.002661,5.05e-04,376.06
6,0.000187,0.003721,3.52e-04,375.19
7,0.000162,0.003878,2.14e-04,376.43
8,0.000144,0.003926,1.05e-04,376.42
9,0.000131,0.003270,3.42e-05,303.42
10,0.000124,0.003604,1.00e-03,235.30
11,0.000200,0.005992,9.76e-04,322.93
