epoch,train_loss,val_loss,lr,time
1,0.002250,0.003267,9.76e-04,34.04
2,0.001176,0.001815,9.05e-04,30.04
3,0.000951,0.001429,7.96e-04,31.35
4,0.000806,0.001241,6.58e-04,31.37
5,0.000707,0.001693,5.05e-04,31.36
6,0.000637,0.001539,3.52e-04,31.34
7,0.000578,0.001387,2.14e-04,31.38
8,0.000537,0.001358,1.05e-04,31.52
9,0.000512,0.001344,3.42e-05,31.36
10,0.000494,0.001326,1.00e-03,32.84
