epoch,train_loss,val_loss,lr,time
1,0.013162,0.004920,9.76e-04,31.92
2,0.006153,0.005712,9.05e-04,31.00
3,0.004909,0.005043,7.96e-04,28.75
4,0.004446,0.004909,6.58e-04,28.93
5,0.004178,0.004494,5.05e-04,31.07
6,0.003974,0.003937,3.52e-04,31.02
7,0.003830,0.004231,2.14e-04,27.79
8,0.003747,0.004036,1.05e-04,31.16
9,0.003755,0.003915,3.42e-05,27.96
10,0.003689,0.004298,1.00e-03,27.94
11,0.003852,0.003882,9.76e-04,28.01
12,0.003774,0.004084,9.05e-04,28.06
