epoch,train_loss,val_loss,lr,time
1,0.001682,0.017129,9.76e-04,294.88
2,0.000649,0.016443,9.05e-04,298.81
3,0.000479,0.016579,7.96e-04,297.71
4,0.000380,0.018300,6.58e-04,296.66
5,0.000318,0.018103,5.05e-04,296.15
6,0.000270,0.017684,3.52e-04,295.90
7,0.000235,0.017231,2.14e-04,295.94
8,0.000210,0.017556,1.05e-04,296.11
9,0.000193,0.017751,3.42e-05,296.05
10,0.000185,0.017407,1.00e-03,296.18
11,0.000300,0.019100,9.76e-04,296.11
12,0.000259,0.017481,9.05e-04,296.22
