epoch,train_loss,val_loss,lr,time
1,2.544312,9.792820,1.00e-03,58.91
2,1.902324,9.904291,9.76e-04,58.32
3,1.799863,9.800829,9.05e-04,52.15
4,1.750959,9.820141,7.96e-04,61.69
5,1.714300,9.923413,6.58e-04,56.60
6,1.686688,9.832084,5.05e-04,61.38
7,1.666687,9.918808,3.52e-04,52.69
8,1.647989,9.852941,2.14e-04,47.63
9,1.634493,9.840071,1.05e-04,58.28
10,1.627255,9.859926,3.42e-05,60.09
11,1.622399,9.873216,1.00e-03,59.82
