epoch,train_loss,val_loss,lr,time
1,0.841488,2.468873,1.00e-03,78.90
2,0.569750,2.509390,9.76e-04,77.80
3,0.505582,2.484191,9.05e-04,77.72
4,0.471077,2.502651,7.96e-04,77.88
5,0.445514,2.519435,6.58e-04,60.44
6,0.426509,2.511115,5.05e-04,47.16
7,0.410004,2.469731,3.52e-04,47.68
8,0.397569,2.484953,2.14e-04,47.31
9,0.384951,2.501595,1.05e-04,47.34
10,0.376877,2.495983,3.42e-05,47.30
11,0.372212,2.507762,1.00e-03,47.30
