level,signed_bias,steady_plateau_bias,mae,rmse
lv0,-0.004420327643553416,-0.003997701323694653,0.017785128723416064,0.02363727655675676
lv4,-0.0019731815749158463,-0.0017283108124199014,0.015727878858645756,0.02077729410181443
lv7,-0.001691783817174534,-0.0013330623817940552,0.015864753474791844,0.021002700086683035
