epoch,train_loss,val_loss,lr,time
1,0.000696,0.015559,9.76e-04,128.41
2,0.000179,0.014736,9.05e-04,126.88
3,0.000113,0.014858,7.96e-04,128.48
4,0.000073,0.015693,6.58e-04,127.39
5,0.000051,0.014925,5.05e-04,127.37
6,0.000033,0.015309,3.52e-04,125.59
7,0.000024,0.014923,2.14e-04,125.34
8,0.000017,0.015486,1.05e-04,127.85
9,0.000013,0.015607,3.42e-05,125.68
10,0.000011,0.015256,1.00e-03,126.66
11,0.000056,0.015168,9.76e-04,125.62
12,0.000038,0.015146,9.05e-04,126.17
