epoch,train_loss,val_loss,lr,time
1,0.002492,0.002731,9.76e-04,123.23
2,0.001049,0.001822,9.05e-04,121.58
3,0.000769,0.001638,7.96e-04,122.04
4,0.000615,0.001889,6.58e-04,122.39
5,0.000511,0.001803,5.05e-04,122.14
6,0.000439,0.001500,3.52e-04,122.21
7,0.000389,0.001757,2.14e-04,122.33
8,0.000348,0.001461,1.05e-04,122.67
9,0.000319,0.001428,3.42e-05,122.82
10,0.000306,0.001511,1.00e-03,121.88
11,0.000437,0.001703,9.76e-04,122.25
12,0.000375,0.001599,9.05e-04,122.02
