epoch,train_loss,val_loss,lr,time
1,2.803612,9.920446,1.00e-03,59.67
2,2.102660,9.871985,9.76e-04,43.64
3,1.992736,9.815937,9.05e-04,63.12
4,1.928435,9.871205,7.96e-04,60.46
5,1.886772,9.850216,6.58e-04,53.31
6,1.853226,9.905242,5.05e-04,60.83
7,1.826540,9.926665,3.52e-04,61.70
8,1.804420,9.981362,2.14e-04,61.66
9,1.786899,9.942917,1.05e-04,60.65
10,1.775882,9.927606,3.42e-05,57.82
11,1.770879,9.938357,1.00e-03,55.54
12,1.821071,9.859561,9.76e-04,55.26
13,1.809292,9.967895,9.05e-04,63.13
