epoch,train_loss,val_loss,lr,time
1,0.001875,0.025128,9.76e-04,634.04
2,0.000363,0.018734,9.05e-04,643.54
3,0.000197,0.021835,7.96e-04,647.38
