epoch,train_loss,val_loss,lr,time
1,0.000088,0.000463,9.76e-04,302.31
2,0.000037,0.000184,9.05e-04,300.70
3,0.000033,0.000145,7.96e-04,299.95
4,0.000030,0.000165,6.58e-04,299.91
5,0.000027,0.000132,5.05e-04,301.57
6,0.000025,0.000151,3.52e-04,301.40
7,0.000022,0.000127,2.14e-04,300.75
8,0.000020,0.000139,1.05e-04,301.94
9,0.000018,0.000149,3.42e-05,301.61
10,0.000017,0.000144,1.00e-03,301.74
11,0.000024,0.000115,9.76e-04,301.90
12,0.000022,0.000149,9.05e-04,301.20
