epoch,train_loss,val_loss,lr,time
1,0.002563,0.001747,9.76e-04,30.95
2,0.001026,0.001308,9.05e-04,30.90
3,0.000773,0.001270,7.96e-04,30.89
4,0.000633,0.001279,6.58e-04,30.90
5,0.000544,0.001111,5.05e-04,30.63
6,0.000484,0.001094,3.52e-04,30.56
7,0.000439,0.001112,2.14e-04,33.94
8,0.000403,0.001033,1.05e-04,30.63
9,0.000382,0.001093,3.42e-05,30.36
10,0.000370,0.001104,1.00e-03,34.57
11,0.000475,0.001109,9.76e-04,30.28
