epoch,train_loss,val_loss,lr,time
1,0.000076,0.000519,9.76e-04,260.20
2,0.000038,0.000125,9.05e-04,294.03
3,0.000034,0.000168,7.96e-04,293.92
4,0.000031,0.000110,6.58e-04,294.33
5,0.000029,0.000089,5.05e-04,295.33
6,0.000027,0.000117,3.52e-04,295.86
7,0.000025,0.000095,2.14e-04,295.91
8,0.000024,0.000121,1.05e-04,295.77
9,0.000023,0.000119,3.42e-05,295.32
10,0.000022,0.000117,1.00e-03,295.65
11,0.000028,0.000124,9.76e-04,295.32
12,0.000026,0.000126,9.05e-04,295.29
