epoch,train_loss,val_loss,lr,time
1,0.001410,0.018384,9.76e-04,3582.63
2,0.000578,0.016625,9.05e-04,2442.60
3,0.000455,0.016962,7.96e-04,906.29
4,0.000372,0.016705,6.58e-04,903.65
5,0.000318,0.017491,5.05e-04,903.42
6,0.000279,0.016855,3.52e-04,900.76
7,0.000249,0.017331,2.14e-04,900.50
8,0.000225,0.017055,1.05e-04,903.44
9,0.000210,0.017195,3.42e-05,900.65
10,0.000201,0.017424,1.00e-03,904.65
11,0.000300,0.017336,9.76e-04,900.21
12,0.000269,0.018304,9.05e-04,903.03
