level,signed_bias,steady_plateau_bias,mae,rmse
lv0,-0.0049312618535218965,-0.006257449949367179,0.02397000292936961,0.033720329196916685
lv4,-0.02877155225723982,-0.03054663958027959,0.041870622585217156,0.05665136935810248
lv7,-0.05683237127959728,-0.06064978117744128,0.06649581591288249,0.08474395610392094
