level,signed_bias,steady_plateau_bias,mae,rmse
lv0,0.0022987810144614843,0.0009684664158460995,0.039741365859905876,0.05399296494821707
lv4,-0.022565296695878107,-0.021756506913031142,0.05983025828997294,0.07332088860372703
lv7,-0.04508014446279655,-0.04574164457153529,0.08225482329726219,0.09737992162505786
