level,signed_bias,steady_plateau_bias,mae,rmse
lv0,0.0060567683410934275,0.006135103874839842,0.016744697880413797,0.022395503396789234
lv4,0.00400804819704111,0.003997981850261567,0.014512844694157442,0.01891616980234782
lv7,0.0027948755596298724,0.0027991276292596012,0.014366711489856243,0.01885738984371225
