epoch,train_loss,val_loss,lr,time
1,0.016258,0.005724,9.76e-04,29.25
2,0.006793,0.003172,9.05e-04,29.78
3,0.005317,0.003195,7.96e-04,31.60
4,0.004673,0.003237,6.58e-04,30.15
5,0.004347,0.003107,5.05e-04,31.89
6,0.004185,0.003209,3.52e-04,29.38
7,0.004078,0.003664,2.14e-04,31.87
8,0.004056,0.003111,1.05e-04,30.80
