epoch,train_loss,val_loss,lr,time
1,1.760629,10.017354,1.00e-03,66.30
2,1.086892,10.193961,9.76e-04,55.25
3,0.993131,10.109402,9.05e-04,62.25
4,0.956457,10.089083,7.96e-04,62.62
5,0.928198,10.113005,6.58e-04,65.08
6,0.905056,10.104977,5.05e-04,55.06
7,0.884949,10.172096,3.52e-04,61.24
8,0.867092,10.148618,2.14e-04,64.38
9,0.853574,10.091588,1.05e-04,63.81
10,0.842778,10.140358,3.42e-05,52.90
11,0.836952,10.120669,1.00e-03,62.04
