epoch,train_loss,val_loss,lr,time
1,0.001638,0.002567,9.76e-04,313.77
2,0.000535,0.002374,9.05e-04,319.39
3,0.000394,0.002544,7.96e-04,319.23
4,0.000319,0.003545,6.58e-04,319.61
5,0.000272,0.004148,5.05e-04,319.91
6,0.000232,0.003325,3.52e-04,319.93
7,0.000207,0.003353,2.14e-04,319.76
8,0.000187,0.003019,1.05e-04,319.89
9,0.000174,0.003374,3.42e-05,319.56
10,0.000166,0.003268,1.00e-03,319.54
11,0.000252,0.003904,9.76e-04,314.98
12,0.000221,0.003294,9.05e-04,221.96
