epoch,train_loss,val_loss,lr,time
1,0.862675,2.341449,1.00e-03,96.55
2,0.594213,2.301502,9.76e-04,96.15
3,0.529987,2.377821,9.05e-04,97.17
4,0.496083,2.397917,7.96e-04,97.20
5,0.470416,2.392331,6.58e-04,94.43
6,0.451028,2.327279,5.05e-04,96.01
7,0.433062,2.357384,3.52e-04,97.21
8,0.418959,2.355320,2.14e-04,96.91
9,0.406799,2.384177,1.05e-04,96.72
10,0.398301,2.379737,3.42e-05,97.10
11,0.392654,2.367350,1.00e-03,97.10
12,0.445526,2.355944,9.76e-04,97.03
