epoch,train_loss,val_loss,lr,time
1,0.002447,0.003399,9.76e-04,123.71
2,0.001001,0.003320,9.05e-04,123.15
3,0.000740,0.003044,7.96e-04,123.26
4,0.000606,0.003550,6.58e-04,123.21
5,0.000520,0.002804,5.05e-04,123.20
6,0.000460,0.003585,3.52e-04,123.20
7,0.000409,0.003579,2.14e-04,123.25
8,0.000379,0.003731,1.05e-04,123.19
9,0.000355,0.003849,3.42e-05,123.09
10,0.000339,0.003683,1.00e-03,123.20
11,0.000464,0.003620,9.76e-04,123.12
