epoch,train_loss,val_loss,lr,time
1,0.003207,0.002166,9.76e-04,300.73
2,0.000755,0.003737,9.05e-04,320.81
3,0.000506,0.003125,7.96e-04,320.92
4,0.000387,0.005892,6.58e-04,321.03
5,0.000313,0.002241,5.05e-04,320.30
6,0.000266,0.003564,3.52e-04,320.57
7,0.000230,0.003127,2.14e-04,320.38
8,0.000206,0.003692,1.05e-04,320.42
9,0.000191,0.003391,3.42e-05,319.98
10,0.000182,0.003293,1.00e-03,319.82
11,0.000288,0.003068,9.76e-04,319.68
