epoch,train_loss,val_loss,lr,time
1,0.002289,0.021139,9.76e-04,998.53
2,0.000955,0.019291,9.05e-04,998.88
3,0.000679,0.020338,7.96e-04,995.51
4,0.000536,0.020243,6.58e-04,1002.64
5,0.000437,0.019706,5.05e-04,987.87
6,0.000359,0.019820,3.52e-04,975.81
7,0.000297,0.019961,2.14e-04,978.57
8,0.000261,0.020237,1.05e-04,980.79
9,0.000231,0.020081,3.42e-05,978.75
10,0.000213,0.019979,1.00e-03,979.35
11,0.000422,0.020046,9.76e-04,982.85
