epoch,train_loss,val_loss,lr,time
1,0.001303,0.016411,9.76e-04,140.85
2,0.000515,0.019779,9.05e-04,104.04
3,0.000384,0.016855,7.96e-04,90.39
4,0.000314,0.018014,6.58e-04,105.08
5,0.000271,0.017789,5.05e-04,91.27
6,0.000236,0.017692,3.52e-04,105.38
7,0.000212,0.017641,2.14e-04,98.65
8,0.000194,0.018244,1.05e-04,104.52
9,0.000181,0.017635,3.42e-05,90.46
10,0.000174,0.017953,1.00e-03,105.04
11,0.000246,0.017308,9.76e-04,104.79
