epoch,train_loss,val_loss,lr,time
1,0.983590,2.199700,1.00e-03,51.58
2,0.717585,2.296599,9.76e-04,64.80
3,0.650133,2.259255,9.05e-04,48.40
4,0.609381,2.272272,7.96e-04,42.42
5,0.581073,2.271604,6.58e-04,37.88
6,0.560386,2.337083,5.05e-04,48.25
7,0.544155,2.269156,3.52e-04,60.69
8,0.529392,2.265536,2.14e-04,60.29
9,0.519781,2.312294,1.05e-04,48.30
10,0.511582,2.325867,3.42e-05,43.56
11,0.506877,2.315956,1.00e-03,41.07
