epoch,train_loss,val_loss,lr,time
1,0.007829,0.014492,9.76e-04,404.72
2,0.004636,0.016450,9.05e-04,403.35
3,0.003463,0.014669,7.96e-04,401.83
4,0.002711,0.014526,6.58e-04,402.27
5,0.002183,0.016406,5.05e-04,403.55
6,0.001788,0.017450,3.52e-04,401.98
7,0.001521,0.015315,2.14e-04,401.57
8,0.001322,0.015357,1.05e-04,403.16
9,0.001188,0.016127,3.42e-05,404.11
10,0.001117,0.016118,1.00e-03,403.42
11,0.001817,0.016212,9.76e-04,402.16
