epoch,train_loss,val_loss,lr,time
1,0.003017,0.002390,9.76e-04,32.31
2,0.001219,0.002622,9.05e-04,30.86
3,0.000967,0.002104,7.96e-04,35.25
4,0.000811,0.001960,6.58e-04,31.22
5,0.000711,0.002075,5.05e-04,35.14
6,0.000632,0.002926,3.52e-04,34.84
7,0.000578,0.001908,2.14e-04,34.87
8,0.000529,0.002088,1.05e-04,33.75
9,0.000505,0.002065,3.42e-05,34.42
10,0.000485,0.002057,1.00e-03,34.35
