level,signed_bias,steady_plateau_bias,mae,rmse
lv0,-0.015472804047426002,-0.016079987347539928,0.035018101438052125,0.04900375256935755
lv4,-0.06217208318412304,-0.060049987553308405,0.07127009766797225,0.09109719842672348
lv7,-0.1015860637029012,-0.1013112993290027,0.10972713368634383,0.13345679454505444
