epoch,train_loss,val_loss,lr,time
1,0.781399,2.319936,1.00e-03,62.27
2,0.522154,2.367363,9.76e-04,60.72
3,0.458580,2.343516,9.05e-04,60.35
4,0.421378,2.345234,7.96e-04,60.16
5,0.395822,2.332126,6.58e-04,60.04
6,0.375073,2.333404,5.05e-04,60.12
7,0.358699,2.354867,3.52e-04,60.77
8,0.345094,2.343211,2.14e-04,60.86
9,0.333838,2.368185,1.05e-04,60.20
10,0.325875,2.364503,3.42e-05,60.72
11,0.320156,2.359149,1.00e-03,61.05
