epoch,train_loss,val_loss,lr,time
1,0.001372,0.016597,9.76e-04,284.02
2,0.000493,0.017345,9.05e-04,290.58
3,0.000371,0.018305,7.96e-04,290.43
4,0.000296,0.018267,6.58e-04,290.19
5,0.000249,0.017862,5.05e-04,289.93
6,0.000212,0.016855,3.52e-04,290.14
7,0.000187,0.017269,2.14e-04,290.01
8,0.000168,0.017117,1.05e-04,289.90
9,0.000155,0.016785,3.42e-05,289.97
10,0.000147,0.017083,1.00e-03,290.39
11,0.000226,0.017025,9.76e-04,290.37
