epoch,train_loss,val_loss,lr,time
1,0.002413,0.003332,9.76e-04,122.03
2,0.000973,0.003033,9.05e-04,121.69
3,0.000739,0.003776,7.96e-04,121.88
4,0.000601,0.003871,6.58e-04,121.94
5,0.000517,0.003351,5.05e-04,121.70
6,0.000452,0.003879,3.52e-04,121.39
7,0.000403,0.004133,2.14e-04,121.07
8,0.000371,0.004126,1.05e-04,121.43
