epoch,train_loss,val_loss,lr,time
1,0.000734,0.015295,9.76e-04,122.78
2,0.000202,0.015672,9.05e-04,123.16
3,0.000121,0.015301,7.96e-04,122.78
4,0.000080,0.015884,6.58e-04,124.02
5,0.000052,0.015461,5.05e-04,125.48
6,0.000035,0.015385,3.52e-04,124.89
7,0.000024,0.015349,2.14e-04,124.86
8,0.000018,0.015386,1.05e-04,123.31
9,0.000013,0.015395,3.42e-05,123.72
10,0.000012,0.015392,1.00e-03,219.90
11,0.000062,0.015369,9.76e-04,316.08
