epoch,train_loss,val_loss,lr,time
1,0.016666,0.005451,9.76e-04,31.42
2,0.007032,0.003282,9.05e-04,31.38
3,0.005542,0.003974,7.96e-04,28.40
4,0.004827,0.002757,6.58e-04,28.75
5,0.004519,0.003283,5.05e-04,30.93
6,0.004348,0.002344,3.52e-04,29.34
7,0.004225,0.002824,2.14e-04,27.93
8,0.004174,0.002692,1.05e-04,28.76
9,0.004122,0.003862,3.42e-05,28.68
10,0.004071,0.003331,1.00e-03,28.85
11,0.004260,0.003123,9.76e-04,28.89
12,0.004129,0.003444,9.05e-04,28.90
