epoch,train_loss,val_loss,lr,time
1,0.003084,0.002039,9.76e-04,34.53
2,0.001241,0.002493,9.05e-04,31.77
3,0.000982,0.001780,7.96e-04,31.89
4,0.000827,0.002345,6.58e-04,31.86
5,0.000721,0.002207,5.05e-04,33.52
6,0.000648,0.001887,3.52e-04,31.86
7,0.000589,0.001959,2.14e-04,31.93
8,0.000542,0.002316,1.05e-04,32.49
9,0.000516,0.002332,3.42e-05,31.86
