epoch,train_loss,val_loss,lr,time
1,0.012399,0.004722,9.76e-04,28.90
2,0.004947,0.004812,9.05e-04,28.82
3,0.004072,0.005235,7.96e-04,28.76
4,0.003772,0.004935,6.58e-04,31.25
5,0.003551,0.005156,5.05e-04,31.17
6,0.003435,0.005477,3.52e-04,27.57
7,0.003327,0.005225,2.14e-04,31.08
