level,signed_bias,steady_plateau_bias,mae,rmse
lv0,-0.007650239444855187,-0.007850096664494939,0.016098692702750366,0.02131041967206531
lv4,-0.0058448842804258066,-0.005818051868118346,0.015936854916314285,0.021506068762391806
lv7,-0.005265454431840529,-0.005445035853578399,0.01623021299019456,0.02209253702312708
