epoch,train_loss,val_loss,lr,time
1,0.033020,0.049688,9.76e-04,385.55
2,0.023349,0.051147,9.05e-04,393.43
3,0.019220,0.053976,7.96e-04,393.80
4,0.016406,0.056486,6.58e-04,394.03
5,0.014396,0.057685,5.05e-04,394.05
6,0.012667,0.058521,3.52e-04,390.23
7,0.011312,0.059253,2.14e-04,393.21
8,0.010367,0.060096,1.05e-04,393.61
9,0.009664,0.060854,3.42e-05,393.39
10,0.009302,0.061369,1.00e-03,390.05
11,0.013073,0.057535,9.76e-04,394.00
