epoch,train_loss,val_loss,lr,time
1,0.002321,0.001480,9.76e-04,31.21
2,0.001208,0.001492,9.05e-04,33.80
3,0.000960,0.001491,7.96e-04,30.27
4,0.000796,0.001541,6.58e-04,30.83
5,0.000694,0.001207,5.05e-04,29.78
6,0.000615,0.001324,3.52e-04,30.90
7,0.000564,0.001224,2.14e-04,30.94
8,0.000522,0.001228,1.05e-04,34.24
9,0.000494,0.001391,3.42e-05,30.67
10,0.000480,0.001245,1.00e-03,33.42
11,0.000596,0.001295,9.76e-04,31.67
