epoch,train_loss,val_loss,lr,time
1,0.016824,0.004895,9.76e-04,30.01
2,0.006997,0.005560,9.05e-04,29.67
3,0.005511,0.003812,7.96e-04,27.94
4,0.004931,0.004924,6.58e-04,28.18
5,0.004663,0.004773,5.05e-04,30.15
6,0.004452,0.004523,3.52e-04,28.83
7,0.004301,0.004315,2.14e-04,27.98
8,0.004259,0.004313,1.05e-04,28.93
9,0.004217,0.004432,3.42e-05,30.69
