epoch,train_loss,val_loss,lr,time
1,0.000941,0.015827,9.76e-04,341.58
2,0.000348,0.015863,9.05e-04,362.85
3,0.000260,0.015765,7.96e-04,362.73
4,0.000200,0.015919,6.58e-04,362.60
5,0.000160,0.016222,5.05e-04,363.38
6,0.000130,0.016504,3.52e-04,362.84
7,0.000109,0.016672,2.14e-04,362.91
8,0.000094,0.016600,1.05e-04,317.71
9,0.000084,0.016801,3.42e-05,331.10
10,0.000078,0.016797,1.00e-03,334.17
11,0.000138,0.016783,9.76e-04,334.19
