epoch,train_loss,val_loss,lr,time
1,1.873465,9.968016,1.00e-03,51.34
2,1.166927,10.119099,9.76e-04,59.35
3,1.067050,9.989730,9.05e-04,51.67
4,1.018824,10.107543,7.96e-04,50.61
5,0.983878,10.002388,6.58e-04,49.29
6,0.958760,10.188265,5.05e-04,56.35
7,0.937770,10.033766,3.52e-04,54.11
8,0.921499,10.088400,2.14e-04,44.56
9,0.906231,10.071849,1.05e-04,50.12
10,0.894692,10.053989,3.42e-05,41.85
11,0.889956,10.075382,1.00e-03,41.37
