epoch,train_loss,val_loss,lr,time
1,2.589517,9.676254,1.00e-03,51.77
2,1.941953,9.904469,9.76e-04,45.26
3,1.844336,9.797377,9.05e-04,55.90
4,1.793763,9.775603,7.96e-04,56.12
5,1.757744,9.858984,6.58e-04,61.45
6,1.731255,9.790814,5.05e-04,53.14
7,1.707195,9.936837,3.52e-04,59.09
8,1.685620,9.854213,2.14e-04,63.61
9,1.673311,9.826836,1.05e-04,61.82
10,1.664368,9.818751,3.42e-05,56.65
11,1.656982,9.852963,1.00e-03,61.39
