epoch,train_loss,val_loss,lr,time
1,0.000078,0.000060,9.76e-04,269.52
2,0.000032,0.000058,9.05e-04,272.45
3,0.000029,0.000051,7.96e-04,272.37
4,0.000026,0.000053,6.58e-04,272.34
5,0.000025,0.000052,5.05e-04,272.30
6,0.000023,0.000057,3.52e-04,272.10
7,0.000021,0.000060,2.14e-04,271.99
8,0.000020,0.000060,1.05e-04,271.96
9,0.000019,0.000059,3.42e-05,272.70
10,0.000019,0.000058,1.00e-03,272.73
11,0.000023,0.000055,9.76e-04,272.52
