epoch,train_loss,val_loss,lr,time
1,0.003408,0.003530,9.76e-04,35.10
2,0.001247,0.003788,9.05e-04,29.91
3,0.000995,0.002860,7.96e-04,34.42
4,0.000847,0.004088,6.58e-04,30.61
5,0.000758,0.002676,5.05e-04,34.10
6,0.000668,0.002697,3.52e-04,30.23
7,0.000609,0.003108,2.14e-04,30.64
8,0.000563,0.002627,1.05e-04,30.48
9,0.000536,0.002736,3.42e-05,30.49
10,0.000522,0.002610,1.00e-03,30.50
11,0.000646,0.003180,9.76e-04,33.37
