epoch,train_loss,val_loss,lr,time
1,0.001333,0.016937,9.76e-04,271.32
2,0.000535,0.016120,9.05e-04,273.61
3,0.000415,0.016207,7.96e-04,273.54
4,0.000343,0.016799,6.58e-04,273.71
5,0.000297,0.016475,5.05e-04,273.09
6,0.000262,0.016250,3.52e-04,273.59
7,0.000238,0.016326,2.14e-04,273.57
8,0.000218,0.016145,1.05e-04,273.23
9,0.000204,0.016379,3.42e-05,273.63
10,0.000197,0.016283,1.00e-03,273.64
11,0.000273,0.016402,9.76e-04,273.35
12,0.000251,0.016681,9.05e-04,218.03
