epoch,train_loss,val_loss,lr,time
1,0.002252,0.004728,9.76e-04,35.29
2,0.001162,0.003695,9.05e-04,34.48
3,0.000932,0.003714,7.96e-04,30.31
4,0.000790,0.002633,6.58e-04,30.57
5,0.000686,0.002880,5.05e-04,30.84
6,0.000606,0.003200,3.52e-04,30.94
7,0.000550,0.002779,2.14e-04,30.84
8,0.000510,0.002900,1.05e-04,33.90
9,0.000479,0.002980,3.42e-05,30.75
10,0.000464,0.003023,1.00e-03,33.84
