epoch,train_loss,val_loss,lr,time
1,0.001899,0.022932,9.76e-04,292.23
2,0.000658,0.021062,9.05e-04,294.20
3,0.000479,0.022405,7.96e-04,293.84
4,0.000379,0.023738,6.58e-04,293.78
5,0.000311,0.023971,5.05e-04,293.43
6,0.000265,0.021562,3.52e-04,293.65
7,0.000231,0.021695,2.14e-04,293.97
8,0.000206,0.023459,1.05e-04,293.84
9,0.000191,0.021929,3.42e-05,293.84
10,0.000182,0.022329,1.00e-03,294.19
11,0.000299,0.022049,9.76e-04,293.79
12,0.000253,0.023057,9.05e-04,293.84
