epoch,train_loss,val_loss,lr,time
1,0.965426,2.361757,1.00e-03,56.83
2,0.684152,2.315205,9.76e-04,56.55
3,0.608190,2.354207,9.05e-04,56.54
4,0.563258,2.346455,7.96e-04,56.02
5,0.534169,2.396266,6.58e-04,56.11
6,0.511837,2.385654,5.05e-04,57.31
7,0.494096,2.367542,3.52e-04,55.67
8,0.479673,2.372854,2.14e-04,56.61
9,0.469382,2.412172,1.05e-04,56.03
10,0.461305,2.393461,3.42e-05,56.22
11,0.456456,2.385309,1.00e-03,56.27
12,0.495582,2.420579,9.76e-04,56.03
