epoch,train_loss,val_loss,lr,time
1,0.000083,0.000479,9.76e-04,330.99
2,0.000038,0.000193,9.05e-04,331.01
3,0.000033,0.000189,7.96e-04,330.41
4,0.000030,0.000183,6.58e-04,330.29
5,0.000028,0.000114,5.05e-04,330.24
6,0.000026,0.000138,3.52e-04,330.24
7,0.000025,0.000123,2.14e-04,330.13
8,0.000023,0.000115,1.05e-04,329.70
9,0.000022,0.000102,3.42e-05,329.30
10,0.000021,0.000107,1.00e-03,329.06
11,0.000026,0.000112,9.76e-04,328.90
12,0.000025,0.000134,9.05e-04,328.77
