epoch,train_loss,val_loss,lr,time
1,0.004391,0.015918,9.76e-04,393.92
2,0.003805,0.015883,9.05e-04,394.02
3,0.003712,0.018622,7.96e-04,395.15
4,0.003660,0.018355,6.58e-04,395.01
5,0.003626,0.018909,5.05e-04,391.80
6,0.003602,0.016918,3.52e-04,393.74
7,0.003584,0.018443,2.14e-04,393.30
8,0.003570,0.018207,1.05e-04,393.86
9,0.003562,0.018087,3.42e-05,394.18
10,0.003557,0.018542,1.00e-03,392.51
11,0.003609,0.017613,9.76e-04,324.14
