epoch,train_loss,val_loss,lr,time
1,0.003138,0.001615,9.76e-04,85.16
2,0.001332,0.001441,9.05e-04,83.88
3,0.001085,0.001355,7.96e-04,83.77
4,0.000926,0.001385,6.58e-04,83.32
5,0.000808,0.001292,5.05e-04,84.63
6,0.000728,0.001190,3.52e-04,84.67
7,0.000668,0.001302,2.14e-04,83.51
8,0.000621,0.001238,1.05e-04,83.94
9,0.000589,0.001179,3.42e-05,85.23
10,0.000573,0.001182,1.00e-03,80.79
11,0.000711,0.001478,9.76e-04,58.31
12,0.000644,0.001376,9.05e-04,47.90
