epoch,train_loss,val_loss,lr,time
1,0.845261,2.424175,1.00e-03,38.91
2,0.579581,2.378921,9.76e-04,41.45
3,0.514090,2.474825,9.05e-04,49.14
4,0.478503,2.467366,7.96e-04,43.95
5,0.456218,2.509276,6.58e-04,56.52
6,0.435990,2.529032,5.05e-04,44.25
7,0.419463,2.567785,3.52e-04,47.83
8,0.404898,2.553381,2.14e-04,60.65
9,0.393138,2.583036,1.05e-04,40.57
10,0.385599,2.596131,3.42e-05,42.56
11,0.380347,2.571595,1.00e-03,46.19
12,0.430338,2.536848,9.76e-04,45.39
