epoch,train_loss,val_loss,lr,time
1,2.747993,9.897642,1.00e-03,61.52
2,1.955617,9.954197,9.76e-04,45.29
3,1.837484,9.953609,9.05e-04,54.40
4,1.779642,10.186156,7.96e-04,61.76
5,1.743568,10.103819,6.58e-04,45.85
6,1.711323,10.031903,5.05e-04,54.93
7,1.687883,10.081099,3.52e-04,60.30
8,1.667130,10.095817,2.14e-04,55.61
9,1.649352,10.168160,1.05e-04,59.04
10,1.639219,10.104748,3.42e-05,61.11
11,1.634477,10.097331,1.00e-03,62.11
