epoch,train_loss,val_loss,lr,time
1,0.851204,2.880601,1.00e-03,97.04
2,0.612459,2.971697,9.76e-04,94.63
3,0.548188,2.938109,9.05e-04,94.63
4,0.508167,2.927728,7.96e-04,94.76
5,0.480163,2.973930,6.58e-04,94.48
6,0.459843,2.988173,5.05e-04,94.67
7,0.441808,2.953801,3.52e-04,94.61
8,0.426213,2.976469,2.14e-04,94.71
9,0.414575,2.988790,1.05e-04,94.30
10,0.404898,2.980060,3.42e-05,92.63
11,0.399918,2.989568,1.00e-03,91.60
