epoch,train_loss,val_loss,lr,time
1,0.009979,0.012774,9.76e-04,215.43
2,0.007177,0.013523,9.05e-04,207.97
3,0.006223,0.016287,7.96e-04,218.72
4,0.005591,0.015513,6.58e-04,207.30
5,0.005124,0.015546,5.05e-04,191.83
6,0.004758,0.017768,3.52e-04,128.21
7,0.004438,0.017518,2.14e-04,126.70
8,0.004199,0.016939,1.05e-04,127.01
9,0.004021,0.016623,3.42e-05,126.88
10,0.003928,0.016792,1.00e-03,127.56
11,0.004737,0.016638,9.76e-04,128.01
