epoch,train_loss,val_loss,lr,time
1,0.002637,0.001748,9.76e-04,84.41
2,0.001340,0.001639,9.05e-04,82.33
3,0.001102,0.001869,7.96e-04,83.72
4,0.000943,0.002000,6.58e-04,83.69
5,0.000831,0.001548,5.05e-04,84.11
6,0.000752,0.001672,3.52e-04,83.44
7,0.000694,0.001689,2.14e-04,81.51
8,0.000647,0.001650,1.05e-04,84.22
