epoch,train_loss,val_loss,lr,time
1,0.864997,2.257414,1.00e-03,99.17
2,0.601211,2.297621,9.76e-04,96.36
3,0.534338,2.366280,9.05e-04,85.78
4,0.495519,2.367348,7.96e-04,86.78
5,0.468313,2.356673,6.58e-04,94.32
6,0.446410,2.355201,5.05e-04,95.78
7,0.429084,2.315063,3.52e-04,96.08
8,0.415915,2.342499,2.14e-04,95.96
9,0.402617,2.338514,1.05e-04,95.96
10,0.394461,2.329648,3.42e-05,94.33
11,0.389439,2.337797,1.00e-03,95.27
