level,signed_bias,steady_plateau_bias,mae,rmse
lv0,-0.008356395086997913,-0.006967021100636985,0.02990120690729883,0.04097575652930471
lv4,-0.03986746724694967,-0.03763920449030896,0.050490433971087136,0.06578407529741526
lv7,-0.067399762570858,-0.06708475761115551,0.07506386066476504,0.09236889767150085
