epoch,train_loss,val_loss,lr,time
1,0.766292,2.616126,1.00e-03,95.91
2,0.514510,2.841628,9.76e-04,93.04
3,0.446717,2.803342,9.05e-04,91.50
4,0.409546,2.726725,7.96e-04,91.74
5,0.385480,2.793076,6.58e-04,92.90
6,0.365889,2.812252,5.05e-04,92.84
7,0.350307,2.825896,3.52e-04,93.05
8,0.337348,2.842033,2.14e-04,92.84
9,0.326254,2.842132,1.05e-04,92.88
10,0.318661,2.827886,3.42e-05,92.96
11,0.313173,2.862356,1.00e-03,92.84
