epoch,train_loss,val_loss,lr,time
1,0.001024,0.016528,9.76e-04,326.01
2,0.000368,0.017294,9.05e-04,323.72
3,0.000276,0.017415,7.96e-04,323.34
4,0.000220,0.018364,6.58e-04,323.03
5,0.000182,0.017392,5.05e-04,323.26
6,0.000156,0.016872,3.52e-04,323.78
7,0.000136,0.016618,2.14e-04,323.67
8,0.000122,0.017252,1.05e-04,324.00
9,0.000113,0.016966,3.42e-05,324.04
10,0.000107,0.017049,1.00e-03,323.83
11,0.000166,0.017269,9.76e-04,283.49
