epoch,train_loss,val_loss,lr,time
1,0.000074,0.000058,9.76e-04,269.89
2,0.000032,0.000053,9.05e-04,272.43
3,0.000029,0.000057,7.96e-04,272.43
4,0.000026,0.000062,6.58e-04,272.16
5,0.000024,0.000064,5.05e-04,272.24
6,0.000021,0.000060,3.52e-04,272.09
7,0.000019,0.000066,2.14e-04,272.04
8,0.000017,0.000069,1.05e-04,271.83
9,0.000016,0.000072,3.42e-05,272.32
10,0.000015,0.000073,1.00e-03,272.90
11,0.000021,0.000078,9.76e-04,272.43
