epoch,train_loss,val_loss,lr,time
1,0.002623,0.003469,9.76e-04,205.22
2,0.000642,0.001957,9.05e-04,130.23
3,0.000444,0.002367,7.96e-04,135.84
4,0.000352,0.002528,6.58e-04,144.43
5,0.000295,0.002765,5.05e-04,137.41
6,0.000259,0.002028,3.52e-04,187.15
7,0.000226,0.002408,2.14e-04,220.89
8,0.000204,0.002643,1.05e-04,220.86
9,0.000190,0.002396,3.42e-05,217.56
10,0.000181,0.002372,1.00e-03,221.13
11,0.000283,0.002007,9.76e-04,220.84
12,0.000246,0.003411,9.05e-04,220.55
