epoch,train_loss,val_loss,lr,time
1,2.706594,9.577240,1.00e-03,47.80
2,1.977178,9.769455,9.76e-04,60.30
3,1.868715,9.700935,9.05e-04,49.62
4,1.816793,9.855681,7.96e-04,54.27
5,1.777713,9.756174,6.58e-04,51.64
6,1.750128,9.738735,5.05e-04,60.35
7,1.726407,9.788713,3.52e-04,61.09
8,1.707924,9.781372,2.14e-04,52.83
9,1.694421,9.870721,1.05e-04,52.06
10,1.684168,9.826798,3.42e-05,50.97
11,1.677984,9.818156,1.00e-03,54.97
