epoch,train_loss,val_loss,lr,time
1,0.002578,0.002318,9.76e-04,84.41
2,0.001271,0.002155,9.05e-04,86.13
3,0.001036,0.002814,7.96e-04,85.67
4,0.000904,0.002455,6.58e-04,86.84
5,0.000804,0.002461,5.05e-04,87.63
6,0.000727,0.002461,3.52e-04,86.07
7,0.000661,0.002143,2.14e-04,85.57
8,0.000621,0.002632,1.05e-04,85.37
