epoch,train_loss,val_loss,lr,time
1,0.003311,0.003292,9.76e-04,323.45
2,0.000754,0.003999,9.05e-04,320.74
3,0.000480,0.003431,7.96e-04,320.44
4,0.000367,0.004751,6.58e-04,320.54
5,0.000303,0.004108,5.05e-04,320.80
6,0.000257,0.003392,3.52e-04,320.38
7,0.000227,0.004002,2.14e-04,319.50
8,0.000203,0.003389,1.05e-04,319.41
9,0.000188,0.004057,3.42e-05,266.64
10,0.000178,0.003825,1.00e-03,212.13
11,0.000284,0.003359,9.76e-04,134.90
