epoch,train_loss,val_loss,lr,time
1,0.001198,0.016910,9.76e-04,260.37
2,0.000426,0.016757,9.05e-04,261.37
3,0.000322,0.017167,7.96e-04,260.95
4,0.000263,0.017448,6.58e-04,260.41
5,0.000223,0.016966,5.05e-04,260.53
6,0.000192,0.016938,3.52e-04,260.78
7,0.000171,0.017405,2.14e-04,260.79
8,0.000155,0.017332,1.05e-04,260.84
9,0.000144,0.017376,3.42e-05,260.62
10,0.000138,0.017387,1.00e-03,260.93
11,0.000202,0.017223,9.76e-04,260.81
12,0.000181,0.018405,9.05e-04,260.38
