epoch,train_loss,val_loss,lr,time
1,0.000077,0.000199,9.76e-04,294.56
2,0.000032,0.000074,9.05e-04,295.14
3,0.000028,0.000074,7.96e-04,295.01
4,0.000024,0.000076,6.58e-04,294.59
5,0.000020,0.000076,5.05e-04,294.60
6,0.000017,0.000077,3.52e-04,294.77
7,0.000015,0.000081,2.14e-04,295.11
8,0.000013,0.000085,1.05e-04,294.71
9,0.000012,0.000080,3.42e-05,294.56
10,0.000011,0.000080,1.00e-03,295.13
11,0.000017,0.000077,9.76e-04,289.01
12,0.000015,0.000079,9.05e-04,209.76
