epoch,train_loss,val_loss,lr,time
1,0.003761,0.002680,9.76e-04,123.25
2,0.001407,0.002127,9.05e-04,122.22
3,0.001101,0.001813,7.96e-04,122.32
4,0.000908,0.001617,6.58e-04,122.69
5,0.000795,0.001507,5.05e-04,122.82
6,0.000723,0.001564,3.52e-04,122.46
7,0.000670,0.001723,2.14e-04,121.84
8,0.000635,0.001775,1.05e-04,122.98
9,0.000606,0.001722,3.42e-05,122.83
10,0.000596,0.001650,1.00e-03,122.90
11,0.000693,0.001824,9.76e-04,122.86
