epoch,train_loss,val_loss,lr,time
1,0.873509,2.419171,1.00e-03,94.88
2,0.625001,2.266335,9.76e-04,94.63
3,0.560706,2.384387,9.05e-04,95.83
4,0.522741,2.357639,7.96e-04,95.83
5,0.494808,2.299352,6.58e-04,95.64
6,0.472692,2.345621,5.05e-04,95.85
7,0.453515,2.328289,3.52e-04,95.82
8,0.438451,2.349686,2.14e-04,95.78
9,0.424988,2.325399,1.05e-04,95.79
10,0.415240,2.339270,3.42e-05,95.60
11,0.410022,2.335315,1.00e-03,95.66
12,0.460458,2.328919,9.76e-04,95.49
