epoch,train_loss,val_loss,lr,time
1,0.002483,0.001826,9.76e-04,34.96
2,0.000933,0.001564,9.05e-04,30.17
3,0.000691,0.001246,7.96e-04,31.50
4,0.000563,0.001219,6.58e-04,31.79
5,0.000491,0.001281,5.05e-04,31.80
6,0.000433,0.001214,3.52e-04,31.83
7,0.000397,0.001411,2.14e-04,31.76
8,0.000367,0.001447,1.05e-04,31.72
9,0.000346,0.001518,3.42e-05,35.04
