epoch,train_loss,val_loss,lr,time
1,0.076612,0.064581,7.81e-04,100.68
2,0.019418,0.071338,7.25e-04,106.62
3,0.016192,0.067759,6.37e-04,104.97
4,0.014246,0.057934,5.27e-04,108.39
5,0.012250,0.063091,4.05e-04,115.25
6,0.009928,0.068050,2.83e-04,112.22
7,0.008198,0.063978,1.73e-04,120.77
8,0.007110,0.064195,8.54e-05,98.60
9,0.006535,0.064355,2.93e-05,110.64
10,0.006238,0.064861,8.00e-04,119.83
