epoch,train_loss,val_loss,lr,time
1,0.001892,0.029876,9.76e-04,521.46
2,0.000367,0.024312,9.05e-04,507.05
3,0.000215,0.027619,7.96e-04,507.27
4,0.000155,0.026395,6.58e-04,506.99
5,0.000113,0.024475,5.05e-04,506.43
6,0.000080,0.024979,3.52e-04,506.58
7,0.000058,0.025525,2.14e-04,506.76
8,0.000047,0.024506,1.05e-04,510.39
9,0.000038,0.026028,3.42e-05,510.18
10,0.000034,0.025291,1.00e-03,510.14
11,0.000143,0.025884,9.76e-04,509.31
12,0.000082,0.024996,9.05e-04,509.01
