level,signed_bias,steady_plateau_bias,mae,rmse
lv0,0.007538837089668959,0.0074325405552776325,0.018968252051207755,0.02475123604138692
lv4,-0.00019594311015680432,-0.00042692556356390315,0.01617258694022894,0.021129759959876537
lv7,0.00035166276696448523,0.00021540094652057937,0.017207150502751272,0.02238590084016323
