epoch,train_loss,val_loss,lr,time
1,0.002706,0.002938,9.76e-04,32.12
2,0.001233,0.002063,9.05e-04,34.53
3,0.000988,0.002695,7.96e-04,30.41
4,0.000837,0.002374,6.58e-04,34.62
5,0.000741,0.003515,5.05e-04,34.53
6,0.000683,0.002564,3.52e-04,34.68
7,0.000612,0.002693,2.14e-04,31.26
8,0.000570,0.003029,1.05e-04,30.78
