epoch,train_loss,val_loss,lr,time
1,0.002286,0.003996,9.76e-04,121.35
2,0.000810,0.003611,9.05e-04,121.01
3,0.000591,0.003063,7.96e-04,121.54
4,0.000470,0.002559,6.58e-04,121.09
5,0.000393,0.002861,5.05e-04,121.13
6,0.000330,0.002750,3.52e-04,120.52
7,0.000286,0.002818,2.14e-04,120.95
8,0.000253,0.002475,1.05e-04,120.87
9,0.000232,0.002698,3.42e-05,120.68
10,0.000218,0.002834,1.00e-03,120.00
