epoch,train_loss,val_loss,lr,time
1,0.835602,2.996903,1.00e-03,77.47
2,0.593629,2.964108,9.76e-04,75.66
3,0.533512,3.020144,9.05e-04,76.29
4,0.496236,3.009804,7.96e-04,75.58
5,0.469613,3.017533,6.58e-04,75.61
6,0.449772,3.078842,5.05e-04,75.02
7,0.432574,3.099759,3.52e-04,75.37
8,0.417614,3.060582,2.14e-04,76.17
9,0.405467,3.082764,1.05e-04,75.93
10,0.396747,3.105141,3.42e-05,76.70
11,0.391334,3.084687,1.00e-03,76.22
12,0.443124,3.131701,9.76e-04,76.19
