epoch,train_loss,val_loss,lr,time
1,0.855806,2.244598,1.00e-03,70.08
2,0.612950,2.250360,9.76e-04,66.25
3,0.549726,2.384703,9.05e-04,66.21
4,0.513228,2.351245,7.96e-04,66.31
5,0.486470,2.319312,6.58e-04,65.80
6,0.465922,2.261821,5.05e-04,82.11
7,0.447060,2.316086,3.52e-04,94.78
8,0.429659,2.249758,2.14e-04,96.46
9,0.416796,2.281143,1.05e-04,96.57
10,0.406416,2.287011,3.42e-05,96.54
11,0.400548,2.278841,1.00e-03,93.03
