epoch,train_loss,val_loss,lr,time
1,0.000982,0.016467,1.00e-03,181.79
2,0.000328,0.016384,9.76e-04,173.93
3,0.000229,0.016769,9.05e-04,173.86
4,0.000170,0.016836,7.96e-04,174.44
5,0.000133,0.016942,6.58e-04,175.08
6,0.000106,0.017581,5.05e-04,174.56
7,0.000083,0.017394,3.52e-04,173.73
8,0.000068,0.017344,2.14e-04,175.29
9,0.000055,0.017792,1.05e-04,175.57
10,0.000047,0.017711,3.42e-05,176.43
11,0.000043,0.017903,1.00e-03,174.17
