epoch,train_loss,val_loss,lr,time
1,0.000982,0.016467,9.76e-04,174.19
2,0.000328,0.017083,9.05e-04,173.21
3,0.000224,0.016466,7.96e-04,173.05
4,0.000166,0.017153,6.58e-04,172.58
5,0.000127,0.016815,5.05e-04,171.81
6,0.000098,0.016947,3.52e-04,174.78
7,0.000079,0.016896,2.14e-04,173.60
8,0.000063,0.017019,1.05e-04,171.56
9,0.000053,0.016997,3.42e-05,170.69
10,0.000048,0.017117,1.00e-03,178.55
11,0.000117,0.016419,9.76e-04,171.78
