epoch,train_loss,val_loss,lr,time
1,1.856356,9.921836,1.00e-03,41.80
2,1.189510,10.086446,9.76e-04,46.91
3,1.093892,10.090796,9.05e-04,60.62
4,1.044847,9.947549,7.96e-04,63.45
5,1.013101,10.051863,6.58e-04,60.18
6,0.989071,10.027077,5.05e-04,61.50
7,0.966933,10.039505,3.52e-04,56.54
8,0.947182,9.994527,2.14e-04,61.98
9,0.932983,10.052060,1.05e-04,39.08
10,0.920874,10.075049,3.42e-05,46.14
11,0.914353,10.042065,1.00e-03,56.96
