epoch,train_loss,val_loss,lr,time
1,3.215750,9.637361,1.00e-03,63.47
2,2.264405,10.081452,9.76e-04,67.07
3,2.094674,9.995864,9.05e-04,63.01
4,1.992495,10.052587,7.96e-04,62.05
5,1.931388,9.999679,6.58e-04,60.18
6,1.883629,10.051522,5.05e-04,50.20
7,1.845339,10.110468,3.52e-04,51.71
8,1.815584,9.976494,2.14e-04,62.82
9,1.786101,10.005334,1.05e-04,62.97
10,1.766226,10.092220,3.42e-05,65.96
11,1.756127,10.068923,1.00e-03,64.22
