epoch,train_loss,val_loss,lr,time
1,0.050559,0.055020,9.76e-04,220.80
2,0.040515,0.060243,9.05e-04,144.63
3,0.037507,0.056597,7.96e-04,92.56
4,0.035879,0.060961,6.58e-04,98.17
5,0.034780,0.058435,5.05e-04,105.93
6,0.033901,0.063241,3.52e-04,98.39
7,0.033196,0.062216,2.14e-04,104.07
8,0.032646,0.063265,1.05e-04,101.13
9,0.032244,0.062242,3.42e-05,103.42
10,0.031973,0.062164,1.00e-03,96.87
11,0.033966,0.057664,9.76e-04,98.76
