epoch,train_loss,val_loss,lr,time
1,0.000690,0.015278,9.76e-04,126.54
2,0.000201,0.017464,9.05e-04,125.98
3,0.000122,0.015802,7.96e-04,125.67
4,0.000081,0.019468,6.58e-04,125.44
5,0.000054,0.016933,5.05e-04,125.67
6,0.000037,0.019935,3.52e-04,124.74
7,0.000027,0.019935,2.14e-04,124.78
8,0.000020,0.019090,1.05e-04,123.60
9,0.000015,0.019055,3.42e-05,124.68
10,0.000013,0.019897,1.00e-03,124.94
11,0.000059,0.020042,9.76e-04,125.24
