epoch,train_loss,val_loss,lr,time
1,0.824313,2.265197,1.00e-03,105.91
2,0.579676,2.324308,9.76e-04,99.15
3,0.518241,2.315305,9.05e-04,78.15
4,0.482001,2.346392,7.96e-04,62.00
5,0.456818,2.284542,6.58e-04,58.26
6,0.435880,2.296662,5.05e-04,64.06
7,0.415215,2.276202,3.52e-04,70.75
8,0.400166,2.284209,2.14e-04,70.33
9,0.384490,2.306080,1.05e-04,70.51
10,0.374424,2.303108,3.42e-05,70.80
11,0.367114,2.298352,1.00e-03,70.36
