epoch,train_loss,val_loss,lr,time
1,0.001353,0.001967,9.76e-04,378.70
2,0.000500,0.003433,9.05e-04,378.43
3,0.000358,0.003877,7.96e-04,379.84
4,0.000282,0.002614,6.58e-04,377.55
5,0.000230,0.003172,5.05e-04,378.14
6,0.000193,0.002503,3.52e-04,378.45
7,0.000167,0.002468,2.14e-04,379.53
8,0.000147,0.003190,1.05e-04,377.85
9,0.000134,0.003507,3.42e-05,379.44
10,0.000127,0.003385,1.00e-03,378.46
11,0.000205,0.004589,9.76e-04,377.32
