epoch,train_loss,val_loss,lr,time
1,0.006191,0.021465,9.76e-04,125.05
2,0.003305,0.021342,9.05e-04,123.88
3,0.002471,0.021601,7.96e-04,205.74
4,0.001952,0.022964,6.58e-04,237.78
5,0.001602,0.022237,5.05e-04,267.00
6,0.001339,0.022612,3.52e-04,334.36
7,0.001143,0.021610,2.14e-04,334.66
8,0.000992,0.021524,1.05e-04,334.48
9,0.000890,0.022025,3.42e-05,334.71
10,0.000825,0.021987,1.00e-03,333.72
11,0.001383,0.022553,9.76e-04,334.07
12,0.001216,0.022083,9.05e-04,334.02
