epoch,train_loss,val_loss,lr,time
1,0.000962,0.015861,9.76e-04,169.61
2,0.000261,0.018081,9.05e-04,168.87
3,0.000172,0.016487,7.96e-04,169.21
4,0.000118,0.015878,6.58e-04,169.28
5,0.000081,0.016904,5.05e-04,169.07
6,0.000058,0.017588,3.52e-04,168.96
7,0.000042,0.017624,2.14e-04,169.04
8,0.000032,0.018699,1.05e-04,169.09
9,0.000026,0.019289,3.42e-05,169.21
10,0.000022,0.019115,1.00e-03,168.96
11,0.000082,0.016503,9.76e-04,168.97
