epoch,train_loss,val_loss,lr,time
1,0.004501,0.015003,1.00e-03,148.17
2,0.002378,0.015043,9.76e-04,148.28
3,0.002225,0.014955,9.05e-04,147.96
4,0.002151,0.015106,7.96e-04,148.07
5,0.002093,0.014932,6.58e-04,148.26
6,0.002060,0.015109,5.05e-04,148.33
7,0.002024,0.015749,3.52e-04,148.58
8,0.001994,0.015294,2.14e-04,148.14
