epoch,train_loss,val_loss,lr,time
1,0.000077,0.000052,9.76e-04,270.86
2,0.000032,0.000053,9.05e-04,305.29
3,0.000029,0.000048,7.96e-04,303.74
4,0.000026,0.000044,6.58e-04,303.56
5,0.000024,0.000049,5.05e-04,303.75
6,0.000022,0.000054,3.52e-04,304.42
7,0.000020,0.000057,2.14e-04,303.31
8,0.000018,0.000053,1.05e-04,303.46
9,0.000017,0.000051,3.42e-05,303.22
10,0.000016,0.000053,1.00e-03,303.26
11,0.000021,0.000057,9.76e-04,290.40
