epoch,train_loss,val_loss,lr,time
1,0.882813,2.356394,1.00e-03,55.22
2,0.639191,2.270653,9.76e-04,54.24
3,0.577695,2.260609,9.05e-04,53.08
4,0.539529,2.363695,7.96e-04,53.73
5,0.513632,2.331243,6.58e-04,52.83
6,0.492909,2.301451,5.05e-04,53.52
7,0.475220,2.319103,3.52e-04,53.02
8,0.458736,2.291153,2.14e-04,52.50
9,0.445210,2.279403,1.05e-04,53.51
10,0.434769,2.286040,3.42e-05,53.99
11,0.428507,2.280123,1.00e-03,53.05
12,0.479040,2.290238,9.76e-04,52.37
13,0.468054,2.310561,9.05e-04,54.06
