epoch,train_loss,val_loss,lr,time
1,0.761501,2.686157,1.00e-03,95.30
2,0.516484,2.683852,9.76e-04,93.53
3,0.456350,2.637370,9.05e-04,92.79
4,0.420164,2.747750,7.96e-04,92.82
5,0.396423,2.727976,6.58e-04,90.33
6,0.376502,2.744209,5.05e-04,91.72
7,0.359179,2.749491,3.52e-04,93.06
8,0.345038,2.785252,2.14e-04,93.48
9,0.333683,2.757822,1.05e-04,92.97
10,0.324778,2.820183,3.42e-05,92.94
11,0.320033,2.820530,1.00e-03,92.59
12,0.365298,2.788506,9.76e-04,90.89
13,0.356503,2.834615,9.05e-04,91.53
