epoch,train_loss,val_loss,lr,time
1,0.002473,0.002101,9.76e-04,34.96
2,0.001225,0.001827,9.05e-04,31.24
3,0.000978,0.002766,7.96e-04,31.48
4,0.000842,0.001859,6.58e-04,31.55
5,0.000725,0.002707,5.05e-04,34.64
6,0.000636,0.002558,3.52e-04,31.52
7,0.000572,0.001907,2.14e-04,34.92
8,0.000535,0.002651,1.05e-04,30.82
