epoch,train_loss,val_loss,lr,time
1,0.001144,0.016413,9.76e-04,314.41
2,0.000408,0.017428,9.05e-04,313.99
3,0.000307,0.017679,7.96e-04,310.27
4,0.000243,0.017449,6.58e-04,296.09
5,0.000199,0.016762,5.05e-04,319.14
6,0.000168,0.016758,3.52e-04,319.37
7,0.000145,0.016966,2.14e-04,285.10
8,0.000129,0.016832,1.05e-04,325.30
9,0.000118,0.017231,3.42e-05,325.11
10,0.000111,0.016967,1.00e-03,325.09
11,0.000180,0.017687,9.76e-04,325.31
