epoch,train_loss,val_loss,lr,time
1,2.718606,9.622986,1.00e-03,64.34
2,1.994612,9.719813,9.76e-04,58.45
3,1.876281,9.712417,9.05e-04,60.87
4,1.817372,9.861550,7.96e-04,61.66
5,1.778738,9.725067,6.58e-04,52.98
6,1.750473,9.701503,5.05e-04,64.21
7,1.725673,9.759771,3.52e-04,56.88
8,1.706797,9.763235,2.14e-04,52.43
9,1.693024,9.867296,1.05e-04,54.28
10,1.682630,9.802353,3.42e-05,55.33
11,1.677355,9.816770,1.00e-03,56.90
