epoch,train_loss,val_loss,lr,time
1,0.003589,0.002610,9.76e-04,30.75
2,0.001259,0.002154,9.05e-04,30.92
3,0.001032,0.002857,7.96e-04,35.04
4,0.000904,0.002820,6.58e-04,31.07
5,0.000812,0.001691,5.05e-04,33.77
6,0.000743,0.002015,3.52e-04,31.38
7,0.000696,0.002013,2.14e-04,31.56
8,0.000660,0.001907,1.05e-04,31.56
9,0.000637,0.002055,3.42e-05,34.80
10,0.000619,0.001905,1.00e-03,34.69
11,0.000724,0.002048,9.76e-04,34.59
