epoch,train_loss,val_loss,lr,time
1,1.531815,1.949782,1.00e-03,57.83
2,1.162820,1.585105,9.76e-04,57.14
3,1.068785,1.666429,9.05e-04,57.21
4,1.009240,1.613200,7.96e-04,57.99
5,0.961995,1.760225,6.58e-04,57.49
6,0.921242,1.773770,5.05e-04,57.26
7,0.889293,1.633916,3.52e-04,58.04
8,0.859339,1.623615,2.14e-04,57.22
9,0.836628,1.627184,1.05e-04,57.39
10,0.818619,1.647791,3.42e-05,57.77
11,0.807831,1.655804,1.00e-03,56.98
12,0.902551,1.600994,9.76e-04,57.87
