level,signed_bias,steady_plateau_bias,mae,rmse
lv0,-0.0010141466239777703,-0.002422651191914661,0.032847744723161064,0.04404787739945783
lv4,-0.023182178100493427,-0.02452029714671274,0.05344100669026375,0.06656786395857732
lv7,-0.044040089992146626,-0.046824716652433075,0.07743222173303366,0.09348028277357419
