epoch,train_loss,val_loss,lr,time
1,0.001409,0.019671,9.76e-04,216.09
2,0.000389,0.016938,9.05e-04,177.17
3,0.000265,0.017621,7.96e-04,114.36
4,0.000187,0.017598,6.58e-04,134.56
5,0.000139,0.018128,5.05e-04,138.72
6,0.000104,0.016927,3.52e-04,186.99
7,0.000084,0.016872,2.14e-04,212.55
8,0.000069,0.017771,1.05e-04,217.97
9,0.000060,0.017507,3.42e-05,209.50
10,0.000054,0.016847,1.00e-03,214.31
11,0.000148,0.017975,9.76e-04,305.72
12,0.000109,0.017712,9.05e-04,317.79
