epoch,train_loss,val_loss,lr,time
1,0.003968,0.001833,9.76e-04,34.62
2,0.001423,0.001860,9.05e-04,30.13
3,0.001170,0.002013,7.96e-04,30.40
4,0.001007,0.001938,6.58e-04,30.40
5,0.000913,0.001462,5.05e-04,34.57
6,0.000834,0.001475,3.52e-04,34.71
7,0.000782,0.001554,2.14e-04,34.65
8,0.000739,0.001777,1.05e-04,30.35
9,0.000709,0.001778,3.42e-05,30.20
10,0.000692,0.001742,1.00e-03,30.15
11,0.000806,0.001855,9.76e-04,30.04
