epoch,train_loss,val_loss,lr,time
1,0.003174,0.001549,9.76e-04,34.24
2,0.001273,0.001411,9.05e-04,31.85
3,0.001008,0.001282,7.96e-04,31.63
4,0.000854,0.001234,6.58e-04,30.33
5,0.000762,0.001307,5.05e-04,30.87
6,0.000677,0.001194,3.52e-04,30.85
7,0.000622,0.001307,2.14e-04,31.04
8,0.000578,0.001252,1.05e-04,32.96
9,0.000547,0.001229,3.42e-05,30.52
