epoch,train_loss,val_loss,lr,time
1,0.000102,0.000089,9.76e-04,328.40
2,0.000032,0.000070,9.05e-04,329.81
3,0.000029,0.000073,7.96e-04,329.49
4,0.000025,0.000079,6.58e-04,329.91
5,0.000022,0.000102,5.05e-04,329.66
6,0.000019,0.000095,3.52e-04,329.53
7,0.000017,0.000103,2.14e-04,329.20
8,0.000015,0.000087,1.05e-04,328.94
9,0.000014,0.000084,3.42e-05,328.86
10,0.000014,0.000086,1.00e-03,328.99
11,0.000018,0.000081,9.76e-04,326.84
