epoch,train_loss,val_loss,lr,time
1,0.001719,0.016756,9.76e-04,331.91
2,0.000546,0.016360,9.05e-04,333.22
3,0.000402,0.016491,7.96e-04,332.95
4,0.000327,0.017922,6.58e-04,333.10
5,0.000278,0.018570,5.05e-04,333.22
6,0.000242,0.016390,3.52e-04,333.17
7,0.000216,0.016521,2.14e-04,333.11
8,0.000199,0.016810,1.05e-04,333.20
9,0.000185,0.016811,3.42e-05,296.83
10,0.000179,0.016985,1.00e-03,203.52
11,0.000261,0.017159,9.76e-04,203.19
12,0.000232,0.018173,9.05e-04,297.43
