epoch,train_loss,val_loss,lr,time
1,0.000087,0.000068,9.76e-04,275.41
2,0.000034,0.000062,9.05e-04,273.55
3,0.000030,0.000062,7.96e-04,273.79
4,0.000027,0.000071,6.58e-04,274.56
5,0.000025,0.000080,5.05e-04,272.68
6,0.000023,0.000082,3.52e-04,273.14
7,0.000021,0.000084,2.14e-04,274.07
8,0.000020,0.000089,1.05e-04,274.20
9,0.000019,0.000084,3.42e-05,274.21
10,0.000018,0.000088,1.00e-03,274.17
11,0.000023,0.000089,9.76e-04,206.93
