epoch,train_loss,val_loss,lr,time
1,0.001799,0.019047,9.76e-04,322.58
2,0.000659,0.018284,9.05e-04,322.11
3,0.000471,0.019107,7.96e-04,322.29
4,0.000366,0.018860,6.58e-04,320.96
5,0.000311,0.018759,5.05e-04,298.83
6,0.000268,0.020389,3.52e-04,214.35
7,0.000232,0.021829,2.14e-04,119.17
8,0.000208,0.020287,1.05e-04,101.79
9,0.000191,0.020670,3.42e-05,102.00
10,0.000183,0.020352,1.00e-03,101.94
11,0.000298,0.018214,9.76e-04,102.44
12,0.000255,0.019977,9.05e-04,104.35
