epoch,train_loss,val_loss,lr,time
1,0.003021,0.002394,9.76e-04,127.88
2,0.000751,0.003661,9.05e-04,119.48
3,0.000491,0.003525,7.96e-04,184.46
4,0.000373,0.003395,6.58e-04,217.57
5,0.000305,0.003328,5.05e-04,219.53
6,0.000260,0.003274,3.52e-04,218.51
7,0.000226,0.003594,2.14e-04,217.96
8,0.000203,0.003199,1.05e-04,221.59
9,0.000188,0.003219,3.42e-05,219.40
10,0.000180,0.003549,1.00e-03,219.83
11,0.000283,0.003783,9.76e-04,221.14
