epoch,train_loss,val_loss,lr,time
1,0.000749,0.015844,9.76e-04,222.34
2,0.000244,0.015500,9.05e-04,334.32
3,0.000171,0.015753,7.96e-04,345.11
4,0.000124,0.016254,6.58e-04,330.46
5,0.000091,0.015470,5.05e-04,324.57
6,0.000068,0.015539,3.52e-04,124.63
7,0.000051,0.015900,2.14e-04,124.51
8,0.000040,0.015768,1.05e-04,125.00
9,0.000033,0.015699,3.42e-05,123.78
10,0.000029,0.015817,1.00e-03,124.06
11,0.000098,0.015808,9.76e-04,123.54
12,0.000072,0.015778,9.05e-04,124.16
