epoch,train_loss,val_loss,lr,time
1,0.015736,0.005743,9.76e-04,31.00
2,0.006556,0.002745,9.05e-04,31.54
3,0.005209,0.003139,7.96e-04,28.79
4,0.004628,0.002825,6.58e-04,31.40
5,0.004382,0.002583,5.05e-04,28.17
6,0.004243,0.002101,3.52e-04,29.04
7,0.004162,0.002517,2.14e-04,29.93
8,0.004121,0.002607,1.05e-04,28.89
9,0.004077,0.003334,3.42e-05,28.89
10,0.004042,0.003318,1.00e-03,31.41
11,0.004207,0.003610,9.76e-04,31.40
12,0.004101,0.003122,9.05e-04,29.19
