epoch,train_loss,val_loss,lr,time
1,0.002505,0.002438,9.76e-04,215.91
2,0.000619,0.001776,9.05e-04,216.95
3,0.000442,0.002658,7.96e-04,218.76
4,0.000346,0.001764,6.58e-04,211.47
5,0.000288,0.001880,5.05e-04,270.46
6,0.000244,0.002121,3.52e-04,315.28
7,0.000214,0.002214,2.14e-04,316.51
8,0.000193,0.002437,1.05e-04,302.17
9,0.000179,0.002108,3.42e-05,212.96
10,0.000170,0.002032,1.00e-03,210.30
11,0.000265,0.002050,9.76e-04,214.39
12,0.000227,0.001944,9.05e-04,212.66
