epoch,train_loss,val_loss,lr,time
1,0.033790,0.052010,9.76e-04,376.84
2,0.023616,0.057148,9.05e-04,390.21
3,0.019468,0.055773,7.96e-04,391.17
4,0.016343,0.058237,6.58e-04,391.24
5,0.014203,0.059687,5.05e-04,390.77
6,0.012437,0.060927,3.52e-04,390.16
7,0.011180,0.061275,2.14e-04,392.32
8,0.010116,0.058038,1.05e-04,392.12
9,0.009500,0.061600,3.42e-05,392.20
10,0.009099,0.060456,1.00e-03,393.00
11,0.012627,0.061140,9.76e-04,390.14
