epoch,train_loss,val_loss,lr,time
1,0.000841,0.015676,9.76e-04,120.48
2,0.000239,0.016979,9.05e-04,121.09
3,0.000156,0.015853,7.96e-04,120.35
4,0.000107,0.016347,6.58e-04,119.49
5,0.000082,0.016535,5.05e-04,120.07
6,0.000056,0.016494,3.52e-04,120.18
7,0.000042,0.016610,2.14e-04,119.40
8,0.000032,0.017190,1.05e-04,119.02
9,0.000026,0.017041,3.42e-05,119.54
10,0.000023,0.017382,1.00e-03,120.34
11,0.000084,0.015887,9.76e-04,120.01
