epoch,train_loss,val_loss,lr,time
1,0.761482,2.290222,1.00e-03,103.22
2,0.521215,2.196929,9.76e-04,99.67
3,0.467389,2.320496,9.05e-04,98.82
4,0.437796,2.275948,7.96e-04,98.99
5,0.415848,2.223462,6.58e-04,98.45
6,0.400072,2.299275,5.05e-04,98.64
7,0.383778,2.280806,3.52e-04,98.66
8,0.372126,2.310122,2.14e-04,98.82
9,0.362145,2.301697,1.05e-04,98.38
10,0.354773,2.327520,3.42e-05,98.84
11,0.349802,2.326545,1.00e-03,99.25
12,0.394746,2.264980,9.76e-04,98.76
