epoch,train_loss,val_loss,lr,time
1,0.001136,0.015649,9.76e-04,124.82
2,0.000318,0.016485,9.05e-04,125.51
3,0.000196,0.017265,7.96e-04,124.77
4,0.000131,0.016126,6.58e-04,125.22
5,0.000111,0.018175,5.05e-04,124.94
6,0.000072,0.018049,3.52e-04,126.26
7,0.000054,0.016464,2.14e-04,125.88
8,0.000042,0.017127,1.05e-04,124.98
9,0.000034,0.017436,3.42e-05,126.08
10,0.000030,0.017255,1.00e-03,125.50
11,0.000115,0.016221,9.76e-04,125.01
