epoch,train_loss,val_loss,lr,time
1,0.880663,2.368081,1.00e-03,58.41
2,0.614029,2.375104,9.76e-04,59.38
3,0.546088,2.368097,9.05e-04,57.49
4,0.508637,2.368661,7.96e-04,55.16
5,0.479398,2.396504,6.58e-04,61.86
6,0.459520,2.372527,5.05e-04,35.34
7,0.441223,2.408850,3.52e-04,56.45
8,0.424973,2.405008,2.14e-04,52.88
9,0.412914,2.455337,1.05e-04,56.45
10,0.403503,2.452433,3.42e-05,35.31
11,0.397641,2.442542,1.00e-03,51.02
