epoch,train_loss,val_loss,lr,time
1,0.002643,0.001890,9.76e-04,84.97
2,0.001334,0.001666,9.05e-04,82.25
3,0.001099,0.001537,7.96e-04,83.75
4,0.000927,0.001629,6.58e-04,84.46
5,0.000812,0.001335,5.05e-04,84.76
6,0.000728,0.001456,3.52e-04,83.50
7,0.000667,0.001387,2.14e-04,82.37
8,0.000621,0.001572,1.05e-04,83.30
9,0.000593,0.001527,3.42e-05,83.73
10,0.000576,0.001467,1.00e-03,84.75
11,0.000715,0.001531,9.76e-04,83.25
