epoch,train_loss,val_loss,lr,time
1,0.033863,0.058856,9.76e-04,120.88
2,0.023991,0.055098,9.05e-04,120.54
3,0.019796,0.064838,7.96e-04,120.85
4,0.016697,0.058764,6.58e-04,121.00
5,0.014369,0.063595,5.05e-04,120.72
6,0.012552,0.075142,3.52e-04,121.44
7,0.011318,0.068157,2.14e-04,122.15
8,0.010311,0.068973,1.05e-04,120.54
9,0.009633,0.064122,3.42e-05,121.46
10,0.009249,0.065024,1.00e-03,120.43
11,0.012611,0.063758,9.76e-04,120.71
12,0.011685,0.070929,9.05e-04,121.23
