epoch,train_loss,val_loss,lr,time
1,0.840262,2.372525,1.00e-03,62.58
2,0.580922,2.345607,9.76e-04,57.61
3,0.517348,2.299995,9.05e-04,56.03
4,0.481377,2.310427,7.96e-04,56.47
5,0.454665,2.326319,6.58e-04,49.73
6,0.434228,2.335902,5.05e-04,58.37
7,0.417438,2.339740,3.52e-04,56.49
8,0.402116,2.315540,2.14e-04,49.92
9,0.390143,2.369176,1.05e-04,44.84
10,0.381209,2.359511,3.42e-05,58.78
11,0.375954,2.342355,1.00e-03,58.18
12,0.427916,2.357214,9.76e-04,51.85
13,0.418550,2.312283,9.05e-04,54.89
