epoch,train_loss,val_loss,lr,time
1,0.001091,0.016476,9.76e-04,215.35
2,0.000440,0.016286,9.05e-04,216.98
3,0.000343,0.016569,7.96e-04,323.96
4,0.000277,0.016443,6.58e-04,319.16
5,0.000234,0.016712,5.05e-04,325.55
6,0.000202,0.016729,3.52e-04,318.74
7,0.000176,0.016742,2.14e-04,325.40
8,0.000158,0.016792,1.05e-04,320.85
9,0.000145,0.016724,3.42e-05,324.14
10,0.000138,0.016678,1.00e-03,326.10
11,0.000214,0.016865,9.76e-04,318.36
12,0.000190,0.016678,9.05e-04,324.71
