epoch,train_loss,val_loss,lr,time
1,0.003911,0.016006,1.00e-03,172.26
2,0.002262,0.016602,9.76e-04,165.71
3,0.002106,0.015643,9.05e-04,167.03
4,0.002032,0.016239,7.96e-04,159.94
5,0.001993,0.015816,6.58e-04,162.02
6,0.001949,0.016135,5.05e-04,163.71
7,0.001912,0.016286,3.52e-04,163.15
