epoch,train_loss,val_loss,lr,time
1,0.003911,0.016006,1.00e-03,172.26
2,0.002262,0.016602,9.76e-04,165.71
