epoch,train_loss,val_loss,lr,time
1,0.012473,0.004647,9.76e-04,31.67
2,0.004956,0.003413,9.05e-04,27.97
3,0.003955,0.004396,7.96e-04,31.70
4,0.003618,0.003139,6.58e-04,31.64
5,0.003436,0.004664,5.05e-04,29.20
6,0.003315,0.003097,3.52e-04,29.64
7,0.003232,0.005141,2.14e-04,29.63
8,0.003163,0.003088,1.05e-04,29.65
9,0.003120,0.004016,3.42e-05,31.71
10,0.003099,0.003046,1.00e-03,29.00
