epoch,train_loss,val_loss,lr,time
1,0.017663,0.008508,9.76e-04,29.39
2,0.008378,0.005492,9.05e-04,31.53
3,0.006853,0.005025,7.96e-04,31.43
4,0.006180,0.004027,6.58e-04,31.92
5,0.005801,0.004989,5.05e-04,28.83
6,0.005638,0.004021,3.52e-04,32.51
7,0.005428,0.006350,2.14e-04,30.23
8,0.005353,0.004673,1.05e-04,33.03
9,0.005278,0.004908,3.42e-05,32.43
10,0.005258,0.005534,1.00e-03,30.85
