epoch,train_loss,val_loss,lr,time
1,0.002001,0.016812,9.76e-04,241.39
2,0.000753,0.018535,9.05e-04,272.01
3,0.000541,0.017159,7.96e-04,271.95
4,0.000436,0.017690,6.58e-04,271.47
5,0.000366,0.017506,5.05e-04,272.07
6,0.000314,0.019193,3.52e-04,271.99
7,0.000276,0.017524,2.14e-04,271.33
8,0.000249,0.018036,1.05e-04,272.18
9,0.000230,0.017957,3.42e-05,270.17
10,0.000219,0.017907,1.00e-03,272.09
11,0.000348,0.018332,9.76e-04,271.61
