epoch,train_loss,val_loss,lr,time
1,1.106367,2.189568,1.00e-03,51.79
2,0.812525,2.186167,9.76e-04,52.91
3,0.750676,2.217920,9.05e-04,53.97
4,0.713328,2.254472,7.96e-04,53.57
5,0.688748,2.274450,6.58e-04,53.39
6,0.671067,2.254448,5.05e-04,53.23
7,0.657357,2.246880,3.52e-04,53.54
8,0.645770,2.235360,2.14e-04,55.22
9,0.636327,2.261759,1.05e-04,53.38
10,0.629954,2.254889,3.42e-05,53.61
11,0.625292,2.248895,1.00e-03,48.76
12,0.658117,2.238050,9.76e-04,43.05
