epoch,train_loss,val_loss,lr,time
1,0.002268,0.001995,9.76e-04,35.49
2,0.001179,0.002424,9.05e-04,35.29
3,0.000948,0.002459,7.96e-04,33.09
4,0.000814,0.002119,6.58e-04,33.47
5,0.000702,0.002476,5.05e-04,31.69
6,0.000632,0.001839,3.52e-04,33.34
7,0.000569,0.001960,2.14e-04,31.83
8,0.000528,0.002048,1.05e-04,31.98
9,0.000503,0.001877,3.42e-05,32.00
10,0.000486,0.002025,1.00e-03,31.96
11,0.000595,0.002233,9.76e-04,32.21
12,0.000546,0.001946,9.05e-04,32.07
