epoch,train_loss,val_loss,lr,time
1,0.839131,2.330737,1.00e-03,98.10
2,0.581192,2.446597,9.76e-04,93.73
3,0.516276,2.378084,9.05e-04,94.68
4,0.479015,2.383448,7.96e-04,95.78
5,0.453246,2.464894,6.58e-04,76.57
6,0.434824,2.477238,5.05e-04,93.78
7,0.418188,2.544493,3.52e-04,96.00
8,0.403879,2.499004,2.14e-04,95.91
9,0.392410,2.521695,1.05e-04,95.35
10,0.383110,2.558148,3.42e-05,95.64
11,0.378867,2.559129,1.00e-03,95.56
