epoch,train_loss,val_loss,lr,time
1,0.863866,2.247523,1.00e-03,98.34
2,0.609752,2.281530,9.76e-04,96.27
3,0.541527,2.316037,9.05e-04,96.28
4,0.501256,2.401260,7.96e-04,96.19
5,0.473903,2.290926,6.58e-04,96.27
6,0.452257,2.331686,5.05e-04,96.03
7,0.434354,2.310318,3.52e-04,95.09
8,0.418540,2.348257,2.14e-04,95.30
9,0.405877,2.337205,1.05e-04,93.85
10,0.395849,2.340296,3.42e-05,95.12
11,0.391195,2.346004,1.00e-03,96.08
