epoch,train_loss,val_loss,lr,time
1,0.000068,0.000182,9.76e-04,277.29
2,0.000032,0.000065,9.05e-04,304.37
3,0.000029,0.000084,7.96e-04,306.39
4,0.000026,0.000105,6.58e-04,306.59
5,0.000023,0.000101,5.05e-04,307.10
6,0.000021,0.000098,3.52e-04,306.04
7,0.000019,0.000084,2.14e-04,305.94
8,0.000017,0.000105,1.05e-04,305.28
9,0.000016,0.000095,3.42e-05,305.01
10,0.000016,0.000098,1.00e-03,304.44
11,0.000020,0.000095,9.76e-04,304.37
12,0.000019,0.000082,9.05e-04,304.24
