epoch,train_loss,val_loss,lr,time
1,0.021659,0.017994,1.00e-03,649.69
2,0.017450,0.019797,9.76e-04,764.82
3,0.017116,0.030348,9.05e-04,716.09
