level,signed_bias,steady_plateau_bias,mae,rmse
lv0,0.009144667147969207,0.00874330165485541,0.01916754576894972,0.025505693422423467
lv4,0.007867102511227131,0.007185472544127454,0.017350689508020878,0.023457445514698822
lv7,0.008894793378810087,0.007757173152640462,0.018673213043560583,0.025712348520755768
