epoch,train_loss,val_loss,lr,time
1,0.003234,0.002251,9.76e-04,33.31
2,0.001345,0.001833,9.05e-04,33.89
3,0.001070,0.001325,7.96e-04,30.81
4,0.000912,0.001450,6.58e-04,31.31
5,0.000810,0.001421,5.05e-04,30.44
6,0.000725,0.001432,3.52e-04,30.53
7,0.000671,0.001497,2.14e-04,30.43
8,0.000617,0.001484,1.05e-04,34.06
9,0.000590,0.001447,3.42e-05,34.14
