epoch,train_loss,val_loss,lr,time
1,0.804622,2.252267,1.00e-03,93.05
2,0.558363,2.338951,9.76e-04,97.77
3,0.500309,2.310346,9.05e-04,86.16
4,0.466011,2.305747,7.96e-04,97.94
5,0.441709,2.308724,6.58e-04,98.28
6,0.422035,2.295761,5.05e-04,98.30
7,0.407009,2.319636,3.52e-04,98.50
8,0.394360,2.309665,2.14e-04,98.56
9,0.382527,2.343645,1.05e-04,98.17
10,0.374753,2.335862,3.42e-05,98.47
11,0.369561,2.334929,1.00e-03,98.83
