epoch,train_loss,val_loss,lr,time
1,0.833176,2.373166,1.00e-03,100.04
2,0.578455,2.474849,9.76e-04,97.09
3,0.516889,2.526286,9.05e-04,97.30
4,0.479423,2.427279,7.96e-04,97.31
5,0.455135,2.516656,6.58e-04,97.12
6,0.435949,2.449069,5.05e-04,97.17
7,0.419394,2.476618,3.52e-04,97.36
8,0.404862,2.509815,2.14e-04,79.09
9,0.392285,2.497598,1.05e-04,60.63
10,0.384461,2.528067,3.42e-05,43.66
11,0.379119,2.491070,1.00e-03,50.31
