epoch,train_loss,val_loss,lr,time
1,0.009860,0.012016,9.76e-04,246.58
2,0.007026,0.012243,9.05e-04,244.89
3,0.006145,0.012586,7.96e-04,246.07
4,0.005620,0.014223,6.58e-04,242.94
5,0.005233,0.012052,5.05e-04,247.76
6,0.004930,0.012913,3.52e-04,208.08
7,0.004694,0.014991,2.14e-04,187.57
8,0.004512,0.013492,1.05e-04,188.21
9,0.004368,0.013663,3.42e-05,183.22
10,0.004307,0.014194,1.00e-03,172.51
11,0.004913,0.014294,9.76e-04,206.38
