epoch,train_loss,val_loss,lr,time
1,0.000845,0.015802,9.76e-04,120.24
2,0.000249,0.015567,9.05e-04,120.04
3,0.000165,0.017425,7.96e-04,120.49
4,0.000117,0.016521,6.58e-04,120.15
5,0.000082,0.015796,5.05e-04,119.93
6,0.000057,0.017140,3.52e-04,120.35
7,0.000044,0.017623,2.14e-04,120.37
8,0.000032,0.017207,1.05e-04,120.17
9,0.000026,0.017002,3.42e-05,120.27
10,0.000023,0.017638,1.00e-03,119.98
11,0.000086,0.016210,9.76e-04,120.15
12,0.000056,0.016788,9.05e-04,120.31
