epoch,train_loss,val_loss,lr,time
1,0.000077,0.000168,9.76e-04,231.47
2,0.000032,0.000062,9.05e-04,334.52
3,0.000028,0.000056,7.96e-04,333.80
4,0.000025,0.000053,6.58e-04,333.89
5,0.000020,0.000053,5.05e-04,333.79
6,0.000016,0.000053,3.52e-04,334.14
7,0.000013,0.000061,2.14e-04,333.60
8,0.000011,0.000060,1.05e-04,333.62
9,0.000010,0.000058,3.42e-05,333.46
10,0.000009,0.000058,1.00e-03,333.00
11,0.000015,0.000060,9.76e-04,333.60
12,0.000012,0.000057,9.05e-04,259.43
