epoch,train_loss,val_loss,lr,time
1,0.002297,0.018168,9.76e-04,191.52
2,0.000799,0.017580,9.05e-04,191.45
3,0.000586,0.018062,7.96e-04,189.26
4,0.000485,0.019067,6.58e-04,289.20
5,0.000418,0.019228,5.05e-04,295.25
6,0.000369,0.017678,3.52e-04,295.23
7,0.000332,0.018262,2.14e-04,295.05
8,0.000305,0.017751,1.05e-04,295.04
9,0.000285,0.018309,3.42e-05,295.60
10,0.000275,0.017866,1.00e-03,295.44
11,0.000409,0.018841,9.76e-04,260.68
12,0.000367,0.020141,9.05e-04,188.87
