condition,level,mae,rmse,r2,signed_bias,std_error,steady_plateau_bias,steady_plateau_mae,onset_error,decay_error,trough_error_p05
accel_sine,lv0,0.10183562338352203,0.1276138722896576,0.8609085214410892,-0.07376530766487122,0.1041344404220581,-0.07546718418598175,0.10164197534322739,-0.06857560575008392,0.1951465904712677,-0.2405182421207428
decline_5deg,lv0,0.04842331260442734,0.07418067008256912,0.5704952340766047,-0.03155961632728577,0.06713242828845978,-0.031841620802879333,0.04845259338617325,0.01270538941025734,,-0.14836324751377106
incline_10deg,lv0,0.02886662259697914,0.04208095371723175,0.8656799966588778,-0.008777854032814503,0.041155267506837845,-0.008764545433223248,0.0271466001868248,-0.1514749377965927,0.1878557652235031,-0.06701366603374481
level_075mps,lv0,0.035801030695438385,0.04377833753824234,0.8473988901222869,-0.02461562119424343,0.03620240464806557,-0.024663418531417847,0.03570912778377533,-0.01734014041721821,,-0.07947220653295517
level_100mps,lv0,0.060863934457302094,0.07722148299217224,0.7769362190380044,-0.05228826776146889,0.056825120002031326,-0.051619358360767365,0.05970567464828491,-0.14890436828136444,-0.009536098688840866,-0.14888300001621246
level_125mps,lv0,0.06014028936624527,0.07824365794658661,0.8832738305849996,-0.04604567587375641,0.06326030194759369,-0.04514390975236893,0.05943142622709274,-0.1287386119365692,-0.053518038243055344,-0.15708348155021667
stopandgo,lv0,0.05885396897792816,0.08140414580702782,0.9626469683495608,-0.039072172716259956,0.07140254601836205,-0.04030754044651985,0.05168040283024311,-0.08165290206670761,0.01862766733393073,-0.1705060452222824
