level,signed_bias,steady_plateau_bias,mae,rmse
lv0,-0.0074424434504989125,-0.007463675276893709,0.019627546270688374,0.02608264216946231
lv4,-0.010761819158991178,-0.010952150061105689,0.0193470132847627,0.026029386868079502
lv7,-0.009448907415693006,-0.010599905624985695,0.019720699327687424,0.026213701503972214
