epoch,train_loss,val_loss,lr,time
1,-2.122682,-0.435686,9.76e-04,596.40
2,-2.374488,1.667816,9.05e-04,591.65
3,-2.577361,31.363313,7.96e-04,583.23
4,-2.631227,5.368083,6.58e-04,410.31
5,-2.924448,22.560650,5.05e-04,349.52
6,-4.353048,13.472684,3.52e-04,349.24
7,-4.611492,9.556743,2.14e-04,349.29
8,-4.736168,8.885821,1.05e-04,349.48
9,-4.810615,7.013042,3.42e-05,348.25
10,-4.848882,6.021171,1.00e-03,353.15
11,-2.532684,10.329318,9.76e-04,361.16
