epoch,train_loss,val_loss,lr,time
1,0.001044,0.015793,9.76e-04,305.89
2,0.000377,0.015667,9.05e-04,308.36
3,0.000273,0.015795,7.96e-04,307.00
4,0.000217,0.015796,6.58e-04,306.60
5,0.000180,0.016175,5.05e-04,306.70
6,0.000155,0.017107,3.52e-04,306.75
7,0.000136,0.016619,2.14e-04,306.62
8,0.000124,0.016619,1.05e-04,306.55
9,0.000115,0.016296,3.42e-05,306.93
10,0.000110,0.016370,1.00e-03,307.11
11,0.000162,0.015925,9.76e-04,300.92
12,0.000146,0.016245,9.05e-04,211.94
