epoch,train_loss,val_loss,lr,time
1,0.002281,0.004474,9.76e-04,126.09
2,0.000942,0.004620,9.05e-04,126.09
3,0.000676,0.004247,7.96e-04,125.81
4,0.000559,0.004197,6.58e-04,125.18
5,0.000485,0.004671,5.05e-04,124.31
6,0.000428,0.004247,3.52e-04,124.49
7,0.000390,0.004330,2.14e-04,124.73
8,0.000356,0.004549,1.05e-04,124.70
9,0.000336,0.004359,3.42e-05,124.69
