epoch,train_loss,val_loss,lr,time
1,0.002675,0.002138,9.76e-04,34.12
2,0.001328,0.001760,9.05e-04,34.02
3,0.001054,0.001935,7.96e-04,30.90
4,0.000901,0.002393,6.58e-04,30.91
5,0.000792,0.001531,5.05e-04,33.42
6,0.000707,0.001820,3.52e-04,32.77
7,0.000650,0.002141,2.14e-04,30.82
8,0.000605,0.001855,1.05e-04,33.94
9,0.000578,0.001976,3.42e-05,33.30
10,0.000557,0.001920,1.00e-03,30.86
11,0.000698,0.001893,9.76e-04,30.90
