epoch,train_loss,val_loss,lr,time
1,0.057433,0.046409,9.76e-04,213.32
2,0.057108,0.046939,9.05e-04,215.03
3,0.057073,0.047148,7.96e-04,214.36
4,0.057052,0.046340,6.58e-04,213.86
5,0.057040,0.046999,5.05e-04,213.58
6,0.057029,0.047067,3.52e-04,216.68
7,0.057023,0.047143,2.14e-04,214.54
8,0.057018,0.047096,1.05e-04,217.43
9,0.057015,0.046937,3.42e-05,217.07
10,0.057013,0.046905,1.00e-03,217.11
11,0.057032,0.046707,9.76e-04,205.37
