epoch,train_loss,val_loss,lr,time
1,0.000087,0.000068,9.76e-04,271.60
2,0.000034,0.000062,9.05e-04,295.36
3,0.000030,0.000062,7.96e-04,294.80
4,0.000027,0.000071,6.58e-04,294.96
5,0.000025,0.000080,5.05e-04,294.85
6,0.000023,0.000082,3.52e-04,294.74
7,0.000021,0.000084,2.14e-04,294.77
8,0.000020,0.000089,1.05e-04,294.61
9,0.000019,0.000084,3.42e-05,294.90
10,0.000018,0.000088,1.00e-03,294.83
11,0.000023,0.000089,9.76e-04,294.64
