epoch,train_loss,val_loss,lr,time
1,2.728116,9.560345,1.00e-03,60.59
2,1.999319,9.792745,9.76e-04,58.63
3,1.883432,9.728764,9.05e-04,57.35
4,1.821342,9.875503,7.96e-04,53.25
5,1.781141,9.687196,6.58e-04,57.06
6,1.753000,9.750336,5.05e-04,61.08
7,1.726659,9.824933,3.52e-04,59.48
8,1.710601,9.769203,2.14e-04,49.71
9,1.694771,9.909434,1.05e-04,55.04
10,1.684558,9.869740,3.42e-05,60.53
11,1.679686,9.824602,1.00e-03,63.04
