epoch,train_loss,val_loss,lr,time
1,0.786508,2.264303,1.00e-03,95.58
2,0.519286,2.335307,9.76e-04,93.82
3,0.453026,2.348425,9.05e-04,94.71
4,0.414839,2.368181,7.96e-04,94.59
5,0.388786,2.359389,6.58e-04,91.99
6,0.368559,2.462055,5.05e-04,93.44
7,0.352212,2.416155,3.52e-04,94.61
8,0.338935,2.469103,2.14e-04,94.35
9,0.327932,2.459364,1.05e-04,94.56
10,0.319670,2.448332,3.42e-05,94.50
11,0.314913,2.465534,1.00e-03,95.00
