epoch,train_loss,val_loss,lr,time
1,0.850671,2.311817,1.00e-03,107.65
2,0.582500,2.275845,9.76e-04,101.50
3,0.512430,2.291699,9.05e-04,101.74
4,0.473171,2.385336,7.96e-04,102.15
5,0.446693,2.342325,6.58e-04,100.24
6,0.427296,2.364775,5.05e-04,101.14
7,0.411304,2.357341,3.52e-04,101.11
8,0.397579,2.378364,2.14e-04,101.16
9,0.386167,2.352371,1.05e-04,76.91
10,0.377098,2.360929,3.42e-05,63.04
11,0.372401,2.366881,1.00e-03,48.47
12,0.423557,2.322948,9.76e-04,69.43
