epoch,train_loss,val_loss,lr,time
1,1.544757,1.687180,1.00e-03,56.29
2,1.158524,1.429722,9.76e-04,56.55
3,1.065201,1.582852,9.05e-04,56.67
4,1.004292,1.643187,7.96e-04,56.90
5,0.955319,1.474180,6.58e-04,57.58
6,0.917153,1.482454,5.05e-04,57.48
7,0.884882,1.495474,3.52e-04,57.70
8,0.855316,1.500944,2.14e-04,56.60
9,0.831447,1.626424,1.05e-04,57.15
10,0.814934,1.510153,3.42e-05,57.11
11,0.803716,1.527985,1.00e-03,57.51
12,0.902086,1.525253,9.76e-04,57.33
