epoch,train_loss,val_loss,lr,time
1,0.842112,2.328400,1.00e-03,103.49
2,0.579137,2.246914,9.76e-04,96.69
3,0.516146,2.318189,9.05e-04,96.79
4,0.479758,2.307103,7.96e-04,97.24
5,0.453264,2.294806,6.58e-04,96.50
6,0.434806,2.279575,5.05e-04,97.16
7,0.418512,2.273611,3.52e-04,96.90
8,0.405034,2.278700,2.14e-04,96.53
9,0.393818,2.282896,1.05e-04,96.54
10,0.385693,2.300060,3.42e-05,72.78
11,0.380596,2.292251,1.00e-03,67.21
12,0.430858,2.259583,9.76e-04,73.64
