epoch,train_loss,val_loss,lr,time
1,0.001704,0.016457,9.76e-04,285.64
2,0.000625,0.017140,9.05e-04,283.88
3,0.000454,0.018941,7.96e-04,284.59
4,0.000364,0.019621,6.58e-04,227.90
5,0.000299,0.018322,5.05e-04,187.41
6,0.000259,0.017447,3.52e-04,187.71
7,0.000222,0.017554,2.14e-04,293.14
8,0.000200,0.017997,1.05e-04,227.68
9,0.000184,0.017718,3.42e-05,216.14
10,0.000175,0.017519,1.00e-03,214.72
11,0.000287,0.017946,9.76e-04,213.93
