epoch,train_loss,val_loss,lr,time
1,0.002817,0.003133,9.76e-04,218.18
2,0.000678,0.003934,9.05e-04,318.99
3,0.000455,0.003978,7.96e-04,320.50
4,0.000352,0.004544,6.58e-04,320.29
5,0.000289,0.004767,5.05e-04,320.38
6,0.000249,0.004107,3.52e-04,321.14
7,0.000218,0.003638,2.14e-04,320.36
8,0.000197,0.004304,1.05e-04,319.62
9,0.000181,0.004395,3.42e-05,319.13
10,0.000173,0.004393,1.00e-03,270.23
11,0.000269,0.005252,9.76e-04,213.60
