epoch,train_loss,val_loss,lr,time
1,0.001955,0.017427,9.76e-04,122.59
2,0.000736,0.016504,9.05e-04,125.11
3,0.000559,0.017687,7.96e-04,116.53
4,0.000465,0.017858,6.58e-04,150.43
5,0.000399,0.017533,5.05e-04,199.70
6,0.000349,0.017306,3.52e-04,249.05
7,0.000310,0.017651,2.14e-04,248.86
8,0.000279,0.016775,1.05e-04,247.07
9,0.000259,0.017397,3.42e-05,246.24
10,0.000247,0.017503,1.00e-03,245.89
11,0.000364,0.017895,9.76e-04,241.29
12,0.000330,0.018109,9.05e-04,250.38
