epoch,train_loss,val_loss,lr,time
1,0.001397,0.016038,9.76e-04,168.24
2,0.000527,0.016127,9.05e-04,234.50
3,0.000401,0.016062,7.96e-04,237.59
4,0.000322,0.016131,6.58e-04,237.43
5,0.000278,0.016101,5.05e-04,238.72
6,0.000245,0.016016,3.52e-04,237.00
7,0.000221,0.016032,2.14e-04,238.36
8,0.000204,0.016008,1.05e-04,237.21
9,0.000191,0.016062,3.42e-05,237.91
10,0.000185,0.016003,1.00e-03,237.46
11,0.000261,0.016087,9.76e-04,238.28
