epoch,train_loss,val_loss,lr,time
1,0.037089,0.036191,1.00e-03,560.58
2,0.033266,0.038438,9.76e-04,618.44
3,0.032950,0.035272,9.05e-04,696.17
