epoch,train_loss,val_loss,lr,time
1,0.001452,0.001911,9.76e-04,269.76
2,0.000467,0.002657,9.05e-04,274.36
3,0.000345,0.003627,7.96e-04,275.11
4,0.000280,0.002799,6.58e-04,271.22
5,0.000237,0.002882,5.05e-04,276.12
6,0.000207,0.002845,3.52e-04,275.72
7,0.000185,0.003425,2.14e-04,275.21
8,0.000167,0.002546,1.05e-04,269.50
9,0.000155,0.002071,3.42e-05,276.38
10,0.000149,0.002280,1.00e-03,276.24
11,0.000225,0.002165,9.76e-04,274.25
