epoch,train_loss,val_loss,lr,time
1,0.001018,0.015645,9.76e-04,310.03
2,0.000366,0.015573,9.05e-04,308.85
3,0.000272,0.015810,7.96e-04,308.65
4,0.000216,0.015585,6.58e-04,308.40
5,0.000183,0.015658,5.05e-04,304.57
6,0.000157,0.015658,3.52e-04,216.89
7,0.000140,0.015680,2.14e-04,185.30
8,0.000127,0.015884,1.05e-04,104.73
9,0.000118,0.015789,3.42e-05,105.67
10,0.000113,0.015909,1.00e-03,104.95
11,0.000164,0.016379,9.76e-04,104.11
