epoch,train_loss,val_loss,lr,time
1,0.876269,2.525539,1.00e-03,77.86
2,0.617913,2.617507,9.76e-04,77.29
3,0.553680,2.628810,9.05e-04,76.64
4,0.516995,2.676939,7.96e-04,76.98
5,0.490423,2.561058,6.58e-04,76.82
6,0.468186,2.566263,5.05e-04,76.80
7,0.451090,2.557255,3.52e-04,76.64
8,0.435462,2.572949,2.14e-04,76.54
9,0.423436,2.570816,1.05e-04,76.65
10,0.413850,2.561895,3.42e-05,76.74
11,0.408515,2.571703,1.00e-03,76.42
