epoch,train_loss,val_loss,lr,time
1,0.002139,0.014223,9.76e-04,421.62
2,0.000581,0.006348,9.05e-04,414.88
3,0.000415,0.006557,7.96e-04,414.74
4,0.000345,0.011200,6.58e-04,414.54
5,0.000277,0.008287,5.05e-04,414.48
6,0.000237,0.011600,3.52e-04,414.75
7,0.000206,0.011140,2.14e-04,414.47
8,0.000177,0.010657,1.05e-04,414.44
9,0.000160,0.010744,3.42e-05,414.88
10,0.000150,0.009833,1.00e-03,427.93
11,0.000268,0.009692,9.76e-04,414.35
12,0.000216,0.012068,9.05e-04,416.73
