epoch,train_loss,val_loss,lr,time
1,0.002999,0.002891,9.76e-04,61.82
2,0.001170,0.003219,9.05e-04,45.43
3,0.000933,0.002433,7.96e-04,34.34
4,0.000812,0.003687,6.58e-04,34.63
5,0.000702,0.003170,5.05e-04,34.99
6,0.000639,0.002529,3.52e-04,31.59
7,0.000583,0.003941,2.14e-04,34.34
8,0.000537,0.003243,1.05e-04,33.06
9,0.000513,0.003301,3.42e-05,34.87
