epoch,train_loss,val_loss,lr,time
1,0.010037,0.013954,9.76e-04,244.53
2,0.007206,0.013998,9.05e-04,243.98
3,0.006130,0.014072,7.96e-04,243.39
4,0.005499,0.014202,6.58e-04,244.50
5,0.005030,0.014357,5.05e-04,244.85
6,0.004665,0.014284,3.52e-04,244.26
7,0.004355,0.014778,2.14e-04,244.08
8,0.004137,0.014675,1.05e-04,246.48
9,0.003969,0.015071,3.42e-05,245.17
10,0.003885,0.014579,1.00e-03,244.34
11,0.004605,0.014816,9.76e-04,243.91
