epoch,train_loss,val_loss,lr,time
1,0.759559,2.632102,1.00e-03,76.22
2,0.511392,2.699423,9.76e-04,76.88
3,0.449716,2.681341,9.05e-04,76.18
4,0.414400,2.837867,7.96e-04,76.14
5,0.390269,2.797233,6.58e-04,74.99
6,0.371069,2.835801,5.05e-04,76.04
7,0.354801,2.894374,3.52e-04,77.15
8,0.341242,2.839018,2.14e-04,76.36
9,0.330330,2.893499,1.05e-04,76.35
10,0.321644,2.966118,3.42e-05,75.86
11,0.316845,2.921321,1.00e-03,75.79
