epoch,train_loss,val_loss,lr,time
1,0.002545,0.002561,9.76e-04,32.28
2,0.001259,0.002143,9.05e-04,34.30
3,0.001009,0.002126,7.96e-04,30.88
4,0.000873,0.002126,6.58e-04,31.64
5,0.000759,0.002278,5.05e-04,31.20
6,0.000687,0.002451,3.52e-04,31.17
7,0.000632,0.002077,2.14e-04,34.02
8,0.000597,0.002724,1.05e-04,34.16
