epoch,train_loss,val_loss,lr,time
1,0.000895,0.015495,9.76e-04,121.69
2,0.000251,0.015645,9.05e-04,121.92
3,0.000171,0.015397,7.96e-04,121.76
4,0.000117,0.015437,6.58e-04,122.06
5,0.000086,0.015522,5.05e-04,121.81
6,0.000062,0.015529,3.52e-04,121.78
7,0.000045,0.015445,2.14e-04,121.56
8,0.000035,0.015447,1.05e-04,121.62
9,0.000028,0.015478,3.42e-05,121.86
10,0.000024,0.015471,1.00e-03,121.50
11,0.000099,0.015448,9.76e-04,122.06
