epoch,train_loss,val_loss,lr,time
1,1.016806,2.440165,1.00e-03,59.98
2,0.730958,2.463357,9.76e-04,58.77
3,0.657315,2.433314,9.05e-04,59.41
4,0.614586,2.515754,7.96e-04,59.43
5,0.587657,2.514328,6.58e-04,58.93
6,0.566972,2.525406,5.05e-04,58.40
7,0.550436,2.518028,3.52e-04,59.47
8,0.536557,2.482787,2.14e-04,58.51
9,0.526049,2.516689,1.05e-04,58.61
10,0.518882,2.520191,3.42e-05,58.15
11,0.513482,2.523425,1.00e-03,58.65
12,0.552049,2.552239,9.76e-04,58.71
13,0.542751,2.548039,9.05e-04,55.70
