epoch,train_loss,val_loss,lr,time
1,0.002586,0.003006,9.76e-04,34.98
2,0.001214,0.002849,9.05e-04,31.22
3,0.000981,0.005108,7.96e-04,30.03
4,0.000852,0.003572,6.58e-04,30.98
5,0.000741,0.003713,5.05e-04,31.02
6,0.000670,0.003265,3.52e-04,34.21
7,0.000607,0.003429,2.14e-04,30.65
8,0.000570,0.003238,1.05e-04,30.53
