epoch,train_loss,val_loss,lr,time
1,0.000749,0.014469,9.76e-04,123.77
2,0.000199,0.014553,9.05e-04,125.95
3,0.000131,0.014621,7.96e-04,126.97
4,0.000084,0.014617,6.58e-04,125.50
5,0.000059,0.014500,5.05e-04,126.44
6,0.000041,0.014922,3.52e-04,125.39
7,0.000027,0.014869,2.14e-04,125.53
8,0.000020,0.015239,1.05e-04,126.82
9,0.000015,0.014899,3.42e-05,126.30
10,0.000013,0.014812,1.00e-03,123.58
11,0.000064,0.015455,9.76e-04,125.40
