epoch,train_loss,val_loss,lr,time
1,0.000952,0.015596,9.76e-04,391.07
2,0.000334,0.015738,9.05e-04,388.44
3,0.000243,0.015621,7.96e-04,389.96
4,0.000191,0.015959,6.58e-04,388.65
5,0.000156,0.016052,5.05e-04,389.94
6,0.000131,0.017790,3.52e-04,390.22
7,0.000112,0.015996,2.14e-04,386.91
8,0.000098,0.015972,1.05e-04,391.75
9,0.000089,0.016237,3.42e-05,392.18
10,0.000084,0.016085,1.00e-03,375.01
11,0.000139,0.016462,9.76e-04,262.83
