epoch,train_loss,val_loss,lr,time
1,0.879104,2.354162,1.00e-03,63.47
2,0.612146,2.344616,9.76e-04,54.83
3,0.545039,2.323298,9.05e-04,47.45
4,0.507691,2.378630,7.96e-04,51.34
5,0.479240,2.364609,6.58e-04,49.88
6,0.458837,2.339484,5.05e-04,49.43
7,0.441258,2.351957,3.52e-04,43.19
8,0.427204,2.345482,2.14e-04,50.73
9,0.414649,2.378610,1.05e-04,37.66
10,0.406056,2.380946,3.42e-05,47.77
11,0.400292,2.378201,1.00e-03,50.38
12,0.454678,2.441871,9.76e-04,51.58
13,0.445684,2.430566,9.05e-04,57.95
