epoch,train_loss,val_loss,lr,time
1,0.001184,0.016143,9.76e-04,196.51
2,0.000310,0.017311,9.05e-04,242.55
3,0.000204,0.016121,7.96e-04,244.08
4,0.000144,0.017534,6.58e-04,241.39
5,0.000116,0.016531,5.05e-04,239.36
6,0.000092,0.016249,3.52e-04,242.89
7,0.000074,0.016280,2.14e-04,242.84
8,0.000063,0.016827,1.05e-04,239.85
9,0.000056,0.016564,3.42e-05,240.76
10,0.000051,0.016596,1.00e-03,240.68
11,0.000116,0.016371,9.76e-04,191.28
