epoch,train_loss,val_loss,lr,time
1,0.001131,0.018281,9.76e-04,264.30
2,0.000465,0.015770,9.05e-04,291.59
3,0.000352,0.016080,7.96e-04,291.08
4,0.000282,0.017138,6.58e-04,291.69
5,0.000240,0.016064,5.05e-04,291.79
6,0.000206,0.016323,3.52e-04,291.40
7,0.000183,0.016660,2.14e-04,291.62
8,0.000165,0.016622,1.05e-04,291.87
9,0.000154,0.016847,3.42e-05,292.23
10,0.000147,0.016589,1.00e-03,292.56
11,0.000219,0.016420,9.76e-04,291.44
12,0.000195,0.016381,9.05e-04,291.73
