epoch,train_loss,val_loss,lr,time
1,0.001744,0.016373,9.76e-04,250.74
2,0.000561,0.019255,9.05e-04,236.16
3,0.000390,0.017273,7.96e-04,232.17
4,0.000304,0.017025,6.58e-04,232.75
5,0.000239,0.016882,5.05e-04,231.71
6,0.000195,0.018671,3.52e-04,230.01
7,0.000164,0.017663,2.14e-04,231.32
8,0.000144,0.017938,1.05e-04,227.99
9,0.000127,0.018034,3.42e-05,228.12
10,0.000119,0.018004,1.00e-03,230.55
11,0.000220,0.017780,9.76e-04,180.13
