epoch,train_loss,val_loss,lr,time
1,0.001333,0.016007,9.76e-04,271.53
2,0.000501,0.016024,9.05e-04,271.57
3,0.000374,0.016442,7.96e-04,270.90
4,0.000312,0.016404,6.58e-04,270.84
5,0.000272,0.016106,5.05e-04,253.04
6,0.000243,0.016412,3.52e-04,180.51
7,0.000221,0.016703,2.14e-04,174.33
8,0.000204,0.016568,1.05e-04,176.49
9,0.000193,0.016596,3.42e-05,178.52
10,0.000186,0.016549,1.00e-03,175.43
11,0.000253,0.016574,9.76e-04,241.98
