epoch,train_loss,val_loss,lr,time
1,0.001494,0.025583,9.76e-04,301.37
2,0.000540,0.017129,9.05e-04,300.51
3,0.000381,0.018912,7.96e-04,300.45
4,0.000295,0.020739,6.58e-04,300.04
5,0.000242,0.019532,5.05e-04,300.45
6,0.000204,0.020220,3.52e-04,300.43
7,0.000174,0.019822,2.14e-04,166.77
8,0.000153,0.020743,1.05e-04,118.83
9,0.000140,0.019717,3.42e-05,118.86
10,0.000132,0.020607,1.00e-03,118.93
11,0.000226,0.020529,9.76e-04,276.31
12,0.000195,0.018321,9.05e-04,330.71
