epoch,train_loss,val_loss,lr,time
1,2.593283,9.860593,1.00e-03,56.36
2,1.827696,9.892425,9.76e-04,60.23
3,1.729303,10.109515,9.05e-04,60.83
4,1.682534,9.889455,7.96e-04,52.89
5,1.649520,9.870883,6.58e-04,60.06
6,1.622238,9.968009,5.05e-04,41.63
7,1.603327,9.946364,3.52e-04,50.38
8,1.585357,10.011952,2.14e-04,50.36
9,1.573281,9.982954,1.05e-04,42.22
10,1.562345,9.922862,3.42e-05,58.09
11,1.559505,9.941160,1.00e-03,53.77
