epoch,train_loss,val_loss,lr,time
1,0.001092,0.016364,9.76e-04,320.15
2,0.000406,0.018106,9.05e-04,319.10
3,0.000306,0.017272,7.96e-04,318.28
4,0.000244,0.016652,6.58e-04,293.55
5,0.000202,0.017036,5.05e-04,325.05
6,0.000172,0.017234,3.52e-04,324.96
7,0.000148,0.017698,2.14e-04,324.90
8,0.000131,0.017672,1.05e-04,302.11
9,0.000120,0.017986,3.42e-05,215.95
10,0.000114,0.017691,1.00e-03,215.84
11,0.000181,0.017327,9.76e-04,216.24
