epoch,train_loss,val_loss,lr,time
1,0.000676,0.015068,9.76e-04,124.02
2,0.000197,0.014433,9.05e-04,124.34
3,0.000124,0.014530,7.96e-04,124.57
4,0.000083,0.015277,6.58e-04,124.20
5,0.000056,0.014861,5.05e-04,124.30
6,0.000039,0.014728,3.52e-04,126.61
7,0.000029,0.014617,2.14e-04,125.59
8,0.000020,0.014848,1.05e-04,126.35
9,0.000016,0.014721,3.42e-05,128.79
10,0.000013,0.014692,1.00e-03,124.78
11,0.000061,0.014915,9.76e-04,125.69
12,0.000040,0.016009,9.05e-04,126.60
