epoch,train_loss,val_loss,lr,time
1,0.001337,0.016530,9.76e-04,271.11
2,0.000524,0.016703,9.05e-04,273.55
3,0.000390,0.017239,7.96e-04,273.57
4,0.000314,0.017227,6.58e-04,273.80
5,0.000265,0.017614,5.05e-04,273.20
6,0.000229,0.017099,3.52e-04,273.43
7,0.000201,0.017669,2.14e-04,273.59
8,0.000180,0.018383,1.05e-04,273.23
9,0.000167,0.018024,3.42e-05,273.53
10,0.000159,0.017822,1.00e-03,273.63
11,0.000242,0.017744,9.76e-04,273.42
