epoch,train_loss,val_loss,lr,time
1,0.874740,2.304043,1.00e-03,39.22
2,0.639676,2.331343,9.76e-04,37.99
3,0.575785,2.288512,9.05e-04,38.81
4,0.539287,2.353926,7.96e-04,38.81
5,0.511451,2.391903,6.58e-04,38.32
6,0.489197,2.339111,5.05e-04,39.72
7,0.470530,2.349668,3.52e-04,39.88
8,0.455501,2.363817,2.14e-04,38.87
9,0.442562,2.357262,1.05e-04,40.45
10,0.432517,2.345537,3.42e-05,40.08
11,0.426450,2.323701,1.00e-03,40.65
12,0.475724,2.364781,9.76e-04,44.97
13,0.465209,2.387631,9.05e-04,43.47
