epoch,train_loss,val_loss,lr,time
1,0.001137,0.015854,9.76e-04,253.42
2,0.000509,0.015995,9.05e-04,292.26
3,0.000386,0.016184,7.96e-04,292.10
4,0.000315,0.017509,6.58e-04,291.79
5,0.000269,0.017283,5.05e-04,292.21
6,0.000232,0.016729,3.52e-04,291.94
7,0.000206,0.016822,2.14e-04,292.09
8,0.000185,0.017104,1.05e-04,292.07
9,0.000171,0.016751,3.42e-05,292.31
10,0.000163,0.016836,1.00e-03,292.58
11,0.000249,0.017455,9.76e-04,292.23
