epoch,train_loss,val_loss,lr,time
1,0.000973,0.016275,9.76e-04,123.03
2,0.000353,0.015702,9.05e-04,121.64
3,0.000264,0.016184,7.96e-04,121.08
4,0.000204,0.016193,6.58e-04,120.95
5,0.000165,0.016636,5.05e-04,121.15
6,0.000135,0.017273,3.52e-04,121.03
7,0.000115,0.017479,2.14e-04,121.91
8,0.000099,0.016964,1.05e-04,333.33
9,0.000089,0.017434,3.42e-05,390.19
10,0.000084,0.017435,1.00e-03,387.98
11,0.000149,0.017169,9.76e-04,389.58
12,0.000123,0.016674,9.05e-04,389.63
