epoch,train_loss,val_loss,lr,time
1,0.002358,0.001832,9.76e-04,30.92
2,0.001239,0.001578,9.05e-04,30.50
3,0.000977,0.001462,7.96e-04,30.98
4,0.000809,0.001373,6.58e-04,31.00
5,0.000704,0.001404,5.05e-04,32.51
6,0.000632,0.001318,3.52e-04,30.64
7,0.000579,0.001265,2.14e-04,31.00
8,0.000535,0.001411,1.05e-04,30.71
9,0.000511,0.001255,3.42e-05,33.58
10,0.000494,0.001261,1.00e-03,32.46
11,0.000617,0.001546,9.76e-04,34.06
12,0.000558,0.001403,9.05e-04,31.19
