epoch,train_loss,val_loss,lr,time
1,0.802391,2.272058,1.00e-03,64.55
2,0.516581,2.326403,9.76e-04,63.65
3,0.448088,2.376213,9.05e-04,63.29
4,0.411589,2.361944,7.96e-04,63.29
5,0.387202,2.375644,6.58e-04,63.36
6,0.368526,2.412745,5.05e-04,63.79
7,0.352582,2.365900,3.52e-04,63.06
8,0.339177,2.406596,2.14e-04,55.11
9,0.328435,2.389147,1.05e-04,47.05
10,0.320161,2.386363,3.42e-05,35.95
11,0.315226,2.400193,1.00e-03,40.86
