epoch,train_loss,val_loss,lr,time
1,0.003931,0.003523,9.76e-04,34.87
2,0.001488,0.003646,9.05e-04,33.00
3,0.001192,0.003355,7.96e-04,30.25
4,0.001028,0.003163,6.58e-04,30.39
5,0.000916,0.003912,5.05e-04,34.12
6,0.000832,0.003068,3.52e-04,34.14
7,0.000773,0.003416,2.14e-04,31.87
8,0.000730,0.003240,1.05e-04,30.42
9,0.000701,0.003598,3.42e-05,29.79
10,0.000688,0.003400,1.00e-03,30.23
