epoch,train_loss,val_loss,lr,time
1,0.001851,0.017026,9.76e-04,244.91
2,0.000549,0.017595,9.05e-04,243.13
3,0.000372,0.018990,7.96e-04,243.17
4,0.000271,0.022100,6.58e-04,243.11
5,0.000210,0.019735,5.05e-04,243.16
6,0.000165,0.018055,3.52e-04,242.94
7,0.000136,0.019127,2.14e-04,243.41
8,0.000111,0.018388,1.05e-04,242.68
9,0.000098,0.018472,3.42e-05,243.90
10,0.000090,0.018365,1.00e-03,243.43
11,0.000205,0.018591,9.76e-04,243.29
