epoch,train_loss,val_loss,lr,time
1,0.001307,0.016091,9.76e-04,291.89
2,0.000494,0.016628,9.05e-04,293.37
3,0.000376,0.016801,7.96e-04,292.69
4,0.000308,0.016478,6.58e-04,292.50
5,0.000258,0.016297,5.05e-04,292.55
6,0.000223,0.016482,3.52e-04,292.47
7,0.000195,0.016269,2.14e-04,292.57
8,0.000174,0.016601,1.05e-04,292.44
9,0.000161,0.016562,3.42e-05,292.79
10,0.000153,0.016570,1.00e-03,292.36
11,0.000237,0.016429,9.76e-04,292.50
