epoch,train_loss,val_loss,lr,time
1,0.003929,0.003767,9.76e-04,34.99
2,0.001499,0.003715,9.05e-04,34.01
3,0.001190,0.003257,7.96e-04,31.91
4,0.001021,0.003063,6.58e-04,29.45
5,0.000913,0.004105,5.05e-04,34.00
6,0.000828,0.003184,3.52e-04,30.50
7,0.000770,0.003393,2.14e-04,30.40
8,0.000722,0.003200,1.05e-04,30.85
9,0.000693,0.003625,3.42e-05,30.66
10,0.000677,0.003467,1.00e-03,30.86
