epoch,train_loss,val_loss,lr,time
1,0.000982,0.019143,9.76e-04,392.09
2,0.000342,0.015879,9.05e-04,390.65
3,0.000247,0.017605,7.96e-04,391.98
4,0.000189,0.019598,6.58e-04,390.61
5,0.000152,0.018318,5.05e-04,389.95
6,0.000127,0.018196,3.52e-04,388.12
7,0.000109,0.018832,2.14e-04,389.21
8,0.000095,0.018476,1.05e-04,390.86
9,0.000086,0.019205,3.42e-05,392.21
10,0.000081,0.019161,1.00e-03,392.15
11,0.000135,0.019061,9.76e-04,352.65
12,0.000115,0.019976,9.05e-04,216.64
