epoch,train_loss,val_loss,lr,time
1,0.004379,0.016369,9.76e-04,232.15
2,0.003796,0.015885,9.05e-04,392.22
3,0.003712,0.016120,7.96e-04,394.59
4,0.003661,0.017400,6.58e-04,394.85
5,0.003628,0.016512,5.05e-04,394.62
6,0.003603,0.016302,3.52e-04,391.19
7,0.003585,0.017073,2.14e-04,393.87
8,0.003572,0.016464,1.05e-04,393.87
9,0.003563,0.016912,3.42e-05,394.47
10,0.003558,0.016960,1.00e-03,393.81
11,0.003611,0.017013,9.76e-04,392.64
12,0.003592,0.016786,9.05e-04,314.12
