epoch,train_loss,val_loss,lr,time
1,0.003290,0.025061,9.76e-04,329.07
2,0.001914,0.025285,9.05e-04,327.45
3,0.001659,0.025654,7.96e-04,328.27
4,0.001509,0.025947,6.58e-04,328.53
5,0.001404,0.026494,5.05e-04,328.29
6,0.001321,0.026395,3.52e-04,293.15
7,0.001256,0.026401,2.14e-04,324.24
8,0.001206,0.026141,1.05e-04,326.64
9,0.001172,0.026346,3.42e-05,325.17
10,0.001150,0.026316,1.00e-03,325.50
11,0.001345,0.026035,9.76e-04,234.26
