level,signed_bias,steady_plateau_bias,mae,rmse
lv0,-0.002158862939621839,-0.0029369587621962032,0.01327563418696324,0.01746554724458191
lv4,-0.0015584541154870142,-0.002517434892070014,0.012993763045718273,0.017378351651132107
lv7,0.0001534513042618831,-0.001066895133893316,0.013157139221827189,0.017684814364959795
