epoch,train_loss,val_loss,lr,time
1,0.001424,0.016963,9.76e-04,329.17
2,0.000527,0.021579,9.05e-04,330.75
3,0.000373,0.017918,7.96e-04,330.76
4,0.000295,0.018188,6.58e-04,330.64
5,0.000244,0.018000,5.05e-04,330.80
6,0.000202,0.018067,3.52e-04,330.69
7,0.000175,0.018042,2.14e-04,330.63
8,0.000154,0.017857,1.05e-04,330.78
9,0.000140,0.017909,3.42e-05,331.04
10,0.000133,0.018190,1.00e-03,330.45
11,0.000228,0.017648,9.76e-04,330.86
