epoch,train_loss,val_loss,lr,time
1,0.000077,0.000199,9.76e-04,285.60
2,0.000032,0.000074,9.05e-04,295.25
3,0.000028,0.000074,7.96e-04,294.75
4,0.000024,0.000076,6.58e-04,294.58
5,0.000020,0.000076,5.05e-04,294.74
6,0.000017,0.000077,3.52e-04,294.59
7,0.000015,0.000081,2.14e-04,293.96
8,0.000013,0.000085,1.05e-04,294.30
9,0.000012,0.000080,3.42e-05,294.55
10,0.000011,0.000080,1.00e-03,294.47
11,0.000017,0.000077,9.76e-04,291.94
12,0.000015,0.000079,9.05e-04,223.32
