epoch,train_loss,val_loss,lr,time
1,0.002629,0.002822,9.76e-04,82.47
2,0.001335,0.002623,9.05e-04,82.45
3,0.001092,0.003524,7.96e-04,84.40
4,0.000951,0.002795,6.58e-04,82.84
5,0.000839,0.003686,5.05e-04,84.39
6,0.000762,0.003187,3.52e-04,83.28
7,0.000695,0.002865,2.14e-04,82.83
8,0.000649,0.002720,1.05e-04,80.96
