epoch,train_loss,val_loss,lr,time
1,0.002476,0.001940,9.76e-04,32.22
2,0.001210,0.001826,9.05e-04,33.45
3,0.000989,0.001541,7.96e-04,31.39
4,0.000854,0.001618,6.58e-04,31.75
5,0.000750,0.001519,5.05e-04,34.56
6,0.000677,0.001471,3.52e-04,34.27
7,0.000617,0.001472,2.14e-04,30.81
8,0.000585,0.001523,1.05e-04,30.92
9,0.000555,0.001487,3.42e-05,32.15
