epoch,train_loss,val_loss,lr,time
1,0.001151,0.016021,9.76e-04,220.55
2,0.000507,0.016355,9.05e-04,246.17
3,0.000391,0.017660,7.96e-04,272.23
4,0.000318,0.018432,6.58e-04,272.48
5,0.000272,0.017281,5.05e-04,272.27
6,0.000235,0.017739,3.52e-04,272.08
7,0.000208,0.017444,2.14e-04,271.83
8,0.000188,0.017809,1.05e-04,271.70
9,0.000173,0.017407,3.42e-05,271.91
10,0.000166,0.017493,1.00e-03,272.02
11,0.000249,0.016866,9.76e-04,271.53
