epoch,train_loss,val_loss,lr,time
1,0.002591,0.003190,9.76e-04,34.90
2,0.001276,0.003234,9.05e-04,33.61
3,0.001044,0.002866,7.96e-04,33.59
4,0.000910,0.003609,6.58e-04,34.20
5,0.000801,0.003757,5.05e-04,30.47
6,0.000731,0.003066,3.52e-04,30.57
7,0.000669,0.003151,2.14e-04,30.80
8,0.000627,0.003533,1.05e-04,32.36
9,0.000596,0.003190,3.42e-05,30.43
