epoch,train_loss,val_loss,lr,time
1,0.001242,0.016760,9.76e-04,260.28
2,0.000435,0.016363,9.05e-04,261.35
3,0.000332,0.016819,7.96e-04,260.96
4,0.000270,0.016540,6.58e-04,260.76
5,0.000229,0.016470,5.05e-04,260.87
6,0.000199,0.016654,3.52e-04,260.73
7,0.000178,0.016610,2.14e-04,260.93
8,0.000162,0.016827,1.05e-04,260.93
9,0.000150,0.016840,3.42e-05,260.55
10,0.000144,0.016899,1.00e-03,260.26
11,0.000208,0.016474,9.76e-04,261.19
12,0.000186,0.016991,9.05e-04,260.68
