epoch,train_loss,val_loss,lr,time
1,2.593968,9.927365,1.00e-03,63.20
2,1.905824,9.822467,9.76e-04,53.25
3,1.813428,9.776513,9.05e-04,56.72
4,1.765468,9.861529,7.96e-04,64.52
5,1.730480,9.861906,6.58e-04,62.60
6,1.707959,9.891553,5.05e-04,66.57
7,1.685889,9.925491,3.52e-04,59.88
8,1.666486,9.850410,2.14e-04,56.27
9,1.651909,9.856379,1.05e-04,57.69
10,1.646042,9.869583,3.42e-05,58.69
11,1.637818,9.861334,1.00e-03,61.01
12,1.682890,9.790444,9.76e-04,61.40
13,1.668699,9.826459,9.05e-04,56.10
