epoch,train_loss,val_loss,lr,time
1,0.780429,2.686394,1.00e-03,94.89
2,0.528634,2.796148,9.76e-04,93.00
3,0.466016,2.709624,9.05e-04,93.12
4,0.430560,2.804525,7.96e-04,90.25
5,0.405778,2.804594,6.58e-04,91.91
6,0.387983,2.775693,5.05e-04,93.13
7,0.371364,2.809036,3.52e-04,93.05
8,0.357486,2.760457,2.14e-04,92.94
9,0.346552,2.823536,1.05e-04,92.95
10,0.337472,2.838392,3.42e-05,92.95
11,0.332937,2.830551,1.00e-03,90.62
