epoch,train_loss,val_loss,lr,time
1,0.002883,0.010112,9.76e-04,35.84
2,0.001154,0.010368,9.05e-04,35.93
3,0.000925,0.014907,7.96e-04,31.96
4,0.000782,0.012344,6.58e-04,34.98
5,0.000687,0.011456,5.05e-04,31.94
6,0.000612,0.011118,3.52e-04,31.97
7,0.000558,0.011996,2.14e-04,33.17
