epoch,train_loss,val_loss,lr,time
1,0.002439,0.002799,9.76e-04,35.10
2,0.001156,0.002729,9.05e-04,31.60
3,0.000927,0.002350,7.96e-04,34.15
4,0.000787,0.002952,6.58e-04,31.26
5,0.000689,0.003505,5.05e-04,31.26
6,0.000622,0.002765,3.52e-04,31.31
7,0.000561,0.002708,2.14e-04,31.88
8,0.000521,0.003701,1.05e-04,31.30
9,0.000492,0.003423,3.42e-05,31.88
