epoch,train_loss,val_loss,lr,time
1,0.004597,0.002008,9.76e-04,155.08
2,0.002444,0.001286,9.05e-04,158.71
3,0.002296,0.003439,7.96e-04,156.43
4,0.002219,0.003275,6.58e-04,158.28
5,0.002159,0.001642,5.05e-04,156.49
6,0.002118,0.002776,3.52e-04,156.08
7,0.002070,0.002884,2.14e-04,156.26
8,0.002051,0.002421,1.05e-04,157.01
9,0.002021,0.001934,3.42e-05,156.82
10,0.002016,0.002190,1.00e-03,157.50
11,0.002150,0.001236,9.76e-04,157.73
12,0.002108,0.002004,9.05e-04,158.36
