epoch,train_loss,val_loss,lr,time
1,0.850742,2.305269,1.00e-03,99.83
2,0.589984,2.316464,9.76e-04,96.93
3,0.523772,2.319238,9.05e-04,96.50
4,0.484743,2.368210,7.96e-04,96.65
5,0.458700,2.321073,6.58e-04,96.59
6,0.438380,2.316405,5.05e-04,96.81
7,0.421736,2.323692,3.52e-04,96.57
8,0.407219,2.321428,2.14e-04,96.53
9,0.394094,2.347893,1.05e-04,96.76
10,0.385724,2.336466,3.42e-05,96.84
11,0.380925,2.343806,1.00e-03,96.44
