epoch,train_loss,val_loss,lr,time
1,0.002376,0.019982,9.76e-04,172.95
2,0.000896,0.016720,9.05e-04,164.57
3,0.000675,0.017028,7.96e-04,171.75
4,0.000550,0.017308,6.58e-04,166.47
5,0.000465,0.017844,5.05e-04,166.89
6,0.000410,0.017391,3.52e-04,172.37
7,0.000363,0.016898,2.14e-04,164.00
8,0.000330,0.016914,1.05e-04,166.30
9,0.000308,0.016940,3.42e-05,166.87
10,0.000297,0.016926,1.00e-03,163.90
11,0.000444,0.017369,9.76e-04,110.63
12,0.000402,0.017390,9.05e-04,93.71
