epoch,train_loss,val_loss,lr,time
1,0.012470,0.005043,9.76e-04,31.14
2,0.006679,0.004728,9.05e-04,30.40
3,0.005692,0.005186,7.96e-04,29.72
4,0.005215,0.004937,6.58e-04,30.47
5,0.004889,0.004871,5.05e-04,28.39
6,0.004683,0.004722,3.52e-04,28.02
7,0.004522,0.004804,2.14e-04,30.52
8,0.004473,0.005029,1.05e-04,29.92
