epoch,train_loss,val_loss,lr,time
1,0.003061,0.002204,9.76e-04,34.85
2,0.001260,0.002162,9.05e-04,31.52
3,0.001010,0.001937,7.96e-04,32.73
4,0.000867,0.002329,6.58e-04,33.34
5,0.000766,0.001864,5.05e-04,33.25
6,0.000690,0.003141,3.52e-04,33.63
7,0.000635,0.001939,2.14e-04,34.27
8,0.000588,0.002152,1.05e-04,31.52
9,0.000558,0.002010,3.42e-05,34.23
