epoch,train_loss,val_loss,lr,time
1,0.001422,0.015954,9.76e-04,277.63
2,0.000538,0.015824,9.05e-04,277.18
3,0.000401,0.016183,7.96e-04,276.91
4,0.000332,0.015840,6.58e-04,277.13
5,0.000283,0.015935,5.05e-04,275.27
6,0.000248,0.016083,3.52e-04,275.47
7,0.000224,0.016449,2.14e-04,275.51
8,0.000207,0.016142,1.05e-04,275.78
9,0.000195,0.016326,3.42e-05,275.62
10,0.000187,0.016311,1.00e-03,275.43
11,0.000265,0.016295,9.76e-04,208.45
12,0.000237,0.016157,9.05e-04,178.76
