epoch,train_loss,val_loss,lr,time
1,1.764427,10.071757,1.00e-03,64.22
2,1.066955,10.113624,9.76e-04,63.26
3,0.991856,10.106748,9.05e-04,62.98
4,0.953859,10.100047,7.96e-04,57.64
5,0.925279,10.103195,6.58e-04,59.81
6,0.902242,10.116809,5.05e-04,53.61
7,0.882031,10.097205,3.52e-04,59.59
8,0.866065,10.108977,2.14e-04,56.06
9,0.853683,10.084531,1.05e-04,56.86
10,0.842593,10.104703,3.42e-05,59.72
11,0.837352,10.115514,1.00e-03,60.33
