epoch,train_loss,val_loss,lr,time
1,0.003172,0.016561,9.76e-04,387.24
2,0.000460,0.017230,9.05e-04,384.35
3,0.000273,0.018115,7.96e-04,383.51
4,0.000190,0.017574,6.58e-04,387.75
5,0.000123,0.016954,5.05e-04,383.84
6,0.000094,0.018602,3.52e-04,384.32
7,0.000069,0.018066,2.14e-04,311.36
8,0.000053,0.018273,1.05e-04,258.84
9,0.000044,0.017764,3.42e-05,260.13
10,0.000040,0.017883,1.00e-03,261.87
11,0.000162,0.017592,9.76e-04,260.22
