epoch,train_loss,val_loss,lr,time
1,0.000074,0.000061,9.76e-04,271.47
2,0.000032,0.000059,9.05e-04,272.84
3,0.000029,0.000060,7.96e-04,272.45
4,0.000027,0.000066,6.58e-04,272.29
5,0.000024,0.000064,5.05e-04,272.39
6,0.000022,0.000065,3.52e-04,272.44
7,0.000020,0.000063,2.14e-04,272.21
8,0.000018,0.000067,1.05e-04,272.12
9,0.000017,0.000068,3.42e-05,272.99
10,0.000016,0.000068,1.00e-03,272.74
11,0.000022,0.000068,9.76e-04,270.98
