level,signed_bias,steady_plateau_bias,mae,rmse
lv0,-0.016607253320722118,-0.014270899675062133,0.035207557698918715,0.04471486351556248
lv4,-0.045342153403908014,-0.04235032480210066,0.059951274966200195,0.07365604117512703
lv7,-0.08635740944494803,-0.08545843977481127,0.10085898886124293,0.12157620117068291
