epoch,train_loss,val_loss,lr,time
1,0.002957,0.002129,9.76e-04,35.23
2,0.001180,0.002099,9.05e-04,31.81
3,0.000954,0.001875,7.96e-04,31.82
4,0.000807,0.001790,6.58e-04,31.87
5,0.000707,0.001774,5.05e-04,31.92
6,0.000630,0.001692,3.52e-04,34.69
7,0.000578,0.001473,2.14e-04,31.85
8,0.000536,0.001466,1.05e-04,31.86
9,0.000508,0.001413,3.42e-05,31.88
10,0.000495,0.001432,1.00e-03,31.68
11,0.000619,0.001450,9.76e-04,31.84
12,0.000553,0.001387,9.05e-04,35.26
13,0.000507,0.002047,7.96e-04,35.13
