epoch,train_loss,val_loss,lr,time
1,0.014906,0.008344,9.76e-04,32.04
2,0.007883,0.005175,9.05e-04,31.05
3,0.006252,0.005330,7.96e-04,28.17
4,0.005611,0.005084,6.58e-04,28.08
5,0.005285,0.005727,5.05e-04,28.16
6,0.005077,0.005138,3.52e-04,30.29
7,0.004970,0.005606,2.14e-04,30.36
8,0.004821,0.005361,1.05e-04,29.05
