level,signed_bias,steady_plateau_bias,mae,rmse
lv0,0.005946948412909276,0.006254180644949277,0.01745607051998377,0.0229087985224194
lv4,0.001936900254804641,0.0018491532440142084,0.01451352828492721,0.019359322885672253
lv7,0.001953922437678557,0.0019672199869091855,0.014772341276208559,0.019782834065457184
