level,signed_bias,steady_plateau_bias,mae,rmse
lv0,0.008403765943108333,0.007085603713575337,0.025956621290081076,0.0387701363199287
lv4,-0.025816116947680712,-0.026929397601634264,0.03864081731686989,0.052735899575054646
lv7,-0.05749750261505445,-0.05938111121455828,0.06590201581517856,0.08239147004981835
