epoch,train_loss,val_loss,lr,time
1,0.002389,0.001931,9.76e-04,31.10
2,0.001231,0.002492,9.05e-04,31.50
3,0.000956,0.001474,7.96e-04,31.53
4,0.000796,0.001632,6.58e-04,31.58
5,0.000694,0.002141,5.05e-04,33.41
6,0.000623,0.001585,3.52e-04,31.45
7,0.000569,0.001449,2.14e-04,31.53
8,0.000533,0.001498,1.05e-04,31.50
9,0.000505,0.001536,3.42e-05,30.93
