epoch,train_loss,val_loss,lr,time
1,0.770185,2.634259,1.00e-03,92.19
2,0.524196,2.659986,9.76e-04,91.37
3,0.457267,2.578003,9.05e-04,92.21
4,0.421683,2.795595,7.96e-04,92.19
5,0.395625,2.826923,6.58e-04,92.02
6,0.375682,2.793663,5.05e-04,92.13
7,0.359630,2.737292,3.52e-04,92.18
8,0.345386,2.806661,2.14e-04,92.06
9,0.333806,2.813929,1.05e-04,91.93
10,0.325462,2.830587,3.42e-05,91.94
11,0.320857,2.850714,1.00e-03,91.91
12,0.366397,2.835263,9.76e-04,90.18
13,0.357764,2.832248,9.05e-04,91.33
