epoch,train_loss,val_loss,lr,time
1,2.724031,9.681665,1.00e-03,62.56
2,2.001312,9.881842,9.76e-04,59.05
3,1.887610,9.789305,9.05e-04,62.91
4,1.830167,9.933368,7.96e-04,60.94
5,1.790456,9.808985,6.58e-04,55.50
6,1.760979,9.805423,5.05e-04,61.49
7,1.735116,9.878694,3.52e-04,65.99
8,1.716900,9.865267,2.14e-04,63.16
9,1.703307,9.929506,1.05e-04,58.27
10,1.691112,9.881540,3.42e-05,62.08
11,1.683954,9.862838,1.00e-03,68.35
