epoch,train_loss,val_loss,lr,time
1,0.012240,0.007037,9.76e-04,31.78
2,0.006188,0.005829,9.05e-04,30.69
3,0.005395,0.006755,7.96e-04,28.03
4,0.005094,0.006463,6.58e-04,30.92
5,0.004906,0.006234,5.05e-04,27.97
6,0.004729,0.006088,3.52e-04,28.16
7,0.004726,0.006324,2.14e-04,28.79
8,0.004602,0.005881,1.05e-04,28.15
