epoch,train_loss,val_loss,lr,time
1,0.000945,0.015624,9.76e-04,121.06
2,0.000336,0.015702,9.05e-04,350.46
3,0.000244,0.015815,7.96e-04,388.76
4,0.000191,0.015981,6.58e-04,389.51
5,0.000154,0.016374,5.05e-04,388.52
6,0.000130,0.016708,3.52e-04,389.88
7,0.000112,0.016208,2.14e-04,389.88
8,0.000099,0.016270,1.05e-04,387.23
9,0.000090,0.016480,3.42e-05,391.50
10,0.000085,0.016495,1.00e-03,392.71
11,0.000139,0.016300,9.76e-04,389.76
