epoch,train_loss,val_loss,lr,time
1,0.001494,0.003617,9.76e-04,378.01
2,0.000661,0.001630,9.05e-04,376.82
3,0.000515,0.001587,7.96e-04,376.88
4,0.000416,0.002627,6.58e-04,361.58
5,0.000348,0.001999,5.05e-04,375.41
6,0.000296,0.003481,3.52e-04,377.47
7,0.000258,0.002971,2.14e-04,376.48
8,0.000229,0.002782,1.05e-04,377.71
9,0.000208,0.002817,3.42e-05,376.25
10,0.000197,0.003032,1.00e-03,375.61
11,0.000317,0.003978,9.76e-04,376.74
12,0.000278,0.002277,9.05e-04,376.35
