epoch,train_loss,val_loss,lr,time
1,2.535135,9.776477,1.00e-03,64.80
2,1.825746,9.753959,9.76e-04,43.93
3,1.749410,9.737434,9.05e-04,60.06
4,1.703288,9.812369,7.96e-04,64.86
5,1.668850,9.796482,6.58e-04,63.20
6,1.642073,9.881472,5.05e-04,61.86
7,1.623353,9.842204,3.52e-04,49.34
8,1.606675,9.835959,2.14e-04,57.83
9,1.591221,9.856159,1.05e-04,58.93
10,1.583019,9.798286,3.42e-05,62.51
11,1.579564,9.857771,1.00e-03,60.97
12,1.620853,9.820639,9.76e-04,63.77
13,1.607077,9.818663,9.05e-04,65.57
