epoch,train_loss,val_loss,lr,time
1,0.000864,0.015792,9.76e-04,118.81
2,0.000252,0.015600,9.05e-04,119.07
3,0.000164,0.015557,7.96e-04,119.10
4,0.000114,0.015790,6.58e-04,118.77
5,0.000084,0.016258,5.05e-04,118.60
6,0.000059,0.016019,3.52e-04,118.90
7,0.000045,0.015728,2.14e-04,118.94
8,0.000034,0.015677,1.05e-04,118.71
9,0.000028,0.015787,3.42e-05,118.79
10,0.000024,0.015908,1.00e-03,118.66
11,0.000086,0.015950,9.76e-04,119.19
12,0.000064,0.016027,9.05e-04,118.93
