epoch,train_loss,val_loss,lr,time
1,0.001179,0.016332,9.76e-04,258.88
2,0.000480,0.016256,9.05e-04,259.66
3,0.000373,0.018002,7.96e-04,259.53
4,0.000312,0.017403,6.58e-04,259.69
5,0.000267,0.017192,5.05e-04,259.21
6,0.000238,0.016692,3.52e-04,259.58
7,0.000214,0.016705,2.14e-04,259.35
8,0.000196,0.017016,1.05e-04,259.32
9,0.000186,0.017157,3.42e-05,259.25
10,0.000178,0.017135,1.00e-03,259.48
11,0.000255,0.017443,9.76e-04,259.41
