epoch,train_loss,val_loss,lr,time
1,0.009847,0.016045,9.76e-04,247.47
2,0.007047,0.013278,9.05e-04,249.41
3,0.006144,0.013890,7.96e-04,249.25
4,0.005610,0.014381,6.58e-04,243.47
5,0.005186,0.013789,5.05e-04,251.42
6,0.004899,0.014866,3.52e-04,246.88
7,0.004652,0.015109,2.14e-04,246.25
8,0.004458,0.014224,1.05e-04,244.29
9,0.004332,0.014311,3.42e-05,247.77
10,0.004237,0.014018,1.00e-03,246.02
11,0.004869,0.013332,9.76e-04,216.53
12,0.004710,0.014074,9.05e-04,170.66
