epoch,train_loss,val_loss,lr,time
1,0.001005,0.016396,9.76e-04,304.13
2,0.000349,0.015605,9.05e-04,304.03
3,0.000254,0.015874,7.96e-04,304.05
4,0.000208,0.016037,6.58e-04,303.69
5,0.000175,0.016343,5.05e-04,303.74
6,0.000151,0.016074,3.52e-04,307.32
7,0.000135,0.016152,2.14e-04,303.79
8,0.000122,0.016167,1.05e-04,303.90
9,0.000114,0.016266,3.42e-05,304.47
10,0.000109,0.016245,1.00e-03,303.85
11,0.000160,0.015865,9.76e-04,289.47
12,0.000143,0.015980,9.05e-04,170.13
