epoch,train_loss,val_loss,lr,time
1,0.001075,0.016388,9.76e-04,327.11
2,0.000437,0.017002,9.05e-04,326.35
3,0.000332,0.017345,7.96e-04,325.57
4,0.000269,0.017025,6.58e-04,325.92
5,0.000225,0.017779,5.05e-04,326.04
6,0.000193,0.017794,3.52e-04,325.16
7,0.000169,0.017077,2.14e-04,321.48
8,0.000151,0.016770,1.05e-04,319.64
9,0.000139,0.016916,3.42e-05,319.41
10,0.000132,0.017045,1.00e-03,325.05
11,0.000207,0.016758,9.76e-04,323.52
