epoch,train_loss,val_loss,lr,time
1,0.001200,0.015940,9.76e-04,108.01
2,0.000369,0.015682,9.05e-04,102.93
3,0.000275,0.016330,7.96e-04,128.44
4,0.000221,0.016174,6.58e-04,202.57
5,0.000185,0.015730,5.05e-04,258.88
6,0.000160,0.016064,3.52e-04,303.44
7,0.000141,0.016334,2.14e-04,304.40
8,0.000130,0.016201,1.05e-04,304.18
9,0.000121,0.015975,3.42e-05,304.14
10,0.000115,0.016058,1.00e-03,303.77
11,0.000168,0.016073,9.76e-04,304.19
12,0.000152,0.015766,9.05e-04,303.51
