epoch,train_loss,val_loss,lr,time
1,0.001089,0.016454,9.76e-04,332.60
2,0.000397,0.015746,9.05e-04,332.47
3,0.000298,0.015707,7.96e-04,332.29
4,0.000243,0.016152,6.58e-04,332.72
5,0.000204,0.015879,5.05e-04,331.98
6,0.000177,0.015800,3.52e-04,332.20
7,0.000157,0.015911,2.14e-04,332.18
8,0.000142,0.016155,1.05e-04,332.10
9,0.000133,0.016157,3.42e-05,332.33
10,0.000127,0.016108,1.00e-03,331.00
11,0.000185,0.015831,9.76e-04,330.84
12,0.000164,0.016209,9.05e-04,269.15
