level,signed_bias,steady_plateau_bias,mae,rmse
lv0,-0.0571528465620109,-0.05803816393017769,0.07309574713664395,0.09158691178475108
