condition,level,mae,rmse,r2,signed_bias,std_error,steady_plateau_bias,steady_plateau_mae,onset_error,decay_error,trough_error_p05
accel_sine,lv0,0.11743898689746857,0.1413138508796692,0.8028038185839454,-0.10896015167236328,0.0899849385023117,-0.11016137897968292,0.11731738597154617,-0.1091650202870369,0.1335875242948532,-0.2666417956352234
decline_5deg,lv0,0.06521965563297272,0.09466192126274109,0.31267492992851065,-0.05575965717434883,0.0764966681599617,-0.055598847568035126,0.06499762833118439,-0.08423332870006561,-0.049623288214206696,-0.21341118216514587
incline_10deg,lv0,0.02594851143658161,0.03774908557534218,0.8594038285581884,0.01991228386759758,0.03207014873623848,0.01904509961605072,0.025045474991202354,0.0753544345498085,0.22799603641033173,-0.02128751017153263
level_100mps,lv0,0.08935622870922089,0.10250865668058395,0.5930907112965449,-0.08702173829078674,0.054177865386009216,-0.08799996972084045,0.08969694375991821,0.03530989587306976,-0.039654094725847244,-0.17562028765678406
level_125mps,lv0,0.0886940285563469,0.09602950513362885,0.7654615743252575,-0.08658239990472794,0.041534990072250366,-0.08674217760562897,0.08818914741277695,-0.03971265256404877,-0.10665885359048843,-0.14675673842430115
stopandgo,lv0,0.0625064093619585,0.08442268148064613,0.9593462471252918,-0.04082913137972355,0.07385831698775291,-0.042404936626553535,0.060879185795784,-0.020427792333066463,-0.04812458157539368,-0.17457560449838638
