model,subject,condition,level,trial,mae,rmse,r2,signed_bias,std_error,steady_plateau_bias,steady_plateau_mae,onset_error,decay_error,trough_error_p05
exp_NA_A9_D6_tvcf_roll18_og_screen_noassist_Test-m2_S006_seed42,m2_S006,level_100mps,lv0,trial_01,0.08935622870922089,0.10250865668058395,0.5930907112965449,-0.08702173829078674,0.054177865386009216,-0.08799996972084045,0.08969694375991821,0.03530989587306976,-0.039654094725847244,-0.17562028765678406
exp_NA_A9_D6_tvcf_roll18_og_screen_noassist_Test-m2_S006_seed42,m2_S006,level_125mps,lv0,trial_01,0.0886940285563469,0.09602950513362885,0.7654615743252575,-0.08658239990472794,0.041534990072250366,-0.08674217760562897,0.08818914741277695,-0.03971265256404877,-0.10665885359048843,-0.14675673842430115
exp_NA_A9_D6_tvcf_roll18_og_screen_noassist_Test-m2_S006_seed42,m2_S006,accel_sine,lv0,trial_01,0.11743898689746857,0.1413138508796692,0.8028038185839454,-0.10896015167236328,0.0899849385023117,-0.11016137897968292,0.11731738597154617,-0.1091650202870369,0.1335875242948532,-0.2666417956352234
exp_NA_A9_D6_tvcf_roll18_og_screen_noassist_Test-m2_S006_seed42,m2_S006,decline_5deg,lv0,trial_01,0.06521965563297272,0.09466192126274109,0.31267492992851065,-0.05575965717434883,0.0764966681599617,-0.055598847568035126,0.06499762833118439,-0.08423332870006561,-0.049623288214206696,-0.21341118216514587
exp_NA_A9_D6_tvcf_roll18_og_screen_noassist_Test-m2_S006_seed42,m2_S006,incline_10deg,lv0,trial_01,0.02594851143658161,0.03774908557534218,0.8594038285581884,0.01991228386759758,0.03207014873623848,0.01904509961605072,0.025045474991202354,0.0753544345498085,0.22799603641033173,-0.02128751017153263
exp_NA_A9_D6_tvcf_roll18_og_screen_noassist_Test-m2_S006_seed42,m2_S006,stopandgo,lv0,trial_01,0.06510742008686066,0.08802264928817749,0.9552425731075499,-0.04454993084073067,0.0759163349866867,-0.04800030589103699,0.06391878426074982,-0.012349927797913551,-0.04723411425948143,-0.17824602127075195
exp_NA_A9_D6_tvcf_roll18_og_screen_noassist_Test-m2_S006_seed42,m2_S006,stopandgo,lv0,trial_02,0.05990539863705635,0.08082271367311478,0.9634499211430338,-0.03710833191871643,0.07180029898881912,-0.036809567362070084,0.057839587330818176,-0.028505656868219376,-0.04901504889130592,-0.1709051877260208
