epoch,train_loss,val_loss,lr,time
1,0.001195,0.016024,9.76e-04,293.64
2,0.000489,0.017084,9.05e-04,293.16
3,0.000370,0.016364,7.96e-04,292.99
4,0.000299,0.016409,6.58e-04,292.20
5,0.000250,0.016191,5.05e-04,292.76
6,0.000213,0.016380,3.52e-04,292.44
7,0.000187,0.016323,2.14e-04,292.57
8,0.000166,0.016330,1.05e-04,292.49
9,0.000154,0.016354,3.42e-05,292.77
10,0.000146,0.016443,1.00e-03,292.83
11,0.000225,0.016529,9.76e-04,291.86
