epoch,train_loss,val_loss,lr,time
1,1.014612,2.312720,1.00e-03,59.14
2,0.736642,2.294388,9.76e-04,58.26
3,0.664639,2.265104,9.05e-04,58.48
4,0.625376,2.314357,7.96e-04,58.26
5,0.599690,2.305302,6.58e-04,58.24
6,0.580499,2.326981,5.05e-04,58.64
7,0.564837,2.333515,3.52e-04,59.33
8,0.552067,2.349482,2.14e-04,57.99
9,0.541524,2.314602,1.05e-04,59.14
10,0.533938,2.345483,3.42e-05,59.42
11,0.529269,2.353815,1.00e-03,58.84
12,0.568193,2.283341,9.76e-04,58.39
13,0.559822,2.397074,9.05e-04,58.30
