epoch,train_loss,val_loss,lr,time
1,0.002600,0.011220,9.76e-04,31.70
2,0.001229,0.013708,9.05e-04,34.59
3,0.000989,0.013313,7.96e-04,33.40
4,0.000863,0.013155,6.58e-04,33.79
5,0.000764,0.012796,5.05e-04,32.68
6,0.000690,0.014440,3.52e-04,34.35
7,0.000637,0.012738,2.14e-04,32.53
