epoch,train_loss,val_loss,lr,time
1,0.003237,0.006464,9.76e-04,122.94
2,0.001137,0.004236,9.05e-04,122.16
3,0.000876,0.002356,7.96e-04,121.73
4,0.000754,0.002789,6.58e-04,121.75
5,0.000669,0.002028,5.05e-04,121.76
6,0.000605,0.001655,3.52e-04,121.85
7,0.000551,0.001929,2.14e-04,122.03
8,0.000516,0.001934,1.05e-04,122.64
9,0.000493,0.001880,3.42e-05,122.64
10,0.000472,0.001905,1.00e-03,121.98
11,0.000587,0.001833,9.76e-04,122.86
12,0.000537,0.001996,9.05e-04,120.70
