level,signed_bias,steady_plateau_bias,mae,rmse
lv0,0.0032525325789012844,0.0031985479096571603,0.01974611398246553,0.026288653620415263
lv4,0.004680658089152227,0.004123453623227154,0.018209991821398337,0.024734722450375557
lv7,0.003945004932271938,0.002996098333824193,0.01917535997927189,0.026014094551404316
