epoch,train_loss,val_loss,lr,time
1,0.002713,0.002658,9.76e-04,210.97
2,0.000550,0.006416,9.05e-04,127.76
3,0.000307,0.003610,7.96e-04,193.23
4,0.000211,0.003531,6.58e-04,212.50
5,0.000147,0.003928,5.05e-04,213.03
6,0.000115,0.004481,3.52e-04,213.13
7,0.000088,0.004492,2.14e-04,213.23
8,0.000070,0.003963,1.05e-04,212.75
9,0.000060,0.003741,3.42e-05,259.74
10,0.000054,0.004102,1.00e-03,319.03
11,0.000142,0.004181,9.76e-04,319.50
