epoch,train_loss,val_loss,lr,time
1,0.013882,0.006644,9.76e-04,31.64
2,0.005409,0.006089,9.05e-04,28.29
3,0.004375,0.004688,7.96e-04,30.72
4,0.003961,0.005254,6.58e-04,30.56
5,0.003722,0.004361,5.05e-04,30.64
6,0.003581,0.005311,3.52e-04,30.50
7,0.003491,0.004440,2.14e-04,28.37
8,0.003391,0.004931,1.05e-04,29.88
9,0.003327,0.004873,3.42e-05,30.65
10,0.003331,0.004629,1.00e-03,28.34
11,0.003478,0.005448,9.76e-04,29.52
