epoch,train_loss,val_loss,lr,time
1,0.004256,0.002351,9.76e-04,32.51
2,0.001566,0.001873,9.05e-04,30.62
3,0.001253,0.001615,7.96e-04,31.07
4,0.001083,0.001416,6.58e-04,31.10
5,0.000968,0.001490,5.05e-04,31.06
6,0.000896,0.001427,3.52e-04,31.02
7,0.000828,0.001490,2.14e-04,34.03
8,0.000785,0.001507,1.05e-04,33.78
9,0.000752,0.001467,3.42e-05,30.44
10,0.000731,0.001557,1.00e-03,30.93
