epoch,train_loss,val_loss,lr,time
1,0.003906,0.003938,9.76e-04,35.13
2,0.001483,0.003605,9.05e-04,34.34
3,0.001193,0.003166,7.96e-04,32.55
4,0.001021,0.003298,6.58e-04,34.23
5,0.000904,0.003719,5.05e-04,31.74
6,0.000815,0.002880,3.52e-04,31.70
7,0.000751,0.003256,2.14e-04,30.46
8,0.000703,0.002984,1.05e-04,30.52
9,0.000675,0.003249,3.42e-05,30.55
10,0.000658,0.003272,1.00e-03,32.80
11,0.000768,0.003443,9.76e-04,34.18
12,0.000697,0.003301,9.05e-04,30.56
