epoch,train_loss,val_loss,lr,time
1,0.000085,0.000218,9.76e-04,274.96
2,0.000040,0.000112,9.05e-04,274.71
3,0.000036,0.000064,7.96e-04,273.09
4,0.000033,0.000087,6.58e-04,272.48
5,0.000031,0.000096,5.05e-04,272.14
6,0.000029,0.000095,3.52e-04,272.14
7,0.000028,0.000113,2.14e-04,273.51
8,0.000026,0.000115,1.05e-04,272.41
9,0.000025,0.000111,3.42e-05,272.15
10,0.000025,0.000117,1.00e-03,272.51
11,0.000030,0.000095,9.76e-04,272.28
12,0.000029,0.000105,9.05e-04,272.33
