epoch,train_loss,val_loss,lr,time
1,0.000074,0.000128,9.76e-04,328.23
2,0.000031,0.000101,9.05e-04,329.94
3,0.000027,0.000085,7.96e-04,330.25
4,0.000022,0.000107,6.58e-04,329.70
5,0.000017,0.000089,5.05e-04,329.77
6,0.000014,0.000082,3.52e-04,329.36
7,0.000011,0.000085,2.14e-04,329.55
8,0.000010,0.000078,1.05e-04,328.98
9,0.000009,0.000080,3.42e-05,329.05
10,0.000008,0.000082,1.00e-03,329.20
11,0.000014,0.000077,9.76e-04,326.76
