level,signed_bias,steady_plateau_bias,mae,rmse
lv0,0.015927143084506195,0.014717616761724154,0.026070244403349027,0.0346870022929377
lv4,0.012063261276731888,0.010366700783682367,0.023423238346974056,0.03145891583214203
lv7,0.013251855115716657,0.01047352961419771,0.025197351661821205,0.03419730688134829
