epoch,train_loss,val_loss,lr,time
1,0.845785,2.365845,1.00e-03,47.87
2,0.585133,2.405421,9.76e-04,47.44
3,0.522194,2.338907,9.05e-04,47.26
4,0.487255,2.402350,7.96e-04,47.77
5,0.460326,2.360901,6.58e-04,47.57
6,0.441748,2.373879,5.05e-04,47.68
7,0.425050,2.396213,3.52e-04,48.26
8,0.409681,2.371822,2.14e-04,47.68
9,0.398474,2.374968,1.05e-04,47.83
10,0.389352,2.361500,3.42e-05,47.71
11,0.384313,2.358661,1.00e-03,47.68
12,0.435469,2.405711,9.76e-04,47.58
13,0.426755,2.375426,9.05e-04,47.38
