epoch,train_loss,val_loss,lr,time
1,0.003553,0.005484,9.76e-04,34.82
2,0.001422,0.003619,9.05e-04,33.99
3,0.001124,0.003528,7.96e-04,29.61
4,0.000958,0.003324,6.58e-04,30.89
5,0.000846,0.002628,5.05e-04,30.85
6,0.000763,0.002471,3.52e-04,30.91
7,0.000703,0.003322,2.14e-04,33.56
8,0.000663,0.003163,1.05e-04,30.02
9,0.000633,0.002967,3.42e-05,30.88
10,0.000619,0.002791,1.00e-03,30.35
11,0.000731,0.003468,9.76e-04,30.33
12,0.000669,0.003616,9.05e-04,33.63
