epoch,train_loss,val_loss,lr,time
1,1.000455,2.326917,1.00e-03,55.08
2,0.729451,2.304349,9.76e-04,57.25
3,0.668359,2.212203,9.05e-04,65.99
4,0.630691,2.284900,7.96e-04,67.14
5,0.605026,2.317933,6.58e-04,67.27
6,0.585155,2.288929,5.05e-04,66.42
7,0.567622,2.303149,3.52e-04,65.44
8,0.554466,2.253800,2.14e-04,59.41
9,0.543519,2.253114,1.05e-04,46.65
10,0.536005,2.252211,3.42e-05,46.84
11,0.530432,2.258151,1.00e-03,47.30
12,0.571057,2.255383,9.76e-04,48.84
13,0.562040,2.247105,9.05e-04,46.35
