epoch,train_loss,val_loss,lr,time
1,0.001231,0.016439,9.76e-04,255.26
2,0.000423,0.017190,9.05e-04,259.82
3,0.000315,0.016342,7.96e-04,260.34
4,0.000260,0.018219,6.58e-04,256.65
5,0.000223,0.016505,5.05e-04,259.31
6,0.000198,0.016587,3.52e-04,258.63
7,0.000178,0.017102,2.14e-04,257.81
8,0.000163,0.017289,1.05e-04,257.37
9,0.000154,0.017475,3.42e-05,257.61
10,0.000147,0.017164,1.00e-03,258.28
11,0.000208,0.017420,9.76e-04,256.02
