epoch,train_loss,val_loss,lr,time
1,0.002493,0.002087,9.76e-04,35.43
2,0.001296,0.001636,9.05e-04,31.01
3,0.001059,0.001530,7.96e-04,31.63
4,0.000900,0.001419,6.58e-04,30.59
5,0.000794,0.001444,5.05e-04,34.22
6,0.000712,0.001457,3.52e-04,34.06
7,0.000653,0.001410,2.14e-04,30.74
8,0.000607,0.001349,1.05e-04,31.10
9,0.000576,0.001364,3.42e-05,34.13
10,0.000560,0.001357,1.00e-03,34.24
