epoch,train_loss,val_loss,lr,time
1,0.033834,0.052206,9.76e-04,312.89
2,0.023790,0.066858,9.05e-04,312.49
3,0.019424,0.058852,7.96e-04,259.86
4,0.016557,0.060526,6.58e-04,217.60
5,0.014195,0.060879,5.05e-04,217.45
6,0.012570,0.063819,3.52e-04,216.96
7,0.011295,0.062995,2.14e-04,217.56
8,0.010275,0.063041,1.05e-04,341.96
9,0.009611,0.064454,3.42e-05,348.45
10,0.009260,0.063278,1.00e-03,320.19
11,0.012993,0.056971,9.76e-04,261.52
