epoch,train_loss,val_loss,lr,time
1,0.002358,0.002926,9.76e-04,31.29
2,0.001091,0.002008,9.05e-04,31.34
3,0.000900,0.003552,7.96e-04,31.36
4,0.000803,0.002567,6.58e-04,31.39
5,0.000703,0.001820,5.05e-04,31.44
6,0.000640,0.002181,3.52e-04,34.49
7,0.000584,0.002228,2.14e-04,30.86
8,0.000553,0.002167,1.05e-04,32.86
9,0.000525,0.002137,3.42e-05,31.43
10,0.000511,0.002160,1.00e-03,34.45
11,0.000631,0.001945,9.76e-04,34.09
