epoch,train_loss,val_loss,lr,time
1,0.012270,0.005122,9.76e-04,27.85
2,0.006706,0.004803,9.05e-04,28.34
3,0.005626,0.004273,7.96e-04,28.39
4,0.005170,0.004923,6.58e-04,28.87
5,0.004927,0.004302,5.05e-04,27.80
6,0.004726,0.004516,3.52e-04,28.47
7,0.004588,0.003844,2.14e-04,29.95
8,0.004505,0.003968,1.05e-04,27.15
9,0.004466,0.003950,3.42e-05,28.13
10,0.004438,0.004021,1.00e-03,30.64
11,0.004641,0.005140,9.76e-04,28.31
12,0.004542,0.004499,9.05e-04,28.52
13,0.004443,0.004100,7.96e-04,28.41
