epoch,train_loss,val_loss,lr,time
1,0.013285,0.004039,9.76e-04,31.57
2,0.005210,0.002235,9.05e-04,30.41
3,0.004292,0.003263,7.96e-04,29.82
4,0.003868,0.002918,6.58e-04,28.43
5,0.003662,0.002649,5.05e-04,29.89
6,0.003542,0.002474,3.52e-04,31.35
7,0.003463,0.004631,2.14e-04,31.29
8,0.003365,0.002736,1.05e-04,30.32
