epoch,train_loss,val_loss,lr,time
1,0.000860,0.018209,9.76e-04,124.03
2,0.000236,0.018517,9.05e-04,124.26
3,0.000151,0.018748,7.96e-04,124.12
4,0.000105,0.019205,6.58e-04,123.89
5,0.000071,0.019261,5.05e-04,124.43
6,0.000048,0.018951,3.52e-04,125.22
7,0.000034,0.018992,2.14e-04,125.28
8,0.000024,0.019189,1.05e-04,124.35
9,0.000019,0.019220,3.42e-05,124.15
10,0.000016,0.019092,1.00e-03,124.27
11,0.000079,0.019272,9.76e-04,124.18
