level,signed_bias,steady_plateau_bias,mae,rmse
lv0,-0.009974740290393433,-0.011252548183417983,0.021037053730752733,0.027221389528777864
lv4,-0.029173215695967276,-0.03279509969676534,0.03908615683515867,0.05024959798902273
lv7,-0.06516940363993247,-0.07201011991128325,0.0748429549857974,0.09166610489288966
