epoch,train_loss,val_loss,lr,time
1,0.011490,0.004211,9.76e-04,28.42
2,0.005178,0.004758,9.05e-04,29.26
3,0.004281,0.004205,7.96e-04,31.00
4,0.003823,0.003615,6.58e-04,28.34
5,0.003607,0.003862,5.05e-04,31.43
6,0.003465,0.004127,3.52e-04,28.35
7,0.003361,0.003575,2.14e-04,29.08
8,0.003283,0.003589,1.05e-04,27.94
9,0.003235,0.003688,3.42e-05,30.01
10,0.003194,0.003671,1.00e-03,30.03
