epoch,train_loss,val_loss,lr,time
1,0.011593,0.002795,9.76e-04,28.13
2,0.005100,0.001991,9.05e-04,30.64
3,0.004231,0.002037,7.96e-04,31.19
4,0.003812,0.001635,6.58e-04,30.03
5,0.003593,0.001410,5.05e-04,29.78
6,0.003465,0.001586,3.52e-04,31.20
7,0.003361,0.001645,2.14e-04,31.05
8,0.003305,0.001669,1.05e-04,28.93
9,0.003246,0.001498,3.42e-05,31.03
10,0.003226,0.001395,1.00e-03,28.85
11,0.003405,0.001745,9.76e-04,30.72
