epoch,train_loss,val_loss,lr,time
1,0.000909,0.015688,9.76e-04,299.97
2,0.000368,0.017375,9.05e-04,299.88
3,0.000279,0.016088,7.96e-04,299.96
4,0.000223,0.016056,6.58e-04,299.87
5,0.000182,0.015913,5.05e-04,299.80
6,0.000153,0.016086,3.52e-04,299.79
7,0.000131,0.016891,2.14e-04,299.73
8,0.000116,0.017278,1.05e-04,299.86
9,0.000105,0.016667,3.42e-05,299.97
10,0.000099,0.016876,1.00e-03,299.99
11,0.000166,0.016131,9.76e-04,299.95
