epoch,train_loss,val_loss,lr,time
1,3.278826,8.193533,1.00e-03,113.29
2,2.577877,8.300226,9.76e-04,119.41
3,2.448977,8.472598,9.05e-04,99.24
4,2.377840,8.510210,7.96e-04,104.72
5,2.329429,8.321983,6.58e-04,107.64
6,2.288670,8.465331,5.05e-04,99.40
7,2.250607,8.346126,3.52e-04,89.29
8,2.225700,8.422166,2.14e-04,112.10
9,2.198635,8.493187,1.05e-04,75.77
10,2.178199,8.427174,3.42e-05,85.36
11,2.168697,8.375801,1.00e-03,94.61
