epoch,train_loss,val_loss,lr,time
1,0.001579,0.003354,9.76e-04,276.35
2,0.000593,0.001828,9.05e-04,298.12
3,0.000430,0.001906,7.96e-04,294.59
4,0.000343,0.002692,6.58e-04,290.70
5,0.000303,0.003117,5.05e-04,293.25
6,0.000263,0.002044,3.52e-04,295.32
7,0.000230,0.001795,2.14e-04,292.44
8,0.000209,0.002497,1.05e-04,291.49
9,0.000193,0.002500,3.42e-05,294.09
10,0.000185,0.002355,1.00e-03,291.34
11,0.000277,0.003974,9.76e-04,292.58
12,0.000247,0.002779,9.05e-04,291.21
