epoch,train_loss,val_loss,lr,time
1,0.000092,0.000062,9.76e-04,271.97
2,0.000033,0.000068,9.05e-04,272.83
3,0.000029,0.000073,7.96e-04,271.79
4,0.000027,0.000067,6.58e-04,272.81
5,0.000024,0.000064,5.05e-04,271.95
6,0.000021,0.000069,3.52e-04,272.66
7,0.000019,0.000071,2.14e-04,272.87
8,0.000017,0.000078,1.05e-04,271.82
9,0.000016,0.000070,3.42e-05,272.86
10,0.000016,0.000073,1.00e-03,273.23
11,0.000021,0.000076,9.76e-04,266.12
