epoch,train_loss,val_loss,lr,time
1,0.001185,0.015294,1.00e-03,156.10
2,0.000355,0.015517,9.76e-04,156.73
3,0.000264,0.015431,9.05e-04,155.91
4,0.000201,0.015411,7.96e-04,156.26
5,0.000159,0.015202,6.58e-04,155.65
6,0.000127,0.015407,5.05e-04,156.83
7,0.000099,0.015363,3.52e-04,156.18
8,0.000079,0.015317,2.14e-04,155.20
9,0.000064,0.015276,1.05e-04,156.66
10,0.000054,0.015314,3.42e-05,156.68
11,0.000048,0.015351,1.00e-03,156.85
