epoch,train_loss,val_loss,lr,time
1,0.001359,0.016045,9.76e-04,270.90
2,0.000526,0.017075,9.05e-04,273.54
3,0.000398,0.017211,7.96e-04,273.54
4,0.000327,0.019929,6.58e-04,273.38
5,0.000278,0.017134,5.05e-04,273.09
6,0.000239,0.017469,3.52e-04,273.87
7,0.000211,0.016504,2.14e-04,273.65
8,0.000190,0.017868,1.05e-04,273.32
9,0.000176,0.018123,3.42e-05,273.44
10,0.000168,0.017851,1.00e-03,273.37
11,0.000253,0.016499,9.76e-04,273.48
