epoch,train_loss,val_loss,lr,time
1,0.849597,2.320751,1.00e-03,271.75
2,0.618546,2.440848,9.76e-04,260.83
3,0.556724,2.506257,9.05e-04,251.76
4,0.519014,2.459237,7.96e-04,256.62
5,0.491718,2.465592,6.58e-04,259.14
6,0.469401,2.425434,5.05e-04,260.26
7,0.450283,2.504497,3.52e-04,256.89
8,0.434416,2.398031,2.14e-04,264.67
9,0.421416,2.438765,1.05e-04,260.75
10,0.410993,2.424432,3.42e-05,262.22
11,0.406519,2.436303,1.00e-03,266.82
