epoch,train_loss,val_loss,lr,time
1,1.798177,1.807629,1.00e-03,55.57
2,1.380613,1.577945,9.76e-04,56.37
3,1.283272,1.756110,9.05e-04,56.08
4,1.223895,1.829998,7.96e-04,56.58
5,1.177869,1.715327,6.58e-04,56.79
6,1.142875,1.889903,5.05e-04,56.68
7,1.112249,1.774493,3.52e-04,56.70
8,1.085344,1.793165,2.14e-04,56.53
9,1.067073,1.714851,1.05e-04,56.10
10,1.050553,1.665925,3.42e-05,56.22
11,1.042521,1.709416,1.00e-03,56.75
12,1.118338,1.701006,9.76e-04,56.73
