epoch,train_loss,val_loss,lr,time
1,0.002393,0.002168,9.76e-04,31.10
2,0.001271,0.001861,9.05e-04,31.13
3,0.001020,0.001536,7.96e-04,34.14
4,0.000853,0.001440,6.58e-04,31.30
5,0.000740,0.001516,5.05e-04,33.24
6,0.000658,0.001469,3.52e-04,33.82
7,0.000598,0.001529,2.14e-04,31.17
8,0.000554,0.001561,1.05e-04,31.21
9,0.000525,0.001512,3.42e-05,34.65
