epoch,train_loss,val_loss,lr,time
1,0.001309,0.017662,9.76e-04,284.11
2,0.000483,0.018473,9.05e-04,290.57
3,0.000360,0.019515,7.96e-04,290.43
4,0.000287,0.019221,6.58e-04,290.16
5,0.000240,0.020643,5.05e-04,289.78
6,0.000205,0.019279,3.52e-04,290.31
7,0.000180,0.019066,2.14e-04,289.25
8,0.000162,0.019706,1.05e-04,289.76
9,0.000149,0.019603,3.42e-05,290.15
10,0.000142,0.019482,1.00e-03,290.24
11,0.000221,0.019399,9.76e-04,290.42
