epoch,train_loss,val_loss,lr,time
1,0.884467,2.629962,1.00e-03,103.22
2,0.633955,2.549944,9.76e-04,94.90
3,0.570549,2.529041,9.05e-04,96.06
4,0.529460,2.544994,7.96e-04,96.39
5,0.499773,2.541084,6.58e-04,96.04
6,0.477367,2.580804,5.05e-04,95.91
7,0.457976,2.566087,3.52e-04,95.99
8,0.442560,2.599953,2.14e-04,95.97
9,0.428811,2.571955,1.05e-04,95.86
10,0.420125,2.584052,3.42e-05,96.45
11,0.414018,2.585410,1.00e-03,96.26
12,0.466493,2.605147,9.76e-04,94.21
13,0.456366,2.610448,9.05e-04,94.91
