epoch,train_loss,val_loss,lr,time
1,0.857876,2.541540,1.00e-03,98.74
2,0.597381,2.549741,9.76e-04,96.66
3,0.531886,2.592665,9.05e-04,95.81
4,0.492885,2.623431,7.96e-04,96.25
5,0.463406,2.604789,6.58e-04,96.40
6,0.443181,2.619845,5.05e-04,96.05
7,0.425248,2.642800,3.52e-04,95.11
8,0.411342,2.610378,2.14e-04,95.09
9,0.399036,2.594569,1.05e-04,93.92
10,0.390219,2.621470,3.42e-05,95.40
11,0.385018,2.616882,1.00e-03,96.44
