epoch,train_loss,val_loss,lr,time
1,0.001203,0.016340,9.76e-04,284.32
2,0.000410,0.016224,9.05e-04,281.72
3,0.000305,0.017030,7.96e-04,282.69
4,0.000250,0.017252,6.58e-04,280.67
5,0.000216,0.016365,5.05e-04,283.64
6,0.000189,0.016536,3.52e-04,280.15
7,0.000170,0.016509,2.14e-04,282.86
8,0.000156,0.016775,1.05e-04,280.30
9,0.000146,0.016864,3.42e-05,280.54
10,0.000140,0.016717,1.00e-03,280.58
11,0.000199,0.016355,9.76e-04,243.82
12,0.000180,0.017005,9.05e-04,184.71
