epoch,train_loss,val_loss,lr,time
1,0.002440,0.001316,9.76e-04,35.67
2,0.001123,0.001433,9.05e-04,30.19
3,0.000913,0.001161,7.96e-04,31.37
4,0.000792,0.000979,6.58e-04,31.15
5,0.000697,0.000964,5.05e-04,32.59
6,0.000633,0.001172,3.52e-04,30.99
7,0.000583,0.000972,2.14e-04,31.46
8,0.000546,0.001059,1.05e-04,31.12
9,0.000520,0.000974,3.42e-05,31.12
10,0.000506,0.001027,1.00e-03,33.25
