epoch,train_loss,val_loss,lr,time
1,0.002534,0.002271,9.76e-04,33.98
2,0.001170,0.001612,9.05e-04,32.76
3,0.000939,0.001378,7.96e-04,34.06
4,0.000817,0.001669,6.58e-04,33.09
5,0.000731,0.001225,5.05e-04,31.87
6,0.000662,0.001249,3.52e-04,32.48
7,0.000610,0.001848,2.14e-04,33.62
8,0.000571,0.001412,1.05e-04,31.33
9,0.000545,0.001714,3.42e-05,31.59
10,0.000529,0.001467,1.00e-03,30.96
11,0.000655,0.001888,9.76e-04,30.51
