epoch,train_loss,val_loss,lr,time
1,0.001081,0.015751,9.76e-04,123.89
2,0.000293,0.017157,9.05e-04,124.03
3,0.000183,0.019075,7.96e-04,123.07
4,0.000124,0.016876,6.58e-04,124.22
5,0.000085,0.017870,5.05e-04,124.25
6,0.000062,0.016320,3.52e-04,123.82
7,0.000046,0.017464,2.14e-04,122.91
8,0.000037,0.017173,1.05e-04,123.70
9,0.000031,0.015973,3.42e-05,124.11
10,0.000028,0.016272,1.00e-03,123.95
11,0.000109,0.016289,9.76e-04,124.20
