epoch,train_loss,val_loss,lr,time
1,0.891404,2.560331,1.00e-03,66.16
2,0.630688,2.513843,9.76e-04,64.64
3,0.563878,2.549562,9.05e-04,86.50
4,0.526561,2.577918,7.96e-04,95.01
5,0.499294,2.544374,6.58e-04,96.10
6,0.476951,2.541099,5.05e-04,96.16
7,0.459386,2.524017,3.52e-04,96.19
8,0.443708,2.537953,2.14e-04,96.11
9,0.431757,2.541864,1.05e-04,96.35
10,0.422417,2.553779,3.42e-05,96.66
11,0.416969,2.541109,1.00e-03,96.53
12,0.470576,2.559476,9.76e-04,96.18
