level,signed_bias,steady_plateau_bias,mae,rmse
lv0,0.012675571009620197,0.011049953961951865,0.03430206970208221,0.04797626721362273
lv4,-0.009167214195864895,-0.010235716836177744,0.04772905819118023,0.06153187248855829
lv7,-0.05136988412899276,-0.05423809964365015,0.08471964827428262,0.10141692372659843
