epoch,train_loss,val_loss,lr,time
1,0.002505,0.003067,9.76e-04,85.70
2,0.001256,0.002505,9.05e-04,86.34
3,0.001032,0.003189,7.96e-04,84.92
4,0.000892,0.002316,6.58e-04,85.48
5,0.000794,0.003069,5.05e-04,85.03
6,0.000714,0.003292,3.52e-04,85.50
7,0.000651,0.002825,2.14e-04,64.09
8,0.000610,0.003652,1.05e-04,57.91
9,0.000581,0.003403,3.42e-05,57.26
10,0.000564,0.003471,1.00e-03,59.57
