epoch,train_loss,val_loss,lr,time
1,2.753147,3.287169,1.00e-03,28.49
2,2.594141,3.318477,9.76e-04,27.79
3,2.560240,3.325838,9.05e-04,28.04
4,2.541073,3.321207,7.96e-04,27.41
5,2.528472,3.335740,6.58e-04,27.80
6,2.519819,3.320031,5.05e-04,27.47
7,2.513865,3.308163,3.52e-04,28.01
8,2.510006,3.314495,2.14e-04,27.51
9,2.507594,3.310772,1.05e-04,27.94
10,2.506283,3.309211,3.42e-05,27.43
11,2.505700,3.308698,1.00e-03,27.86
