epoch,train_loss,val_loss,lr,time
1,0.004588,0.016424,9.76e-04,296.06
2,0.003890,0.015973,9.05e-04,297.49
3,0.003780,0.016184,7.96e-04,296.58
4,0.003719,0.016132,6.58e-04,297.38
5,0.003678,0.016358,5.05e-04,296.26
6,0.003648,0.016271,3.52e-04,295.08
7,0.003625,0.016381,2.14e-04,296.51
8,0.003608,0.016620,1.05e-04,295.11
9,0.003597,0.016428,3.42e-05,295.93
10,0.003590,0.016263,1.00e-03,294.05
11,0.003663,0.016150,9.76e-04,293.99
12,0.003638,0.016029,9.05e-04,280.18
