epoch,train_loss,val_loss,lr,time
1,0.002521,0.002759,9.76e-04,34.73
2,0.001199,0.002648,9.05e-04,30.38
3,0.000967,0.003536,7.96e-04,30.41
4,0.000833,0.003788,6.58e-04,33.77
5,0.000733,0.003524,5.05e-04,33.30
6,0.000666,0.002730,3.52e-04,31.95
7,0.000607,0.002723,2.14e-04,33.43
8,0.000569,0.002872,1.05e-04,33.96
