epoch,train_loss,val_loss,lr,time
1,0.002419,0.001934,9.76e-04,34.68
2,0.001267,0.001830,9.05e-04,33.02
3,0.001018,0.001526,7.96e-04,32.43
4,0.000865,0.001588,6.58e-04,33.05
5,0.000745,0.002211,5.05e-04,32.94
6,0.000672,0.001467,3.52e-04,29.77
7,0.000606,0.001408,2.14e-04,30.02
8,0.000565,0.001435,1.05e-04,30.04
9,0.000539,0.001488,3.42e-05,31.80
10,0.000519,0.001499,1.00e-03,32.42
11,0.000653,0.001574,9.76e-04,32.83
12,0.000581,0.001659,9.05e-04,32.80
13,0.000536,0.001840,7.96e-04,30.10
