epoch,train_loss,val_loss,lr,time
1,0.002451,0.004293,7.81e-04,237.24
2,0.000569,0.001905,7.25e-04,222.68
3,0.000317,0.003314,6.37e-04,218.96
4,0.000207,0.003471,5.27e-04,218.57
5,0.000148,0.003375,4.05e-04,217.99
6,0.000114,0.004284,2.83e-04,165.76
7,0.000085,0.003306,1.73e-04,135.41
8,0.000068,0.004050,8.54e-05,124.25
9,0.000058,0.003802,2.93e-05,116.97
10,0.000052,0.004036,8.00e-04,123.28
11,0.000143,0.002991,7.81e-04,129.98
12,0.000103,0.003993,7.25e-04,134.27
