epoch,train_loss,val_loss,lr,time
1,0.001079,0.016791,9.76e-04,302.91
2,0.000405,0.016489,9.05e-04,325.96
3,0.000294,0.017020,7.96e-04,325.62
4,0.000231,0.016653,6.58e-04,324.82
5,0.000193,0.016953,5.05e-04,325.47
6,0.000165,0.016836,3.52e-04,325.86
7,0.000144,0.016624,2.14e-04,325.88
8,0.000128,0.016605,1.05e-04,324.85
9,0.000118,0.016818,3.42e-05,325.13
10,0.000112,0.016731,1.00e-03,324.59
11,0.000176,0.016811,9.76e-04,325.39
12,0.000153,0.016391,9.05e-04,308.79
