epoch,train_loss,val_loss,lr,time
1,0.000068,0.000182,9.76e-04,301.63
2,0.000032,0.000065,9.05e-04,303.31
3,0.000029,0.000084,7.96e-04,303.51
4,0.000026,0.000105,6.58e-04,303.04
5,0.000023,0.000101,5.05e-04,303.72
6,0.000021,0.000098,3.52e-04,303.78
7,0.000019,0.000084,2.14e-04,303.90
8,0.000017,0.000105,1.05e-04,304.16
9,0.000016,0.000095,3.42e-05,304.41
10,0.000016,0.000098,1.00e-03,304.58
11,0.000020,0.000095,9.76e-04,304.89
12,0.000019,0.000082,9.05e-04,297.34
