epoch,train_loss,val_loss,lr,time
1,2.287648,10.038564,5.00e-04,46.16
2,1.286621,10.077840,4.88e-04,57.61
3,1.167689,10.127290,4.53e-04,64.28
4,1.099192,10.052576,3.99e-04,47.55
5,1.057699,10.112573,3.31e-04,58.83
6,1.027001,10.070517,2.55e-04,59.62
7,1.004199,10.131364,1.79e-04,58.40
8,0.985819,10.069023,1.11e-04,55.05
9,0.972402,10.079570,5.68e-05,47.66
10,0.961156,10.118105,2.20e-05,54.83
11,0.956416,10.089984,5.00e-04,48.52
