epoch,train_loss,val_loss,lr,time
1,0.855284,2.282874,1.00e-03,99.83
2,0.598561,2.376654,9.76e-04,96.96
3,0.532842,2.432917,9.05e-04,96.56
4,0.495106,2.411067,7.96e-04,96.71
5,0.466398,2.354660,6.58e-04,96.66
6,0.444199,2.358514,5.05e-04,96.70
7,0.426633,2.408636,3.52e-04,96.61
8,0.411863,2.382974,2.14e-04,96.52
9,0.398771,2.395120,1.05e-04,96.80
10,0.390714,2.376159,3.42e-05,96.34
11,0.385409,2.379304,1.00e-03,96.60
