epoch,train_loss,val_loss,lr,time
1,0.002928,0.002954,9.76e-04,35.57
2,0.001212,0.001652,9.05e-04,32.28
3,0.000968,0.002456,7.96e-04,33.72
4,0.000823,0.001355,6.58e-04,31.27
5,0.000722,0.001580,5.05e-04,34.85
6,0.000649,0.001532,3.52e-04,32.58
7,0.000593,0.001187,2.14e-04,34.21
8,0.000548,0.001472,1.05e-04,32.13
9,0.000522,0.001432,3.42e-05,31.17
10,0.000504,0.001482,1.00e-03,32.65
11,0.000631,0.002998,9.76e-04,34.30
12,0.000572,0.001471,9.05e-04,34.90
13,0.000515,0.001392,7.96e-04,31.44
