epoch,train_loss,val_loss,lr,time
1,0.001240,0.001286,9.76e-04,375.56
2,0.000471,0.003933,9.05e-04,377.36
3,0.000345,0.004004,7.96e-04,369.94
4,0.000273,0.003251,6.58e-04,373.23
5,0.000227,0.003707,5.05e-04,264.54
6,0.000192,0.003584,3.52e-04,247.44
7,0.000166,0.003022,2.14e-04,218.93
8,0.000147,0.003655,1.05e-04,204.88
9,0.000134,0.003160,3.42e-05,234.75
10,0.000127,0.003202,1.00e-03,269.80
11,0.000210,0.003234,9.76e-04,269.82
