epoch,train_loss,val_loss,lr,time
1,0.914728,2.660169,1.00e-03,51.27
2,0.642821,2.767158,9.76e-04,47.18
3,0.580899,2.675113,9.05e-04,44.14
4,0.544050,2.746988,7.96e-04,40.78
5,0.519360,2.694279,6.58e-04,48.58
6,0.499552,2.711714,5.05e-04,46.43
7,0.483710,2.842641,3.52e-04,34.92
8,0.469843,2.773684,2.14e-04,30.71
9,0.459123,2.804529,1.05e-04,43.25
10,0.451438,2.763334,3.42e-05,37.81
11,0.447380,2.800564,1.00e-03,30.11
