epoch,train_loss,val_loss,lr,time
1,0.003994,0.004300,9.76e-04,122.16
2,0.001413,0.002758,9.05e-04,122.03
3,0.001044,0.002748,7.96e-04,121.84
4,0.000909,0.002391,6.58e-04,122.03
5,0.000817,0.002790,5.05e-04,122.07
6,0.000740,0.002384,3.52e-04,122.23
7,0.000694,0.002476,2.14e-04,122.70
8,0.000657,0.002443,1.05e-04,121.99
9,0.000631,0.002415,3.42e-05,121.91
10,0.000618,0.002330,1.00e-03,120.98
