epoch,train_loss,val_loss,lr,time
1,0.002287,0.002054,9.76e-04,32.22
2,0.001219,0.002037,9.05e-04,32.03
3,0.000983,0.002003,7.96e-04,32.19
4,0.000831,0.002262,6.58e-04,35.23
5,0.000713,0.001799,5.05e-04,35.62
6,0.000632,0.001752,3.52e-04,31.51
7,0.000573,0.002059,2.14e-04,31.79
8,0.000530,0.002014,1.05e-04,31.79
9,0.000502,0.002070,3.42e-05,31.82
10,0.000486,0.001943,1.00e-03,35.82
11,0.000611,0.002266,9.76e-04,31.61
