epoch,train_loss,val_loss,lr,time
1,0.001391,0.015953,9.76e-04,239.17
2,0.000518,0.016079,9.05e-04,237.87
3,0.000395,0.015968,7.96e-04,237.42
4,0.000319,0.016557,6.58e-04,238.87
5,0.000274,0.016293,5.05e-04,238.00
6,0.000241,0.016453,3.52e-04,237.60
7,0.000218,0.016423,2.14e-04,238.63
8,0.000200,0.016195,1.05e-04,236.97
9,0.000189,0.016381,3.42e-05,237.56
10,0.000182,0.016284,1.00e-03,235.87
11,0.000254,0.016117,9.76e-04,171.84
