epoch,train_loss,val_loss,lr,time
1,0.011371,0.002909,9.76e-04,31.46
2,0.004930,0.002170,9.05e-04,30.23
3,0.004026,0.002391,7.96e-04,31.40
4,0.003641,0.001716,6.58e-04,31.99
5,0.003450,0.002554,5.05e-04,32.05
6,0.003322,0.001430,3.52e-04,32.07
7,0.003212,0.001478,2.14e-04,31.91
8,0.003132,0.002596,1.05e-04,31.92
9,0.003101,0.001364,3.42e-05,29.87
10,0.003060,0.001760,1.00e-03,31.98
11,0.003261,0.002328,9.76e-04,31.23
12,0.003172,0.001807,9.05e-04,29.36
