exp_name,label,n_folds,test_mae_mean,test_rmse_mean,n_params,host_latency_ms_mean,delta_mae_vs_baseline,delta_rmse_vs_baseline
exp_NA_A10_B7_no_priors3fold_screen_noassist,Remove cadence + speed prior,8,0.05505313631147146,0.0785367963835597,25937,1.6342374999999998,-0.00037014298141002655,-0.0003116745501756668
exp_NA_A10_B0_baseline3fold_screen_noassist,Baseline,8,0.05542327929288149,0.07884847093373537,26401,1.684375,0.0,0.0
exp_NA_A10_B5_no_cadence3fold_screen_noassist,Remove cadence,8,0.057061083149164915,0.08069357322528958,26305,1.695675,0.0016378038562834263,0.0018451022915542126
exp_NA_A10_B4_no_acc_h_mag3fold_screen_noassist,Remove acc magnitude,8,0.05748437624424696,0.08077601389959455,26305,1.7056875,0.002061096951365471,0.0019275429658591747
exp_NA_A10_B3_hip_angvel_instead3fold_screen_noassist,Use hip angular velocity,8,0.057496678084135056,0.08100351085886359,26401,1.7143875,0.0020733987912535667,0.0021550399251282215
exp_NA_A10_B1_no_tilt_calib3fold_screen_noassist,Remove tilt calibration,8,0.05874322494491935,0.08363669831305742,25825,1.706925,0.003319945652037859,0.004788227379322052
exp_NA_A10_B6_no_speed_anchor3fold_screen_noassist,Remove cadence-based speed,8,0.06392564903944731,0.08843956515192986,26305,1.6885374999999998,0.008502369746565819,0.009591094218194485
exp_NA_A10_B2_nohiplinvel3fold_screen_noassist,Remove hip linear velocity,8,0.06912909867241979,0.09481887705624104,25937,1.6394250000000001,0.013705819379538298,0.015970406122505665
