exp_name,label,n_folds,test_mae_mean,test_rmse_mean,n_params,host_latency_ms_mean,delta_mae_vs_baseline,delta_rmse_vs_baseline
exp_NA_A12_P0_baseline18_3fold_screen_noassist,Baseline,3,0.041796308010816574,0.06331183016300201,26401,1.733666666666667,0.0,0.0
exp_NA_A12_P1_drop_gyro_hxy16_3fold_screen_noassist,Drop gyro x/y,3,0.047468128303686775,0.06706761444608371,25937,1.6410333333333333,0.005671820292870201,0.003755784283081695
exp_NA_A12_P3_drop_vel_branch15_3fold_screen_noassist,Drop velocity branch,3,0.04938754811882973,0.07155769566694896,26113,1.6884,0.007591240108013153,0.008245865503946945
exp_NA_A12_P2_drop_vel_xy16_3fold_screen_noassist,Drop vel x/y,3,0.050126386185487114,0.0694478911658128,25937,1.6063333333333334,0.00833007817467054,0.0061360610028107915
exp_NA_A12_P5_drop_low_inertial12_3fold_screen_noassist,Drop low-FI inertial block,3,0.05050224935015043,0.07263931756218274,25825,1.7294666666666665,0.008705941339333854,0.009327487399180726
exp_NA_A12_P4_drop_acc_hy17_3fold_screen_noassist,Drop acc y,3,0.052472626169522606,0.07476649557550748,26305,1.6888666666666665,0.010676318158706032,0.011454665412505463
