exp_name,label,n_folds,test_mae_mean,test_rmse_mean,n_params,host_latency_ms_mean,delta_mae_vs_baseline,delta_rmse_vs_baseline
exp_NA_A13_C0_baseline18_3fold_screen_noassist,Baseline,3,0.04152976845701536,0.06123485912879308,26401,1.6926666666666668,0.0,0.0
exp_NA_A13_C4_speed_anchor_only17_3fold_screen_noassist,Speed anchor only,3,0.04550923903783163,0.0677886704603831,26305,1.7497666666666667,0.003979470580816269,0.006553811331590019
exp_NA_A13_C5_cadence_only17_3fold_screen_noassist,Cadence only,3,0.04658340414365133,0.06894323974847794,26305,1.7284333333333333,0.005053635686635971,0.007708380619684853
exp_NA_A13_C2_no_vel_h_mag17_3fold_screen_noassist,Remove vel magnitude,3,0.047064702957868576,0.06836325923601787,26305,1.7045666666666666,0.005534934500853218,0.007128400107224785
exp_NA_A13_C1_no_rollpitch_input16_3fold_screen_noassist,Remove roll/pitch input,3,0.05270026624202728,0.07676675419012706,25937,1.6255333333333333,0.011170497785011925,0.015531895061333977
exp_NA_A13_C3_no_mag_features16_3fold_screen_noassist,Remove mag features,3,0.053444998959700264,0.07504616181055705,25937,1.6633000000000002,0.011915230502684906,0.01381130268176397
