epoch,train_loss,val_loss,lr,time
1,1.698242,10.146729,1.00e-03,57.43
2,1.025962,10.115354,9.76e-04,48.53
3,0.939845,10.269555,9.05e-04,54.65
4,0.891810,10.190295,7.96e-04,53.14
5,0.857788,10.222665,6.58e-04,45.14
6,0.831452,10.187910,5.05e-04,50.44
7,0.807376,10.185053,3.52e-04,48.07
8,0.791465,10.144998,2.14e-04,54.02
9,0.776436,10.191517,1.05e-04,51.24
10,0.764908,10.159219,3.42e-05,48.30
11,0.760417,10.143503,1.00e-03,54.59
12,0.819968,10.163088,9.76e-04,52.35
