epoch,train_loss,val_loss,lr,time
1,0.017918,0.005294,9.76e-04,30.75
2,0.006290,0.004210,9.05e-04,31.81
3,0.005499,0.003795,7.96e-04,29.16
4,0.005108,0.003585,6.58e-04,30.59
5,0.004847,0.003093,5.05e-04,28.98
6,0.004731,0.003192,3.52e-04,31.43
7,0.004589,0.003008,2.14e-04,31.72
8,0.004506,0.003282,1.05e-04,31.22
9,0.004470,0.003199,3.42e-05,31.11
10,0.004453,0.003340,1.00e-03,28.78
11,0.004585,0.003333,9.76e-04,29.00
