level,signed_bias,steady_plateau_bias,mae,rmse
lv0,-0.0020422626855886644,-0.0029575466534071085,0.014456274712251293,0.01921861142747932
lv4,-0.00027044498953425017,-0.002027592786665385,0.01339938553671042,0.018181049420187872
lv7,-6.828355011142169e-05,-0.001786783531618615,0.013938423711806536,0.018977548461407423
