epoch,train_loss,val_loss,lr,time
1,0.996875,2.826346,1.00e-03,58.96
2,0.737461,2.802051,9.76e-04,57.46
3,0.671232,2.891069,9.05e-04,57.95
4,0.632454,2.878754,7.96e-04,57.68
5,0.604474,2.921434,6.58e-04,57.12
6,0.583208,2.857424,5.05e-04,58.14
7,0.566073,2.890775,3.52e-04,58.22
8,0.553118,2.915031,2.14e-04,57.33
9,0.541358,2.904810,1.05e-04,56.55
10,0.533767,2.913868,3.42e-05,55.47
11,0.529599,2.918931,1.00e-03,55.24
12,0.569611,2.928959,9.76e-04,54.86
