level,signed_bias,steady_plateau_bias,mae,rmse
lv0,-0.0013329413486644626,-0.0018193258632284899,0.03138124466770225,0.04700367980533176
lv4,-0.026437567314133048,-0.027301407205717016,0.04442146699875593,0.06109023311485847
lv7,-0.054696801312578223,-0.05599319457542151,0.06744227713594834,0.08445492635170619
