epoch,train_loss,val_loss,lr,time
1,0.002382,0.010566,9.76e-04,35.61
2,0.001079,0.010733,9.05e-04,32.41
3,0.000886,0.012148,7.96e-04,32.49
4,0.000774,0.013003,6.58e-04,35.86
5,0.000689,0.009032,5.05e-04,32.55
6,0.000630,0.010856,3.52e-04,32.52
7,0.000583,0.010574,2.14e-04,32.53
8,0.000540,0.010539,1.05e-04,35.88
9,0.000516,0.010335,3.42e-05,31.99
10,0.000503,0.010247,1.00e-03,32.10
11,0.000615,0.010792,9.76e-04,32.10
