epoch,train_loss,val_loss,lr,time
1,0.001191,0.019991,9.76e-04,122.02
2,0.000316,0.016308,9.05e-04,123.34
3,0.000194,0.019303,7.96e-04,122.70
4,0.000126,0.020103,6.58e-04,121.16
5,0.000089,0.019212,5.05e-04,121.45
6,0.000064,0.018977,3.52e-04,121.65
7,0.000048,0.019612,2.14e-04,121.37
8,0.000036,0.019737,1.05e-04,121.05
9,0.000030,0.019736,3.42e-05,121.44
10,0.000027,0.019498,1.00e-03,121.32
11,0.000109,0.019668,9.76e-04,121.50
12,0.000071,0.019618,9.05e-04,121.64
