level,signed_bias,steady_plateau_bias,mae,rmse
lv0,-0.0005741086917825871,-0.0006117755159114798,0.02752025332301855,0.0381565462383959
lv4,-0.030918120367762942,-0.031122191867325455,0.048049520080288254,0.06259037150690953
lv7,-0.06730073686533918,-0.06957188229231785,0.08378212650616963,0.10359234052399795
