epoch,train_loss,val_loss,lr,time
1,0.002631,0.001697,9.76e-04,30.64
2,0.001348,0.001715,9.05e-04,33.93
3,0.001112,0.001811,7.96e-04,30.53
4,0.000957,0.001739,6.58e-04,31.06
5,0.000849,0.001567,5.05e-04,30.49
6,0.000764,0.001478,3.52e-04,30.59
7,0.000709,0.001524,2.14e-04,30.55
8,0.000662,0.001545,1.05e-04,32.93
9,0.000634,0.001544,3.42e-05,32.74
10,0.000613,0.001542,1.00e-03,33.04
11,0.000754,0.001693,9.76e-04,33.15
