level,signed_bias,steady_plateau_bias,mae,rmse
lv0,-0.005263533055161436,-0.004912623582640663,0.017830804611245792,0.022852702480223443
lv4,-0.004900417635023284,-0.004602786041990233,0.015479234357674917,0.01983872490624587
lv7,-0.008011443928504983,-0.007800686561192076,0.01639236742630601,0.02099901841332515
