epoch,train_loss,val_loss,lr,time
1,0.001163,0.016415,9.76e-04,300.59
2,0.000463,0.016493,9.05e-04,301.35
3,0.000362,0.018808,7.96e-04,301.06
4,0.000306,0.017652,6.58e-04,301.33
5,0.000265,0.017546,5.05e-04,300.83
6,0.000233,0.017077,3.52e-04,301.52
7,0.000210,0.016697,2.14e-04,300.68
8,0.000193,0.016735,1.05e-04,301.35
9,0.000181,0.016901,3.42e-05,300.74
10,0.000174,0.016945,1.00e-03,300.83
11,0.000250,0.016505,9.76e-04,298.10
