epoch,train_loss,val_loss,lr,time
1,0.001093,0.016135,9.76e-04,303.83
2,0.000416,0.015832,9.05e-04,303.56
3,0.000319,0.016133,7.96e-04,220.53
4,0.000262,0.016517,6.58e-04,200.67
5,0.000222,0.016291,5.05e-04,202.39
6,0.000195,0.016428,3.52e-04,202.27
7,0.000173,0.016110,2.14e-04,202.56
8,0.000157,0.017051,1.05e-04,200.71
9,0.000146,0.016680,3.42e-05,144.10
10,0.000140,0.016588,1.00e-03,104.88
11,0.000204,0.015991,9.76e-04,105.55
12,0.000197,0.015873,9.05e-04,99.48
