epoch,train_loss,val_loss,lr,time
1,0.000080,0.000056,9.76e-04,336.04
2,0.000031,0.000046,9.05e-04,334.29
3,0.000029,0.000055,7.96e-04,334.17
4,0.000025,0.000067,6.58e-04,333.84
5,0.000022,0.000064,5.05e-04,333.78
6,0.000019,0.000067,3.52e-04,333.77
7,0.000017,0.000068,2.14e-04,333.84
8,0.000015,0.000068,1.05e-04,333.24
9,0.000014,0.000065,3.42e-05,333.05
10,0.000013,0.000065,1.00e-03,333.39
11,0.000018,0.000068,9.76e-04,285.45
