epoch,train_loss,val_loss,lr,time
1,0.000093,0.000070,9.76e-04,294.27
2,0.000033,0.000064,9.05e-04,303.40
3,0.000029,0.000104,7.96e-04,302.35
4,0.000025,0.000095,6.58e-04,301.70
5,0.000023,0.000081,5.05e-04,301.11
6,0.000021,0.000085,3.52e-04,301.52
7,0.000019,0.000095,2.14e-04,301.18
8,0.000017,0.000097,1.05e-04,301.16
9,0.000016,0.000091,3.42e-05,300.86
10,0.000016,0.000090,1.00e-03,300.77
11,0.000020,0.000085,9.76e-04,300.81
