epoch,train_loss,val_loss,lr,time
1,0.000844,0.000608,9.76e-04,112.89
2,0.000217,0.000417,9.05e-04,110.39
3,0.000140,0.000630,7.96e-04,115.24
4,0.000103,0.000568,6.58e-04,112.61
5,0.000075,0.000744,5.05e-04,107.91
6,0.000056,0.000756,3.52e-04,109.77
7,0.000042,0.000627,2.14e-04,116.65
8,0.000033,0.000581,1.05e-04,113.69
9,0.000027,0.000669,3.42e-05,112.58
10,0.000024,0.000657,1.00e-03,107.45
11,0.000094,0.000629,9.76e-04,116.59
12,0.000056,0.000690,9.05e-04,105.49
