epoch,train_loss,val_loss,lr,time
1,0.002932,0.002640,9.76e-04,35.59
2,0.001221,0.001529,9.05e-04,30.60
3,0.000972,0.001992,7.96e-04,30.73
4,0.000827,0.001294,6.58e-04,30.68
5,0.000726,0.001508,5.05e-04,31.30
6,0.000656,0.001462,3.52e-04,31.24
7,0.000598,0.001224,2.14e-04,34.23
8,0.000555,0.001505,1.05e-04,34.24
9,0.000528,0.001455,3.42e-05,31.20
10,0.000510,0.001407,1.00e-03,30.98
