epoch,train_loss,val_loss,lr,time
1,0.835661,2.342348,1.00e-03,99.90
2,0.583018,2.394811,9.76e-04,97.86
3,0.521992,2.369705,9.05e-04,97.75
4,0.484384,2.452125,7.96e-04,97.23
5,0.459179,2.416867,6.58e-04,96.63
6,0.438503,2.447368,5.05e-04,96.82
7,0.421521,2.461181,3.52e-04,98.12
8,0.408217,2.468816,2.14e-04,97.90
9,0.396396,2.477274,1.05e-04,97.89
10,0.388387,2.489021,3.42e-05,97.82
11,0.382912,2.483562,1.00e-03,80.03
