epoch,train_loss,val_loss,lr,time
1,0.024634,0.019863,1.00e-03,732.36
2,0.020751,0.020250,9.76e-04,706.13
3,0.020279,0.019499,9.05e-04,650.49
