epoch,train_loss,val_loss,lr,time
1,0.000900,0.015786,9.76e-04,121.24
2,0.000259,0.015704,9.05e-04,120.45
3,0.000170,0.017015,7.96e-04,120.00
4,0.000120,0.016443,6.58e-04,120.23
5,0.000083,0.018663,5.05e-04,120.30
6,0.000060,0.018224,3.52e-04,120.33
7,0.000045,0.018486,2.14e-04,120.18
8,0.000034,0.017835,1.05e-04,120.17
9,0.000027,0.018020,3.42e-05,120.25
10,0.000024,0.018003,1.00e-03,120.22
11,0.000089,0.016156,9.76e-04,120.37
