epoch,train_loss,val_loss,lr,time
1,0.000763,0.014853,9.76e-04,120.27
2,0.000205,0.014910,9.05e-04,120.72
3,0.000134,0.014811,7.96e-04,121.11
4,0.000087,0.014802,6.58e-04,119.38
5,0.000057,0.014799,5.05e-04,120.93
6,0.000040,0.014793,3.52e-04,121.16
7,0.000028,0.014785,2.14e-04,120.88
8,0.000020,0.014799,1.05e-04,120.17
9,0.000015,0.014791,3.42e-05,120.78
10,0.000013,0.014809,1.00e-03,120.54
11,0.000060,0.014762,9.76e-04,120.60
