epoch,train_loss,val_loss,lr,time
1,0.002368,0.005129,9.76e-04,34.95
2,0.001195,0.004062,9.05e-04,33.95
3,0.000977,0.002992,7.96e-04,30.79
4,0.000834,0.003252,6.58e-04,32.33
5,0.000736,0.003400,5.05e-04,29.99
6,0.000655,0.004187,3.52e-04,31.02
7,0.000603,0.003632,2.14e-04,32.08
8,0.000566,0.003134,1.05e-04,34.32
9,0.000533,0.003427,3.42e-05,30.94
