epoch,train_loss,val_loss,lr,time
1,0.000911,0.015584,9.76e-04,119.90
2,0.000251,0.016073,9.05e-04,121.05
3,0.000168,0.018348,7.96e-04,121.18
4,0.000119,0.019562,6.58e-04,121.81
5,0.000085,0.017717,5.05e-04,121.00
6,0.000062,0.017503,3.52e-04,121.15
7,0.000045,0.017222,2.14e-04,120.40
8,0.000034,0.018055,1.05e-04,121.04
9,0.000028,0.017973,3.42e-05,120.70
10,0.000024,0.017826,1.00e-03,121.24
11,0.000085,0.016241,9.76e-04,119.91
