epoch,train_loss,val_loss,lr,time
1,0.001353,0.016012,9.76e-04,177.63
2,0.000518,0.016817,9.05e-04,221.70
3,0.000387,0.017375,7.96e-04,283.37
4,0.000319,0.016307,6.58e-04,285.32
5,0.000275,0.016430,5.05e-04,285.72
6,0.000240,0.016351,3.52e-04,226.08
7,0.000216,0.016669,2.14e-04,191.95
8,0.000199,0.016738,1.05e-04,192.50
9,0.000187,0.016716,3.42e-05,192.30
10,0.000180,0.016617,1.00e-03,190.70
11,0.000255,0.016215,9.76e-04,284.37
