epoch,train_loss,val_loss,lr,time
1,0.000914,0.015972,9.76e-04,119.95
2,0.000251,0.015479,9.05e-04,119.98
3,0.000166,0.015733,7.96e-04,120.10
4,0.000113,0.015657,6.58e-04,119.94
5,0.000077,0.015842,5.05e-04,121.42
6,0.000055,0.015525,3.52e-04,119.91
7,0.000041,0.015629,2.14e-04,119.50
8,0.000030,0.015753,1.05e-04,119.91
9,0.000024,0.015714,3.42e-05,119.75
10,0.000021,0.015766,1.00e-03,120.64
11,0.000088,0.016180,9.76e-04,120.13
12,0.000057,0.015632,9.05e-04,121.66
