level,signed_bias,steady_plateau_bias,mae,rmse
lv0,-0.011615899443212483,-0.013058786487413777,0.03266404755413532,0.04852900612685415
lv4,-0.04875717172399163,-0.05023999186232686,0.059341211803257465,0.07883060599366824
lv7,-0.0845645881878833,-0.08771504291022818,0.09370610614617665,0.11435698717832565
