epoch,train_loss,val_loss,lr,time
1,2.720058,9.638421,1.00e-03,57.99
2,1.978266,9.807444,9.76e-04,52.84
3,1.868439,9.670626,9.05e-04,48.88
4,1.818770,9.894979,7.96e-04,46.05
5,1.782382,9.756904,6.58e-04,58.50
6,1.756695,9.764033,5.05e-04,50.79
7,1.731205,9.803447,3.52e-04,57.36
8,1.714645,9.772655,2.14e-04,51.87
9,1.699583,9.864747,1.05e-04,50.59
10,1.688963,9.819267,3.42e-05,56.75
11,1.685582,9.801325,1.00e-03,61.87
