epoch,train_loss,val_loss,lr,time
1,0.004329,0.002882,1.00e-03,178.86
2,0.002458,0.000842,9.76e-04,171.26
3,0.002344,0.002156,9.05e-04,171.06
4,0.002270,0.002618,7.96e-04,171.03
5,0.002233,0.001044,6.58e-04,172.67
6,0.002187,0.002064,5.05e-04,171.50
7,0.002141,0.002704,3.52e-04,171.32
8,0.002118,0.000920,2.14e-04,175.41
9,0.002090,0.001118,1.05e-04,173.55
10,0.002070,0.001672,3.42e-05,167.68
11,0.002066,0.001483,1.00e-03,167.18
12,0.002156,0.001406,9.76e-04,167.14
