epoch,train_loss,val_loss,lr,time
1,0.002558,0.001476,9.76e-04,33.72
2,0.001162,0.001544,9.05e-04,30.57
3,0.000957,0.001589,7.96e-04,34.49
4,0.000831,0.001451,6.58e-04,31.15
5,0.000733,0.001319,5.05e-04,30.92
6,0.000663,0.001214,3.52e-04,34.52
7,0.000611,0.001241,2.14e-04,30.46
8,0.000572,0.001282,1.05e-04,30.87
9,0.000546,0.001244,3.42e-05,30.79
10,0.000529,0.001249,1.00e-03,34.30
11,0.000646,0.001175,9.76e-04,33.93
12,0.000591,0.001261,9.05e-04,30.79
