epoch,train_loss,val_loss,lr,time
1,0.001292,0.016247,9.76e-04,230.47
2,0.000565,0.016517,9.05e-04,229.76
3,0.000443,0.016255,7.96e-04,297.83
4,0.000370,0.018216,6.58e-04,294.97
5,0.000320,0.017708,5.05e-04,297.43
6,0.000285,0.018814,3.52e-04,297.69
7,0.000258,0.017686,2.14e-04,297.56
8,0.000237,0.016822,1.05e-04,297.37
9,0.000223,0.017040,3.42e-05,297.37
10,0.000214,0.016839,1.00e-03,297.30
11,0.000298,0.017291,9.76e-04,297.57
