epoch,train_loss,val_loss,lr,time
1,0.923366,2.056934,1.00e-03,63.71
2,0.642786,2.140588,9.76e-04,62.70
3,0.568749,2.264276,9.05e-04,61.62
4,0.526338,2.175019,7.96e-04,61.83
5,0.497390,2.127234,6.58e-04,62.76
6,0.477205,2.178163,5.05e-04,62.60
7,0.457832,2.140295,3.52e-04,62.83
8,0.440748,2.212642,2.14e-04,62.51
9,0.429131,2.179465,1.05e-04,62.57
10,0.418665,2.193837,3.42e-05,62.30
11,0.413994,2.192446,1.00e-03,62.62
