level,signed_bias,steady_plateau_bias,mae,rmse
lv0,1.1905271094292402e-05,-0.000561892585311499,0.018746173423197534,0.025164574591649905
lv4,-0.00044643052387982607,-0.001389268213339771,0.01670999297251304,0.022838770722349484
lv7,0.0007947515114210546,-0.0006977596785873175,0.017810922892143328,0.024303438762823742
