epoch,train_loss,val_loss,lr,time
1,0.002885,0.002045,9.76e-04,33.84
2,0.001342,0.001788,9.05e-04,29.92
3,0.001062,0.001883,7.96e-04,29.96
4,0.000908,0.001669,6.58e-04,29.59
5,0.000797,0.001923,5.05e-04,29.80
6,0.000717,0.001662,3.52e-04,30.37
7,0.000658,0.001595,2.14e-04,32.91
8,0.000608,0.001630,1.05e-04,32.76
9,0.000581,0.001604,3.42e-05,30.94
10,0.000562,0.001641,1.00e-03,32.89
