epoch,train_loss,val_loss,lr,time
1,0.012773,0.005835,9.76e-04,31.87
2,0.005280,0.005096,9.05e-04,31.08
3,0.004334,0.004852,7.96e-04,30.77
4,0.003970,0.004304,6.58e-04,31.08
5,0.003758,0.003985,5.05e-04,31.08
6,0.003622,0.004652,3.52e-04,31.12
7,0.003533,0.004285,2.14e-04,31.03
8,0.003455,0.004620,1.05e-04,27.93
9,0.003420,0.004318,3.42e-05,28.54
10,0.003404,0.004203,1.00e-03,31.09
11,0.003550,0.005049,9.76e-04,27.92
