epoch,train_loss,val_loss,lr,time
1,0.798865,2.264272,1.00e-03,95.48
2,0.529932,2.303936,9.76e-04,94.54
3,0.468030,2.284556,9.05e-04,94.29
4,0.432439,2.275186,7.96e-04,92.18
5,0.407715,2.286343,6.58e-04,92.96
6,0.389222,2.274228,5.05e-04,94.56
7,0.373231,2.306005,3.52e-04,94.31
8,0.359667,2.281403,2.14e-04,94.50
9,0.348063,2.321658,1.05e-04,94.53
10,0.339837,2.300987,3.42e-05,94.34
11,0.334121,2.296893,1.00e-03,92.18
