epoch,train_loss,val_loss,lr,time
1,0.002274,0.002085,9.76e-04,32.21
2,0.001203,0.001896,9.05e-04,32.02
3,0.000962,0.002222,7.96e-04,32.28
4,0.000816,0.002842,6.58e-04,31.38
5,0.000706,0.002000,5.05e-04,33.22
6,0.000625,0.001881,3.52e-04,31.33
7,0.000565,0.002641,2.14e-04,31.63
8,0.000525,0.002319,1.05e-04,31.64
