epoch,train_loss,val_loss,lr,time
1,0.001132,0.016624,1.00e-03,178.60
2,0.000369,0.016203,9.76e-04,169.76
3,0.000258,0.016123,9.05e-04,169.98
4,0.000199,0.016371,7.96e-04,170.34
5,0.000156,0.016290,6.58e-04,169.37
6,0.000124,0.016678,5.05e-04,169.06
7,0.000098,0.016395,3.52e-04,170.93
8,0.000078,0.016806,2.14e-04,170.47
9,0.000064,0.016437,1.05e-04,170.77
10,0.000054,0.016348,3.42e-05,169.96
11,0.000048,0.016326,1.00e-03,170.59
12,0.000124,0.016439,9.76e-04,169.28
