epoch,train_loss,val_loss,lr,time
1,0.002542,0.002145,9.76e-04,33.87
2,0.001258,0.001460,9.05e-04,29.67
3,0.001001,0.001391,7.96e-04,34.03
4,0.000849,0.001328,6.58e-04,34.08
5,0.000746,0.001231,5.05e-04,30.45
6,0.000668,0.001178,3.52e-04,30.31
7,0.000613,0.001197,2.14e-04,34.03
8,0.000568,0.001207,1.05e-04,30.57
9,0.000541,0.001203,3.42e-05,33.94
10,0.000524,0.001227,1.00e-03,30.64
11,0.000650,0.001231,9.76e-04,31.10
12,0.000589,0.001272,9.05e-04,33.34
