epoch,train_loss,val_loss,lr,time
1,0.001146,0.015792,9.76e-04,205.20
2,0.000378,0.015614,9.05e-04,300.40
3,0.000281,0.015696,7.96e-04,307.69
4,0.000227,0.015941,6.58e-04,307.16
5,0.000192,0.015903,5.05e-04,307.58
6,0.000168,0.016086,3.52e-04,308.46
7,0.000150,0.016097,2.14e-04,307.84
8,0.000137,0.015893,1.05e-04,305.93
9,0.000128,0.016178,3.42e-05,306.42
10,0.000122,0.016121,1.00e-03,306.84
11,0.000174,0.015669,9.76e-04,307.74
12,0.000157,0.016047,9.05e-04,307.89
