level,signed_bias,steady_plateau_bias,mae,rmse
lv0,0.01267894530772335,0.011557046311079629,0.03435766034656101,0.04803758507801427
lv4,-0.03685013662713269,-0.03822166946095725,0.049539632784823574,0.06621275842189789
lv7,-0.08476318512111902,-0.08714385982602835,0.09357766589770715,0.11221638446052869
