epoch,train_loss,val_loss,lr,time
1,0.000805,0.000643,9.76e-04,102.47
2,0.000220,0.000522,9.05e-04,103.94
3,0.000143,0.000746,7.96e-04,103.11
4,0.000108,0.000647,6.58e-04,104.16
5,0.000076,0.000636,5.05e-04,114.73
6,0.000056,0.001319,3.52e-04,121.43
7,0.000044,0.000894,2.14e-04,119.22
8,0.000033,0.001293,1.05e-04,124.75
9,0.000027,0.002109,3.42e-05,114.33
10,0.000024,0.001769,1.00e-03,121.11
11,0.000090,0.001192,9.76e-04,121.25
12,0.000062,0.001535,9.05e-04,103.95
