epoch,train_loss,val_loss,lr,time
1,0.002463,0.002066,9.76e-04,35.93
2,0.001128,0.002149,9.05e-04,32.10
3,0.000919,0.002034,7.96e-04,31.69
4,0.000792,0.001737,6.58e-04,35.38
5,0.000711,0.001633,5.05e-04,32.13
6,0.000645,0.001916,3.52e-04,32.88
7,0.000596,0.001992,2.14e-04,32.18
8,0.000556,0.001887,1.05e-04,32.43
9,0.000533,0.001766,3.42e-05,32.11
10,0.000518,0.001885,1.00e-03,35.70
11,0.000634,0.001687,9.76e-04,35.62
