epoch,train_loss,val_loss,lr,time
1,0.002332,0.001531,9.76e-04,31.87
2,0.001222,0.001381,9.05e-04,34.05
3,0.000961,0.001424,7.96e-04,33.76
4,0.000799,0.001384,6.58e-04,34.01
5,0.000697,0.001115,5.05e-04,33.14
6,0.000620,0.001376,3.52e-04,30.67
7,0.000569,0.001433,2.14e-04,30.62
8,0.000528,0.001352,1.05e-04,34.07
9,0.000502,0.001597,3.42e-05,32.20
10,0.000490,0.001433,1.00e-03,31.60
11,0.000599,0.001326,9.76e-04,30.75
