epoch,train_loss,val_loss,lr,time
1,0.001081,0.020345,9.76e-04,121.14
2,0.000297,0.019035,9.05e-04,121.27
3,0.000185,0.020132,7.96e-04,121.62
4,0.000125,0.019816,6.58e-04,122.45
5,0.000088,0.019930,5.05e-04,120.99
6,0.000068,0.020737,3.52e-04,120.56
7,0.000053,0.020351,2.14e-04,120.76
8,0.000042,0.020072,1.05e-04,120.52
9,0.000033,0.020042,3.42e-05,120.46
10,0.000030,0.020029,1.00e-03,120.62
11,0.000144,0.019451,9.76e-04,120.55
12,0.000079,0.019915,9.05e-04,120.43
