level,signed_bias,steady_plateau_bias,mae,rmse
lv0,-0.011641847073203988,-0.013085848470735881,0.03267292119562626,0.048537816438410014
lv4,-0.048795913656552635,-0.050280623603612185,0.05937281840791305,0.07886338668564956
lv7,-0.08460432104766369,-0.08775691222399473,0.09374293778091669,0.11439395882189274
