epoch,train_loss,val_loss,lr,time
1,2.653887,9.865398,1.00e-03,55.39
2,1.887967,9.910377,9.76e-04,54.94
3,1.783757,9.853644,9.05e-04,58.25
4,1.731534,9.890891,7.96e-04,50.28
5,1.696046,9.859871,6.58e-04,58.12
6,1.673560,10.006874,5.05e-04,57.59
7,1.648931,9.921567,3.52e-04,56.77
8,1.631873,9.907137,2.14e-04,53.84
9,1.618517,9.998980,1.05e-04,55.36
10,1.608338,9.931091,3.42e-05,55.85
11,1.604667,9.961494,1.00e-03,47.26
12,1.647514,9.896130,9.76e-04,54.78
13,1.634803,9.929150,9.05e-04,55.60
