epoch,train_loss,val_loss,lr,time
1,0.002580,0.002023,9.76e-04,34.20
2,0.001302,0.002214,9.05e-04,34.31
3,0.001072,0.001794,7.96e-04,32.86
4,0.000917,0.001854,6.58e-04,33.79
5,0.000816,0.001549,5.05e-04,33.62
6,0.000745,0.001649,3.52e-04,31.94
7,0.000687,0.001534,2.14e-04,34.02
8,0.000644,0.001662,1.05e-04,30.40
9,0.000612,0.001576,3.42e-05,31.30
10,0.000597,0.001548,1.00e-03,34.32
11,0.000736,0.001549,9.76e-04,34.11
