epoch,train_loss,val_loss,lr,time
1,0.002489,0.001623,9.76e-04,33.36
2,0.001220,0.001542,9.05e-04,30.74
3,0.000976,0.001432,7.96e-04,30.57
4,0.000842,0.001475,6.58e-04,32.91
5,0.000743,0.001258,5.05e-04,30.57
6,0.000673,0.001291,3.52e-04,30.39
7,0.000616,0.001392,2.14e-04,34.23
8,0.000576,0.001467,1.05e-04,34.48
9,0.000550,0.001378,3.42e-05,30.49
10,0.000533,0.001408,1.00e-03,34.09
11,0.000656,0.001293,9.76e-04,33.13
