epoch,train_loss,val_loss,lr,time
1,0.002571,0.004330,7.81e-04,222.29
2,0.000703,0.002361,7.25e-04,220.73
3,0.000465,0.003027,6.37e-04,218.23
4,0.000358,0.004946,5.27e-04,219.36
5,0.000295,0.004355,4.05e-04,218.79
6,0.000251,0.003637,2.83e-04,218.78
7,0.000219,0.004180,1.73e-04,216.40
8,0.000197,0.003949,8.54e-05,219.70
9,0.000182,0.003723,2.93e-05,187.78
10,0.000173,0.003904,8.00e-04,121.87
11,0.000273,0.003691,7.81e-04,141.41
12,0.000233,0.002795,7.25e-04,133.54
